2026-01-20 15:53:07,068 - __main__ - INFO - ============================================================
2026-01-20 15:53:07,069 - __main__ - INFO - Starting Batch Indicator Optimization
2026-01-20 15:53:07,069 - __main__ - INFO - ============================================================
2026-01-20 15:53:07,069 - __main__ - INFO - Symbols: whitelist
2026-01-20 15:53:07,069 - __main__ - INFO - Indicators: all
2026-01-20 15:53:07,069 - __main__ - INFO - Processes: 10
2026-01-20 15:53:07,069 - __main__ - INFO - Optuna jobs: 15
2026-01-20 15:53:07,069 - __main__ - INFO - Output dir: notebooks/csvs
2026-01-20 15:53:07,069 - __main__ - INFO - Data dir: data/binance
2026-01-20 15:53:07,069 - __main__ - INFO - ============================================================
2026-01-20 15:53:12,557 - matplotlib.font_manager - INFO - generated new fontManager
2026-01-20 15:53:14,742 - crypto_analysis.vectorbt_optimizer.parallel_runner - INFO - Running optimization for 31 cryptos, 57 indicators
2026-01-20 15:53:14,832 - crypto_analysis.vectorbt_optimizer.parallel_runner - INFO - Processing BTC...
2026-01-20 15:53:14,832 - crypto_analysis.vectorbt_optimizer.parallel_runner - INFO - Processing ETH...
2026-01-20 15:53:14,832 - crypto_analysis.vectorbt_optimizer.parallel_runner - INFO - Processing BNB...
2026-01-20 15:53:14,832 - crypto_analysis.vectorbt_optimizer.parallel_runner - INFO - Processing SOL...
2026-01-20 15:53:14,833 - crypto_analysis.vectorbt_optimizer.parallel_runner - INFO - Processing XRP...
2026-01-20 15:53:14,833 - crypto_analysis.vectorbt_optimizer.parallel_runner - INFO - Processing ADA...
2026-01-20 15:53:14,833 - crypto_analysis.vectorbt_optimizer.parallel_runner - INFO - Processing DOT...
2026-01-20 15:53:14,833 - crypto_analysis.vectorbt_optimizer.parallel_runner - INFO - Processing AVAX...
2026-01-20 15:53:14,833 - crypto_analysis.vectorbt_optimizer.parallel_runner - INFO - Processing MATIC...
2026-01-20 15:53:14,833 - crypto_analysis.vectorbt_optimizer.parallel_runner - INFO - Processing LINK...
2026-01-20 15:53:14,834 - crypto_analysis.vectorbt_optimizer.parallel_runner - ERROR - Data not found for MATIC: Data file not found: data/binance/MATIC_USDT-1h.feather
2026-01-20 15:53:14,835 - crypto_analysis.vectorbt_optimizer.parallel_runner - INFO - Processing ATOM...
2026-01-20 15:53:14,869 - crypto_analysis.vectorbt_optimizer.optimizer - INFO - Optimizing RSI: 12789 combinations
2026-01-20 15:53:14,871 - crypto_analysis.vectorbt_optimizer.optimizer - INFO - Using tpe sampler with 1000 trials
2026-01-20 15:53:14,871 - crypto_analysis.vectorbt_optimizer.optimizer - INFO - Optimizing RSI: 12789 combinations
2026-01-20 15:53:14,871 - crypto_analysis.vectorbt_optimizer.optimizer - INFO - Optimizing RSI: 12789 combinations
2026-01-20 15:53:14,871 - crypto_analysis.vectorbt_optimizer.optimizer - INFO - Optimizing RSI: 12789 combinations
2026-01-20 15:53:14,871 - crypto_analysis.vectorbt_optimizer.optimizer - INFO - Optimizing RSI: 12789 combinations
2026-01-20 15:53:14,871 - crypto_analysis.vectorbt_optimizer.optimizer - INFO - Optimizing RSI: 12789 combinations
2026-01-20 15:53:14,871 - crypto_analysis.vectorbt_optimizer.optimizer - INFO - Optimizing RSI: 12789 combinations
2026-01-20 15:53:14,873 - crypto_analysis.vectorbt_optimizer.optimizer - INFO - Using tpe sampler with 1000 trials
2026-01-20 15:53:14,873 - crypto_analysis.vectorbt_optimizer.optimizer - INFO - Using tpe sampler with 1000 trials
2026-01-20 15:53:14,873 - crypto_analysis.vectorbt_optimizer.optimizer - INFO - Using tpe sampler with 1000 trials
2026-01-20 15:53:14,873 - crypto_analysis.vectorbt_optimizer.optimizer - INFO - Using tpe sampler with 1000 trials
2026-01-20 15:53:14,873 - crypto_analysis.vectorbt_optimizer.optimizer - INFO - Using tpe sampler with 1000 trials
2026-01-20 15:53:14,873 - crypto_analysis.vectorbt_optimizer.optimizer - INFO - Using tpe sampler with 1000 trials
2026-01-20 15:53:14,880 - crypto_analysis.vectorbt_optimizer.optimizer - INFO - Optimizing RSI: 12789 combinations
2026-01-20 15:53:14,882 - crypto_analysis.vectorbt_optimizer.optimizer - INFO - Using tpe sampler with 1000 trials
2026-01-20 15:53:14,885 - crypto_analysis.vectorbt_optimizer.optimizer - INFO - Optimizing RSI: 12789 combinations
2026-01-20 15:53:14,885 - crypto_analysis.vectorbt_optimizer.optimizer - INFO - Optimizing RSI: 12789 combinations
2026-01-20 15:53:14,888 - crypto_analysis.vectorbt_optimizer.optimizer - INFO - Using tpe sampler with 1000 trials
2026-01-20 15:53:14,888 - crypto_analysis.vectorbt_optimizer.optimizer - INFO - Using tpe sampler with 1000 trials
2026-01-20 15:54:29,176 - crypto_analysis.vectorbt_optimizer.parallel_runner - INFO - BNB/RSI: score=0.7941, params={'timeperiod': 28, 'entry_constant': 34.85478149831392, 'exit_constant': 76.5816713627175}
2026-01-20 15:54:29,178 - crypto_analysis.vectorbt_optimizer.optimizer - INFO - Optimizing MACD: 4576 combinations
2026-01-20 15:54:29,179 - crypto_analysis.vectorbt_optimizer.optimizer - INFO - Using tpe sampler with 1000 trials
2026-01-20 15:54:29,285 - crypto_analysis.vectorbt_optimizer.parallel_runner - INFO - ETH/RSI: score=0.7965, params={'timeperiod': 30, 'entry_constant': 26.71045287068187, 'exit_constant': 68.3310274083285}
2026-01-20 15:54:29,288 - crypto_analysis.vectorbt_optimizer.optimizer - INFO - Optimizing MACD: 4576 combinations
2026-01-20 15:54:29,289 - crypto_analysis.vectorbt_optimizer.optimizer - INFO - Using tpe sampler with 1000 trials
2026-01-20 15:54:29,362 - crypto_analysis.vectorbt_optimizer.parallel_runner - INFO - ATOM/RSI: score=1.2851, params={'timeperiod': 29, 'entry_constant': 32.41190986705641, 'exit_constant': 61.60268030453066}
2026-01-20 15:54:29,366 - crypto_analysis.vectorbt_optimizer.optimizer - INFO - Optimizing MACD: 4576 combinations
2026-01-20 15:54:29,367 - crypto_analysis.vectorbt_optimizer.optimizer - INFO - Using tpe sampler with 1000 trials
2026-01-20 15:54:29,402 - crypto_analysis.vectorbt_optimizer.parallel_runner - INFO - SOL/RSI: score=0.9267, params={'timeperiod': 28, 'entry_constant': 24.29110935874943, 'exit_constant': 68.77428231423849}
2026-01-20 15:54:29,406 - crypto_analysis.vectorbt_optimizer.optimizer - INFO - Optimizing MACD: 4576 combinations
2026-01-20 15:54:29,408 - crypto_analysis.vectorbt_optimizer.optimizer - INFO - Using tpe sampler with 1000 trials
2026-01-20 15:54:29,429 - crypto_analysis.vectorbt_optimizer.parallel_runner - INFO - ADA/RSI: score=0.8272, params={'timeperiod': 29, 'entry_constant': 23.85064355059775, 'exit_constant': 66.85076144956565}
2026-01-20 15:54:29,433 - crypto_analysis.vectorbt_optimizer.optimizer - INFO - Optimizing MACD: 4576 combinations
2026-01-20 15:54:29,433 - crypto_analysis.vectorbt_optimizer.optimizer - INFO - Using tpe sampler with 1000 trials
2026-01-20 15:54:29,521 - crypto_analysis.vectorbt_optimizer.parallel_runner - INFO - AVAX/RSI: score=0.4708, params={'timeperiod': 29, 'entry_constant': 28.857478291877403, 'exit_constant': 65.19919741148044}
2026-01-20 15:54:29,524 - crypto_analysis.vectorbt_optimizer.optimizer - INFO - Optimizing MACD: 4576 combinations
2026-01-20 15:54:29,525 - crypto_analysis.vectorbt_optimizer.optimizer - INFO - Using tpe sampler with 1000 trials
2026-01-20 15:54:29,558 - crypto_analysis.vectorbt_optimizer.parallel_runner - INFO - LINK/RSI: score=1.1249, params={'timeperiod': 28, 'entry_constant': 29.326352687774904, 'exit_constant': 62.12878980565135}
2026-01-20 15:54:29,561 - crypto_analysis.vectorbt_optimizer.optimizer - INFO - Optimizing MACD: 4576 combinations
2026-01-20 15:54:29,561 - crypto_analysis.vectorbt_optimizer.optimizer - INFO - Using tpe sampler with 1000 trials
2026-01-20 15:54:29,613 - crypto_analysis.vectorbt_optimizer.parallel_runner - INFO - BTC/RSI: score=0.6665, params={'timeperiod': 30, 'entry_constant': 29.89182372700979, 'exit_constant': 62.7983665292831}
2026-01-20 15:54:29,615 - crypto_analysis.vectorbt_optimizer.optimizer - INFO - Optimizing MACD: 4576 combinations
2026-01-20 15:54:29,616 - crypto_analysis.vectorbt_optimizer.optimizer - INFO - Using tpe sampler with 1000 trials
2026-01-20 15:54:29,631 - crypto_analysis.vectorbt_optimizer.parallel_runner - INFO - XRP/RSI: score=1.1219, params={'timeperiod': 16, 'entry_constant': 21.964858463313384, 'exit_constant': 68.2682652105264}
2026-01-20 15:54:29,633 - crypto_analysis.vectorbt_optimizer.optimizer - INFO - Optimizing MACD: 4576 combinations
2026-01-20 15:54:29,634 - crypto_analysis.vectorbt_optimizer.optimizer - INFO - Using tpe sampler with 1000 trials
2026-01-20 15:54:29,645 - crypto_analysis.vectorbt_optimizer.parallel_runner - INFO - DOT/RSI: score=1.6939, params={'timeperiod': 22, 'entry_constant': 26.23441192421123, 'exit_constant': 66.6834437133907}
2026-01-20 15:54:29,647 - crypto_analysis.vectorbt_optimizer.optimizer - INFO - Optimizing MACD: 4576 combinations
2026-01-20 15:54:29,648 - crypto_analysis.vectorbt_optimizer.optimizer - INFO - Using tpe sampler with 1000 trials
2026-01-20 15:55:19,230 - crypto_analysis.vectorbt_optimizer.parallel_runner - INFO - ATOM/MACD: score=0.0999, params={'fastperiod': 20, 'slowperiod': 33, 'signalperiod': 15}
2026-01-20 15:55:19,235 - crypto_analysis.vectorbt_optimizer.optimizer - INFO - Optimizing STOCH: 187425 combinations
2026-01-20 15:55:19,236 - crypto_analysis.vectorbt_optimizer.optimizer - INFO - Using tpe sampler with 1000 trials
2026-01-20 15:55:19,522 - crypto_analysis.vectorbt_optimizer.parallel_runner - INFO - BNB/MACD: score=0.1482, params={'fastperiod': 19, 'slowperiod': 37, 'signalperiod': 15}
2026-01-20 15:55:19,528 - crypto_analysis.vectorbt_optimizer.optimizer - INFO - Optimizing STOCH: 187425 combinations
2026-01-20 15:55:19,528 - crypto_analysis.vectorbt_optimizer.optimizer - INFO - Using tpe sampler with 1000 trials
2026-01-20 15:55:20,051 - crypto_analysis.vectorbt_optimizer.parallel_runner - INFO - ETH/MACD: score=0.0000, params={'fastperiod': 18, 'slowperiod': 18, 'signalperiod': 12}
2026-01-20 15:55:20,056 - crypto_analysis.vectorbt_optimizer.optimizer - INFO - Optimizing STOCH: 187425 combinations
2026-01-20 15:55:20,057 - crypto_analysis.vectorbt_optimizer.optimizer - INFO - Using tpe sampler with 1000 trials
2026-01-20 15:55:20,067 - crypto_analysis.vectorbt_optimizer.parallel_runner - INFO - AVAX/MACD: score=0.0000, params={'fastperiod': 16, 'slowperiod': 16, 'signalperiod': 13}
2026-01-20 15:55:20,072 - crypto_analysis.vectorbt_optimizer.optimizer - INFO - Optimizing STOCH: 187425 combinations
2026-01-20 15:55:20,073 - crypto_analysis.vectorbt_optimizer.optimizer - INFO - Using tpe sampler with 1000 trials
2026-01-20 15:55:20,328 - crypto_analysis.vectorbt_optimizer.parallel_runner - INFO - SOL/MACD: score=0.0000, params={'fastperiod': 19, 'slowperiod': 19, 'signalperiod': 13}
2026-01-20 15:55:20,333 - crypto_analysis.vectorbt_optimizer.optimizer - INFO - Optimizing STOCH: 187425 combinations
2026-01-20 15:55:20,334 - crypto_analysis.vectorbt_optimizer.optimizer - INFO - Using tpe sampler with 1000 trials
2026-01-20 15:55:20,784 - crypto_analysis.vectorbt_optimizer.parallel_runner - INFO - XRP/MACD: score=0.0391, params={'fastperiod': 19, 'slowperiod': 26, 'signalperiod': 15}
2026-01-20 15:55:20,789 - crypto_analysis.vectorbt_optimizer.optimizer - INFO - Optimizing STOCH: 187425 combinations
2026-01-20 15:55:20,790 - crypto_analysis.vectorbt_optimizer.optimizer - INFO - Using tpe sampler with 1000 trials
2026-01-20 15:55:20,905 - crypto_analysis.vectorbt_optimizer.parallel_runner - INFO - DOT/MACD: score=0.0000, params={'fastperiod': 18, 'slowperiod': 18, 'signalperiod': 14}
2026-01-20 15:55:20,911 - crypto_analysis.vectorbt_optimizer.optimizer - INFO - Optimizing STOCH: 187425 combinations
2026-01-20 15:55:20,912 - crypto_analysis.vectorbt_optimizer.optimizer - INFO - Using tpe sampler with 1000 trials
2026-01-20 15:55:21,176 - crypto_analysis.vectorbt_optimizer.parallel_runner - INFO - LINK/MACD: score=0.0000, params={'fastperiod': 20, 'slowperiod': 20, 'signalperiod': 13}
2026-01-20 15:55:21,181 - crypto_analysis.vectorbt_optimizer.optimizer - INFO - Optimizing STOCH: 187425 combinations
2026-01-20 15:55:21,182 - crypto_analysis.vectorbt_optimizer.optimizer - INFO - Using tpe sampler with 1000 trials
2026-01-20 15:55:21,621 - crypto_analysis.vectorbt_optimizer.parallel_runner - INFO - ADA/MACD: score=0.0000, params={'fastperiod': 17, 'slowperiod': 17, 'signalperiod': 9}
2026-01-20 15:55:21,627 - crypto_analysis.vectorbt_optimizer.optimizer - INFO - Optimizing STOCH: 187425 combinations
2026-01-20 15:55:21,628 - crypto_analysis.vectorbt_optimizer.optimizer - INFO - Using tpe sampler with 1000 trials
2026-01-20 15:55:21,666 - crypto_analysis.vectorbt_optimizer.parallel_runner - INFO - BTC/MACD: score=0.0000, params={'fastperiod': 17, 'slowperiod': 17, 'signalperiod': 6}
2026-01-20 15:55:21,672 - crypto_analysis.vectorbt_optimizer.optimizer - INFO - Optimizing STOCH: 187425 combinations
2026-01-20 15:55:21,673 - crypto_analysis.vectorbt_optimizer.optimizer - INFO - Using tpe sampler with 1000 trials
2026-01-20 15:56:24,868 - crypto_analysis.vectorbt_optimizer.parallel_runner - INFO - BNB/STOCH: score=0.2827, params={'fastk_period': 14, 'slowk_period': 4, 'slowd_period': 3, 'entry_constant': 14.330052849847233, 'exit_constant': 72.38751586814594}
2026-01-20 15:56:24,872 - crypto_analysis.vectorbt_optimizer.optimizer - INFO - Optimizing STOCHRSI: 299880 combinations
2026-01-20 15:56:24,873 - crypto_analysis.vectorbt_optimizer.optimizer - INFO - Using tpe sampler with 1000 trials
2026-01-20 15:56:25,001 - crypto_analysis.vectorbt_optimizer.parallel_runner - INFO - ATOM/STOCH: score=0.4376, params={'fastk_period': 15, 'slowk_period': 5, 'slowd_period': 4, 'entry_constant': 10.016729773256424, 'exit_constant': 86.91301436295795}
2026-01-20 15:56:25,005 - crypto_analysis.vectorbt_optimizer.optimizer - INFO - Optimizing STOCHRSI: 299880 combinations
2026-01-20 15:56:25,006 - crypto_analysis.vectorbt_optimizer.optimizer - INFO - Using tpe sampler with 1000 trials
2026-01-20 15:56:25,684 - crypto_analysis.vectorbt_optimizer.parallel_runner - INFO - ETH/STOCH: score=0.4794, params={'fastk_period': 5, 'slowk_period': 5, 'slowd_period': 5, 'entry_constant': 26.39173186360151, 'exit_constant': 87.27534535120361}
2026-01-20 15:56:25,687 - crypto_analysis.vectorbt_optimizer.optimizer - INFO - Optimizing STOCHRSI: 299880 combinations
2026-01-20 15:56:25,688 - crypto_analysis.vectorbt_optimizer.optimizer - INFO - Using tpe sampler with 1000 trials
2026-01-20 15:56:25,789 - crypto_analysis.vectorbt_optimizer.parallel_runner - INFO - AVAX/STOCH: score=-0.0883, params={'fastk_period': 14, 'slowk_period': 5, 'slowd_period': 3, 'entry_constant': 12.93287396939904, 'exit_constant': 82.0034063538475}
2026-01-20 15:56:25,793 - crypto_analysis.vectorbt_optimizer.optimizer - INFO - Optimizing STOCHRSI: 299880 combinations
2026-01-20 15:56:25,794 - crypto_analysis.vectorbt_optimizer.optimizer - INFO - Using tpe sampler with 1000 trials
2026-01-20 15:56:26,295 - crypto_analysis.vectorbt_optimizer.parallel_runner - INFO - SOL/STOCH: score=0.7898, params={'fastk_period': 15, 'slowk_period': 5, 'slowd_period': 4, 'entry_constant': 13.341976390406355, 'exit_constant': 87.38806958313009}
2026-01-20 15:56:26,299 - crypto_analysis.vectorbt_optimizer.optimizer - INFO - Optimizing STOCHRSI: 299880 combinations
2026-01-20 15:56:26,300 - crypto_analysis.vectorbt_optimizer.optimizer - INFO - Using tpe sampler with 1000 trials
2026-01-20 15:56:28,010 - crypto_analysis.vectorbt_optimizer.parallel_runner - INFO - DOT/STOCH: score=-0.1357, params={'fastk_period': 21, 'slowk_period': 2, 'slowd_period': 2, 'entry_constant': 12.04507377440497, 'exit_constant': 78.28761182184869}
2026-01-20 15:56:28,014 - crypto_analysis.vectorbt_optimizer.optimizer - INFO - Optimizing STOCHRSI: 299880 combinations
2026-01-20 15:56:28,015 - crypto_analysis.vectorbt_optimizer.optimizer - INFO - Using tpe sampler with 1000 trials
2026-01-20 15:56:28,030 - crypto_analysis.vectorbt_optimizer.parallel_runner - INFO - XRP/STOCH: score=0.6901, params={'fastk_period': 19, 'slowk_period': 5, 'slowd_period': 4, 'entry_constant': 12.751445377826572, 'exit_constant': 74.02336314638656}
2026-01-20 15:56:28,034 - crypto_analysis.vectorbt_optimizer.optimizer - INFO - Optimizing STOCHRSI: 299880 combinations
2026-01-20 15:56:28,035 - crypto_analysis.vectorbt_optimizer.optimizer - INFO - Using tpe sampler with 1000 trials
2026-01-20 15:56:28,389 - crypto_analysis.vectorbt_optimizer.parallel_runner - INFO - LINK/STOCH: score=1.4533, params={'fastk_period': 20, 'slowk_period': 4, 'slowd_period': 4, 'entry_constant': 13.321984254043494, 'exit_constant': 88.77215745092208}
2026-01-20 15:56:28,393 - crypto_analysis.vectorbt_optimizer.optimizer - INFO - Optimizing STOCHRSI: 299880 combinations
2026-01-20 15:56:28,394 - crypto_analysis.vectorbt_optimizer.optimizer - INFO - Using tpe sampler with 1000 trials
2026-01-20 15:56:29,239 - crypto_analysis.vectorbt_optimizer.parallel_runner - INFO - BTC/STOCH: score=0.3956, params={'fastk_period': 20, 'slowk_period': 5, 'slowd_period': 3, 'entry_constant': 19.291311232382462, 'exit_constant': 78.76501844756542}
2026-01-20 15:56:29,242 - crypto_analysis.vectorbt_optimizer.optimizer - INFO - Optimizing STOCHRSI: 299880 combinations
2026-01-20 15:56:29,243 - crypto_analysis.vectorbt_optimizer.optimizer - INFO - Using tpe sampler with 1000 trials
2026-01-20 15:56:29,327 - crypto_analysis.vectorbt_optimizer.parallel_runner - INFO - ADA/STOCH: score=0.8382, params={'fastk_period': 15, 'slowk_period': 2, 'slowd_period': 5, 'entry_constant': 11.953667579322234, 'exit_constant': 74.25388413893239}
2026-01-20 15:56:29,330 - crypto_analysis.vectorbt_optimizer.optimizer - INFO - Optimizing STOCHRSI: 299880 combinations
2026-01-20 15:56:29,331 - crypto_analysis.vectorbt_optimizer.optimizer - INFO - Using tpe sampler with 1000 trials
2026-01-20 15:57:30,787 - crypto_analysis.vectorbt_optimizer.parallel_runner - INFO - ATOM/STOCHRSI: score=-0.7266, params={'timeperiod': 5, 'fastk_period': 10, 'fastd_period': 4, 'entry_constant': 10.422090502080229, 'exit_constant': 85.99271823052005}
2026-01-20 15:57:30,791 - crypto_analysis.vectorbt_optimizer.optimizer - INFO - Optimizing CCI: 592826 combinations
2026-01-20 15:57:30,791 - crypto_analysis.vectorbt_optimizer.optimizer - INFO - Using tpe sampler with 1000 trials
2026-01-20 15:57:30,858 - crypto_analysis.vectorbt_optimizer.parallel_runner - INFO - BNB/STOCHRSI: score=-0.5212, params={'timeperiod': 16, 'fastk_period': 10, 'fastd_period': 1, 'entry_constant': 10.03040306555543, 'exit_constant': 75.47184165549228}
2026-01-20 15:57:30,862 - crypto_analysis.vectorbt_optimizer.optimizer - INFO - Optimizing CCI: 592826 combinations
2026-01-20 15:57:30,863 - crypto_analysis.vectorbt_optimizer.optimizer - INFO - Using tpe sampler with 1000 trials
2026-01-20 15:57:31,337 - crypto_analysis.vectorbt_optimizer.parallel_runner - INFO - ETH/STOCHRSI: score=-0.6731, params={'timeperiod': 5, 'fastk_period': 10, 'fastd_period': 5, 'entry_constant': 11.022355541169626, 'exit_constant': 89.00150462266087}
2026-01-20 15:57:31,341 - crypto_analysis.vectorbt_optimizer.optimizer - INFO - Optimizing CCI: 592826 combinations
2026-01-20 15:57:31,342 - crypto_analysis.vectorbt_optimizer.optimizer - INFO - Using tpe sampler with 1000 trials
2026-01-20 15:57:32,381 - crypto_analysis.vectorbt_optimizer.parallel_runner - INFO - AVAX/STOCHRSI: score=-0.7762, params={'timeperiod': 14, 'fastk_period': 6, 'fastd_period': 3, 'entry_constant': 10.002522129834198, 'exit_constant': 70.01535358617157}
2026-01-20 15:57:32,384 - crypto_analysis.vectorbt_optimizer.optimizer - INFO - Optimizing CCI: 592826 combinations
2026-01-20 15:57:32,385 - crypto_analysis.vectorbt_optimizer.optimizer - INFO - Using tpe sampler with 1000 trials
2026-01-20 15:57:33,254 - crypto_analysis.vectorbt_optimizer.parallel_runner - INFO - SOL/STOCHRSI: score=-0.5286, params={'timeperiod': 5, 'fastk_period': 8, 'fastd_period': 3, 'entry_constant': 16.93135265766602, 'exit_constant': 88.84606163980528}
2026-01-20 15:57:33,258 - crypto_analysis.vectorbt_optimizer.optimizer - INFO - Optimizing CCI: 592826 combinations
2026-01-20 15:57:33,258 - crypto_analysis.vectorbt_optimizer.optimizer - INFO - Using tpe sampler with 1000 trials
2026-01-20 15:57:35,400 - crypto_analysis.vectorbt_optimizer.parallel_runner - INFO - DOT/STOCHRSI: score=-0.7184, params={'timeperiod': 9, 'fastk_period': 10, 'fastd_period': 4, 'entry_constant': 19.7599798900559, 'exit_constant': 87.07591822145164}
2026-01-20 15:57:35,404 - crypto_analysis.vectorbt_optimizer.optimizer - INFO - Optimizing CCI: 592826 combinations
2026-01-20 15:57:35,405 - crypto_analysis.vectorbt_optimizer.optimizer - INFO - Using tpe sampler with 1000 trials
2026-01-20 15:57:35,548 - crypto_analysis.vectorbt_optimizer.parallel_runner - INFO - XRP/STOCHRSI: score=-0.5462, params={'timeperiod': 16, 'fastk_period': 8, 'fastd_period': 5, 'entry_constant': 11.479066314057969, 'exit_constant': 81.18273254266289}
2026-01-20 15:57:35,552 - crypto_analysis.vectorbt_optimizer.optimizer - INFO - Optimizing CCI: 592826 combinations
2026-01-20 15:57:35,553 - crypto_analysis.vectorbt_optimizer.optimizer - INFO - Using tpe sampler with 1000 trials
2026-01-20 15:57:35,902 - crypto_analysis.vectorbt_optimizer.parallel_runner - INFO - LINK/STOCHRSI: score=-0.2029, params={'timeperiod': 6, 'fastk_period': 8, 'fastd_period': 2, 'entry_constant': 10.732730621507125, 'exit_constant': 77.39282735301352}
2026-01-20 15:57:35,905 - crypto_analysis.vectorbt_optimizer.optimizer - INFO - Optimizing CCI: 592826 combinations
2026-01-20 15:57:35,906 - crypto_analysis.vectorbt_optimizer.optimizer - INFO - Using tpe sampler with 1000 trials
2026-01-20 15:57:36,617 - crypto_analysis.vectorbt_optimizer.parallel_runner - INFO - BTC/STOCHRSI: score=-0.5562, params={'timeperiod': 14, 'fastk_period': 10, 'fastd_period': 3, 'entry_constant': 12.950566472335103, 'exit_constant': 89.9895041839432}
2026-01-20 15:57:36,621 - crypto_analysis.vectorbt_optimizer.optimizer - INFO - Optimizing CCI: 592826 combinations
2026-01-20 15:57:36,622 - crypto_analysis.vectorbt_optimizer.optimizer - INFO - Using tpe sampler with 1000 trials
2026-01-20 15:57:37,102 - crypto_analysis.vectorbt_optimizer.parallel_runner - INFO - ADA/STOCHRSI: score=-0.5653, params={'timeperiod': 11, 'fastk_period': 8, 'fastd_period': 2, 'entry_constant': 11.41819745612969, 'exit_constant': 73.44117890503792}
2026-01-20 15:57:37,106 - crypto_analysis.vectorbt_optimizer.optimizer - INFO - Optimizing CCI: 592826 combinations
2026-01-20 15:57:37,107 - crypto_analysis.vectorbt_optimizer.optimizer - INFO - Using tpe sampler with 1000 trials
2026-01-20 15:58:18,815 - crypto_analysis.vectorbt_optimizer.parallel_runner - INFO - ETH/CCI: score=0.6311, params={'timeperiod': 21, 'entry_constant': -167.5487311965568, 'exit_constant': 150.8566665727905}
2026-01-20 15:58:18,818 - crypto_analysis.vectorbt_optimizer.optimizer - INFO - Optimizing MFI: 11466 combinations
2026-01-20 15:58:18,819 - crypto_analysis.vectorbt_optimizer.optimizer - INFO - Using tpe sampler with 1000 trials
2026-01-20 15:58:18,871 - crypto_analysis.vectorbt_optimizer.parallel_runner - INFO - BNB/CCI: score=0.5374, params={'timeperiod': 22, 'entry_constant': -86.93841327020732, 'exit_constant': 199.5645147303932}
2026-01-20 15:58:18,876 - crypto_analysis.vectorbt_optimizer.optimizer - INFO - Optimizing MFI: 11466 combinations
2026-01-20 15:58:18,877 - crypto_analysis.vectorbt_optimizer.optimizer - INFO - Using tpe sampler with 1000 trials
2026-01-20 15:58:19,513 - crypto_analysis.vectorbt_optimizer.parallel_runner - INFO - AVAX/CCI: score=0.2928, params={'timeperiod': 6, 'entry_constant': -195.85967081127163, 'exit_constant': 149.37806356257136}
2026-01-20 15:58:19,516 - crypto_analysis.vectorbt_optimizer.optimizer - INFO - Optimizing MFI: 11466 combinations
2026-01-20 15:58:19,517 - crypto_analysis.vectorbt_optimizer.optimizer - INFO - Using tpe sampler with 1000 trials
2026-01-20 15:58:19,547 - crypto_analysis.vectorbt_optimizer.parallel_runner - INFO - ATOM/CCI: score=0.8522, params={'timeperiod': 8, 'entry_constant': -194.85211655821598, 'exit_constant': 166.38994714852475}
2026-01-20 15:58:19,550 - crypto_analysis.vectorbt_optimizer.optimizer - INFO - Optimizing MFI: 11466 combinations
2026-01-20 15:58:19,551 - crypto_analysis.vectorbt_optimizer.optimizer - INFO - Using tpe sampler with 1000 trials
2026-01-20 15:58:20,782 - crypto_analysis.vectorbt_optimizer.parallel_runner - INFO - SOL/CCI: score=0.2658, params={'timeperiod': 16, 'entry_constant': -68.5268313517179, 'exit_constant': 169.67724590586454}
2026-01-20 15:58:20,785 - crypto_analysis.vectorbt_optimizer.optimizer - INFO - Optimizing MFI: 11466 combinations
2026-01-20 15:58:20,786 - crypto_analysis.vectorbt_optimizer.optimizer - INFO - Using tpe sampler with 1000 trials
2026-01-20 15:58:23,377 - crypto_analysis.vectorbt_optimizer.parallel_runner - INFO - DOT/CCI: score=1.0819, params={'timeperiod': 6, 'entry_constant': -180.74299601693082, 'exit_constant': 170.96426740465157}
2026-01-20 15:58:23,380 - crypto_analysis.vectorbt_optimizer.optimizer - INFO - Optimizing MFI: 11466 combinations
2026-01-20 15:58:23,380 - crypto_analysis.vectorbt_optimizer.optimizer - INFO - Using tpe sampler with 1000 trials
2026-01-20 15:58:23,968 - crypto_analysis.vectorbt_optimizer.parallel_runner - INFO - XRP/CCI: score=1.1005, params={'timeperiod': 5, 'entry_constant': -166.18890308977714, 'exit_constant': 158.30735177127258}
2026-01-20 15:58:23,971 - crypto_analysis.vectorbt_optimizer.optimizer - INFO - Optimizing MFI: 11466 combinations
2026-01-20 15:58:23,971 - crypto_analysis.vectorbt_optimizer.optimizer - INFO - Using tpe sampler with 1000 trials
2026-01-20 15:58:24,597 - crypto_analysis.vectorbt_optimizer.parallel_runner - INFO - ADA/CCI: score=0.4812, params={'timeperiod': 14, 'entry_constant': -197.93835918707288, 'exit_constant': 195.5874677269825}
2026-01-20 15:58:24,600 - crypto_analysis.vectorbt_optimizer.optimizer - INFO - Optimizing MFI: 11466 combinations
2026-01-20 15:58:24,601 - crypto_analysis.vectorbt_optimizer.optimizer - INFO - Using tpe sampler with 1000 trials
2026-01-20 15:58:24,826 - crypto_analysis.vectorbt_optimizer.parallel_runner - INFO - LINK/CCI: score=0.6295, params={'timeperiod': 29, 'entry_constant': -165.17562235357542, 'exit_constant': 96.49677945862837}
2026-01-20 15:58:24,829 - crypto_analysis.vectorbt_optimizer.optimizer - INFO - Optimizing MFI: 11466 combinations
2026-01-20 15:58:24,830 - crypto_analysis.vectorbt_optimizer.optimizer - INFO - Using tpe sampler with 1000 trials
2026-01-20 15:58:25,777 - crypto_analysis.vectorbt_optimizer.parallel_runner - INFO - BTC/CCI: score=0.2477, params={'timeperiod': 28, 'entry_constant': -82.97049357767601, 'exit_constant': 155.342633456916}
2026-01-20 15:58:25,781 - crypto_analysis.vectorbt_optimizer.optimizer - INFO - Optimizing MFI: 11466 combinations
2026-01-20 15:58:25,782 - crypto_analysis.vectorbt_optimizer.optimizer - INFO - Using tpe sampler with 1000 trials
2026-01-20 15:59:05,712 - crypto_analysis.vectorbt_optimizer.parallel_runner - INFO - ETH/MFI: score=1.0202, params={'timeperiod': 13, 'entry_constant': 10.235629047752209, 'exit_constant': 77.3291889148735}
2026-01-20 15:59:05,715 - crypto_analysis.vectorbt_optimizer.optimizer - INFO - Optimizing WILLR: 11466 combinations
2026-01-20 15:59:05,716 - crypto_analysis.vectorbt_optimizer.optimizer - INFO - Using tpe sampler with 1000 trials
2026-01-20 15:59:05,795 - crypto_analysis.vectorbt_optimizer.parallel_runner - INFO - BNB/MFI: score=0.9145, params={'timeperiod': 30, 'entry_constant': 25.64773010311853, 'exit_constant': 81.72647221266104}
2026-01-20 15:59:05,797 - crypto_analysis.vectorbt_optimizer.optimizer - INFO - Optimizing WILLR: 11466 combinations
2026-01-20 15:59:05,798 - crypto_analysis.vectorbt_optimizer.optimizer - INFO - Using tpe sampler with 1000 trials
2026-01-20 15:59:06,170 - crypto_analysis.vectorbt_optimizer.parallel_runner - INFO - AVAX/MFI: score=0.2525, params={'timeperiod': 28, 'entry_constant': 14.698119401777065, 'exit_constant': 77.93328926695041}
2026-01-20 15:59:06,173 - crypto_analysis.vectorbt_optimizer.optimizer - INFO - Optimizing WILLR: 11466 combinations
2026-01-20 15:59:06,174 - crypto_analysis.vectorbt_optimizer.optimizer - INFO - Using tpe sampler with 1000 trials
2026-01-20 15:59:06,384 - crypto_analysis.vectorbt_optimizer.parallel_runner - INFO - ATOM/MFI: score=1.2659, params={'timeperiod': 15, 'entry_constant': 11.296103583879935, 'exit_constant': 78.62506129538978}
2026-01-20 15:59:06,387 - crypto_analysis.vectorbt_optimizer.optimizer - INFO - Optimizing WILLR: 11466 combinations
2026-01-20 15:59:06,388 - crypto_analysis.vectorbt_optimizer.optimizer - INFO - Using tpe sampler with 1000 trials
2026-01-20 15:59:08,042 - crypto_analysis.vectorbt_optimizer.parallel_runner - INFO - SOL/MFI: score=1.3924, params={'timeperiod': 30, 'entry_constant': 12.174451831401568, 'exit_constant': 83.40317960744251}
2026-01-20 15:59:08,045 - crypto_analysis.vectorbt_optimizer.optimizer - INFO - Optimizing WILLR: 11466 combinations
2026-01-20 15:59:08,046 - crypto_analysis.vectorbt_optimizer.optimizer - INFO - Using tpe sampler with 1000 trials
2026-01-20 15:59:11,158 - crypto_analysis.vectorbt_optimizer.parallel_runner - INFO - DOT/MFI: score=1.1326, params={'timeperiod': 30, 'entry_constant': 18.024448858923837, 'exit_constant': 70.81801829264079}
2026-01-20 15:59:11,162 - crypto_analysis.vectorbt_optimizer.optimizer - INFO - Optimizing WILLR: 11466 combinations
2026-01-20 15:59:11,162 - crypto_analysis.vectorbt_optimizer.optimizer - INFO - Using tpe sampler with 1000 trials
2026-01-20 15:59:11,957 - crypto_analysis.vectorbt_optimizer.parallel_runner - INFO - XRP/MFI: score=2.0950, params={'timeperiod': 26, 'entry_constant': 15.400281408698019, 'exit_constant': 75.88811580774565}
2026-01-20 15:59:11,960 - crypto_analysis.vectorbt_optimizer.optimizer - INFO - Optimizing WILLR: 11466 combinations
2026-01-20 15:59:11,961 - crypto_analysis.vectorbt_optimizer.optimizer - INFO - Using tpe sampler with 1000 trials
2026-01-20 15:59:12,550 - crypto_analysis.vectorbt_optimizer.parallel_runner - INFO - LINK/MFI: score=1.0596, params={'timeperiod': 29, 'entry_constant': 21.461098120918738, 'exit_constant': 70.5187827843812}
2026-01-20 15:59:12,553 - crypto_analysis.vectorbt_optimizer.optimizer - INFO - Optimizing WILLR: 11466 combinations
2026-01-20 15:59:12,553 - crypto_analysis.vectorbt_optimizer.optimizer - INFO - Using tpe sampler with 1000 trials
2026-01-20 15:59:12,785 - crypto_analysis.vectorbt_optimizer.parallel_runner - INFO - ADA/MFI: score=1.3415, params={'timeperiod': 28, 'entry_constant': 20.340622621947784, 'exit_constant': 75.96607375797319}
2026-01-20 15:59:12,788 - crypto_analysis.vectorbt_optimizer.optimizer - INFO - Optimizing WILLR: 11466 combinations
2026-01-20 15:59:12,789 - crypto_analysis.vectorbt_optimizer.optimizer - INFO - Using tpe sampler with 1000 trials
2026-01-20 15:59:14,013 - crypto_analysis.vectorbt_optimizer.parallel_runner - INFO - BTC/MFI: score=1.1195, params={'timeperiod': 20, 'entry_constant': 10.046250544714777, 'exit_constant': 86.53438458176151}
2026-01-20 15:59:14,016 - crypto_analysis.vectorbt_optimizer.optimizer - INFO - Optimizing WILLR: 11466 combinations
2026-01-20 15:59:14,017 - crypto_analysis.vectorbt_optimizer.optimizer - INFO - Using tpe sampler with 1000 trials
2026-01-20 15:59:52,956 - crypto_analysis.vectorbt_optimizer.parallel_runner - INFO - ETH/WILLR: score=0.0560, params={'timeperiod': 28, 'entry_constant': -89.98329306867126, 'exit_constant': -11.902591694152404}
2026-01-20 15:59:52,959 - crypto_analysis.vectorbt_optimizer.optimizer - INFO - Optimizing CMO: 43706 combinations
2026-01-20 15:59:52,959 - crypto_analysis.vectorbt_optimizer.optimizer - INFO - Using tpe sampler with 1000 trials
2026-01-20 15:59:53,125 - crypto_analysis.vectorbt_optimizer.parallel_runner - INFO - BNB/WILLR: score=0.1705, params={'timeperiod': 23, 'entry_constant': -76.47060843056573, 'exit_constant': -22.827693583302665}
2026-01-20 15:59:53,127 - crypto_analysis.vectorbt_optimizer.optimizer - INFO - Optimizing CMO: 43706 combinations
2026-01-20 15:59:53,128 - crypto_analysis.vectorbt_optimizer.optimizer - INFO - Using tpe sampler with 1000 trials
2026-01-20 15:59:53,138 - crypto_analysis.vectorbt_optimizer.parallel_runner - INFO - AVAX/WILLR: score=-0.3617, params={'timeperiod': 24, 'entry_constant': -87.09073385132078, 'exit_constant': -25.621797434724993}
2026-01-20 15:59:53,141 - crypto_analysis.vectorbt_optimizer.optimizer - INFO - Optimizing CMO: 43706 combinations
2026-01-20 15:59:53,142 - crypto_analysis.vectorbt_optimizer.optimizer - INFO - Using tpe sampler with 1000 trials
2026-01-20 15:59:53,345 - crypto_analysis.vectorbt_optimizer.parallel_runner - INFO - ATOM/WILLR: score=-0.2392, params={'timeperiod': 26, 'entry_constant': -89.4771525717752, 'exit_constant': -23.653241465100326}
2026-01-20 15:59:53,348 - crypto_analysis.vectorbt_optimizer.optimizer - INFO - Optimizing CMO: 43706 combinations
2026-01-20 15:59:53,349 - crypto_analysis.vectorbt_optimizer.optimizer - INFO - Using tpe sampler with 1000 trials
2026-01-20 15:59:55,279 - crypto_analysis.vectorbt_optimizer.parallel_runner - INFO - SOL/WILLR: score=0.2110, params={'timeperiod': 30, 'entry_constant': -83.82701238794242, 'exit_constant': -14.010172425458169}
2026-01-20 15:59:55,282 - crypto_analysis.vectorbt_optimizer.optimizer - INFO - Optimizing CMO: 43706 combinations
2026-01-20 15:59:55,283 - crypto_analysis.vectorbt_optimizer.optimizer - INFO - Using tpe sampler with 1000 trials
2026-01-20 15:59:58,729 - crypto_analysis.vectorbt_optimizer.parallel_runner - INFO - DOT/WILLR: score=-0.1313, params={'timeperiod': 30, 'entry_constant': -89.95790193467492, 'exit_constant': -22.686708617796242}
2026-01-20 15:59:58,732 - crypto_analysis.vectorbt_optimizer.optimizer - INFO - Optimizing CMO: 43706 combinations
2026-01-20 15:59:58,733 - crypto_analysis.vectorbt_optimizer.optimizer - INFO - Using tpe sampler with 1000 trials
2026-01-20 15:59:59,784 - crypto_analysis.vectorbt_optimizer.parallel_runner - INFO - XRP/WILLR: score=-0.0330, params={'timeperiod': 28, 'entry_constant': -80.04416877916752, 'exit_constant': -21.207518552282345}
2026-01-20 15:59:59,787 - crypto_analysis.vectorbt_optimizer.optimizer - INFO - Optimizing CMO: 43706 combinations
2026-01-20 15:59:59,788 - crypto_analysis.vectorbt_optimizer.optimizer - INFO - Using tpe sampler with 1000 trials
2026-01-20 16:00:00,494 - crypto_analysis.vectorbt_optimizer.parallel_runner - INFO - LINK/WILLR: score=0.2381, params={'timeperiod': 29, 'entry_constant': -84.39582141335872, 'exit_constant': -24.110560797712505}
2026-01-20 16:00:00,497 - crypto_analysis.vectorbt_optimizer.optimizer - INFO - Optimizing CMO: 43706 combinations
2026-01-20 16:00:00,498 - crypto_analysis.vectorbt_optimizer.optimizer - INFO - Using tpe sampler with 1000 trials
2026-01-20 16:00:01,002 - crypto_analysis.vectorbt_optimizer.parallel_runner - INFO - ADA/WILLR: score=0.7510, params={'timeperiod': 17, 'entry_constant': -88.61930769122198, 'exit_constant': -11.791789595254338}
2026-01-20 16:00:01,005 - crypto_analysis.vectorbt_optimizer.optimizer - INFO - Optimizing CMO: 43706 combinations
2026-01-20 16:00:01,005 - crypto_analysis.vectorbt_optimizer.optimizer - INFO - Using tpe sampler with 1000 trials
2026-01-20 16:00:02,067 - crypto_analysis.vectorbt_optimizer.parallel_runner - INFO - BTC/WILLR: score=0.2032, params={'timeperiod': 22, 'entry_constant': -88.51737819880655, 'exit_constant': -20.81604569342655}
2026-01-20 16:00:02,071 - crypto_analysis.vectorbt_optimizer.optimizer - INFO - Optimizing CMO: 43706 combinations
2026-01-20 16:00:02,072 - crypto_analysis.vectorbt_optimizer.optimizer - INFO - Using tpe sampler with 1000 trials
2026-01-20 16:00:39,082 - crypto_analysis.vectorbt_optimizer.parallel_runner - INFO - BNB/CMO: score=0.9775, params={'timeperiod': 26, 'entry_constant': -68.03673081498819, 'exit_constant': 61.238560458410895}
2026-01-20 16:00:39,085 - crypto_analysis.vectorbt_optimizer.optimizer - INFO - Optimizing ADX: 5082 combinations
2026-01-20 16:00:39,086 - crypto_analysis.vectorbt_optimizer.optimizer - INFO - Using tpe sampler with 1000 trials
2026-01-20 16:00:39,293 - crypto_analysis.vectorbt_optimizer.parallel_runner - INFO - ETH/CMO: score=0.8214, params={'timeperiod': 25, 'entry_constant': -47.51875792417753, 'exit_constant': 42.162877646848656}
2026-01-20 16:00:39,296 - crypto_analysis.vectorbt_optimizer.optimizer - INFO - Optimizing ADX: 5082 combinations
2026-01-20 16:00:39,297 - crypto_analysis.vectorbt_optimizer.optimizer - INFO - Using tpe sampler with 1000 trials
2026-01-20 16:00:39,304 - crypto_analysis.vectorbt_optimizer.parallel_runner - INFO - ATOM/CMO: score=0.7570, params={'timeperiod': 9, 'entry_constant': -69.9887665902171, 'exit_constant': 59.73697177497886}
2026-01-20 16:00:39,306 - crypto_analysis.vectorbt_optimizer.optimizer - INFO - Optimizing ADX: 5082 combinations
2026-01-20 16:00:39,307 - crypto_analysis.vectorbt_optimizer.optimizer - INFO - Using tpe sampler with 1000 trials
2026-01-20 16:00:40,397 - crypto_analysis.vectorbt_optimizer.parallel_runner - INFO - AVAX/CMO: score=0.1901, params={'timeperiod': 13, 'entry_constant': -55.97692580178654, 'exit_constant': 30.5611673839336}
2026-01-20 16:00:40,400 - crypto_analysis.vectorbt_optimizer.optimizer - INFO - Optimizing ADX: 5082 combinations
2026-01-20 16:00:40,401 - crypto_analysis.vectorbt_optimizer.optimizer - INFO - Using tpe sampler with 1000 trials
2026-01-20 16:00:41,597 - crypto_analysis.vectorbt_optimizer.parallel_runner - INFO - SOL/CMO: score=0.9325, params={'timeperiod': 28, 'entry_constant': -51.602184787840905, 'exit_constant': 38.09916445539371}
2026-01-20 16:00:41,600 - crypto_analysis.vectorbt_optimizer.optimizer - INFO - Optimizing ADX: 5082 combinations
2026-01-20 16:00:41,601 - crypto_analysis.vectorbt_optimizer.optimizer - INFO - Using tpe sampler with 1000 trials
2026-01-20 16:00:45,933 - crypto_analysis.vectorbt_optimizer.parallel_runner - INFO - DOT/CMO: score=1.6043, params={'timeperiod': 29, 'entry_constant': -46.73195919002792, 'exit_constant': 33.400005869774}
2026-01-20 16:00:45,935 - crypto_analysis.vectorbt_optimizer.optimizer - INFO - Optimizing ADX: 5082 combinations
2026-01-20 16:00:45,936 - crypto_analysis.vectorbt_optimizer.optimizer - INFO - Using tpe sampler with 1000 trials
2026-01-20 16:00:47,167 - crypto_analysis.vectorbt_optimizer.parallel_runner - INFO - XRP/CMO: score=1.2098, params={'timeperiod': 29, 'entry_constant': -55.70791227421685, 'exit_constant': 62.91655592129229}
2026-01-20 16:00:47,170 - crypto_analysis.vectorbt_optimizer.optimizer - INFO - Optimizing ADX: 5082 combinations
2026-01-20 16:00:47,171 - crypto_analysis.vectorbt_optimizer.optimizer - INFO - Using tpe sampler with 1000 trials
2026-01-20 16:00:47,848 - crypto_analysis.vectorbt_optimizer.parallel_runner - INFO - LINK/CMO: score=0.8410, params={'timeperiod': 19, 'entry_constant': -46.26331276093407, 'exit_constant': 30.077803895421894}
2026-01-20 16:00:47,851 - crypto_analysis.vectorbt_optimizer.optimizer - INFO - Optimizing ADX: 5082 combinations
2026-01-20 16:00:47,851 - crypto_analysis.vectorbt_optimizer.optimizer - INFO - Using tpe sampler with 1000 trials
2026-01-20 16:00:48,518 - crypto_analysis.vectorbt_optimizer.parallel_runner - INFO - ADA/CMO: score=0.7559, params={'timeperiod': 20, 'entry_constant': -62.56743919640179, 'exit_constant': 43.009853866657586}
2026-01-20 16:00:48,521 - crypto_analysis.vectorbt_optimizer.optimizer - INFO - Optimizing ADX: 5082 combinations
2026-01-20 16:00:48,522 - crypto_analysis.vectorbt_optimizer.optimizer - INFO - Using tpe sampler with 1000 trials
2026-01-20 16:00:49,845 - crypto_analysis.vectorbt_optimizer.parallel_runner - INFO - BTC/CMO: score=0.5608, params={'timeperiod': 30, 'entry_constant': -38.36963859829118, 'exit_constant': 30.486124396848567}
2026-01-20 16:00:49,848 - crypto_analysis.vectorbt_optimizer.optimizer - INFO - Optimizing ADX: 5082 combinations
2026-01-20 16:00:49,849 - crypto_analysis.vectorbt_optimizer.optimizer - INFO - Using tpe sampler with 1000 trials
2026-01-20 16:01:25,818 - crypto_analysis.vectorbt_optimizer.parallel_runner - INFO - ATOM/ADX: score=2.0737, params={'timeperiod': 23, 'entry_constant': 39.99657843053722, 'exit_constant': 17.568872720537165}
2026-01-20 16:01:25,820 - crypto_analysis.vectorbt_optimizer.optimizer - INFO - Optimizing MOM: 26 combinations
2026-01-20 16:01:25,821 - crypto_analysis.vectorbt_optimizer.optimizer - INFO - Using grid sampler with 26 trials
2026-01-20 16:01:25,956 - crypto_analysis.vectorbt_optimizer.parallel_runner - INFO - BNB/ADX: score=0.9779, params={'timeperiod': 28, 'entry_constant': 29.65461918432497, 'exit_constant': 15.9976613034596}
2026-01-20 16:01:25,959 - crypto_analysis.vectorbt_optimizer.optimizer - INFO - Optimizing MOM: 26 combinations
2026-01-20 16:01:25,959 - crypto_analysis.vectorbt_optimizer.optimizer - INFO - Using grid sampler with 26 trials
2026-01-20 16:01:26,155 - crypto_analysis.vectorbt_optimizer.parallel_runner - INFO - ETH/ADX: score=1.0102, params={'timeperiod': 16, 'entry_constant': 39.99375931069292, 'exit_constant': 21.194400329694123}
2026-01-20 16:01:26,158 - crypto_analysis.vectorbt_optimizer.optimizer - INFO - Optimizing MOM: 26 combinations
2026-01-20 16:01:26,158 - crypto_analysis.vectorbt_optimizer.optimizer - INFO - Using grid sampler with 26 trials
2026-01-20 16:01:26,966 - crypto_analysis.vectorbt_optimizer.parallel_runner - INFO - BNB/MOM: score=-0.3926, params={'timeperiod': 29}
2026-01-20 16:01:26,980 - crypto_analysis.vectorbt_optimizer.optimizer - INFO - Optimizing ROC: 26 combinations
2026-01-20 16:01:26,980 - crypto_analysis.vectorbt_optimizer.optimizer - INFO - Using grid sampler with 26 trials
2026-01-20 16:01:27,198 - crypto_analysis.vectorbt_optimizer.parallel_runner - INFO - ETH/MOM: score=-0.3230, params={'timeperiod': 12}
2026-01-20 16:01:27,209 - crypto_analysis.vectorbt_optimizer.optimizer - INFO - Optimizing ROC: 26 combinations
2026-01-20 16:01:27,210 - crypto_analysis.vectorbt_optimizer.optimizer - INFO - Using grid sampler with 26 trials
2026-01-20 16:01:27,242 - crypto_analysis.vectorbt_optimizer.parallel_runner - INFO - ATOM/MOM: score=-0.5588, params={'timeperiod': 17}
2026-01-20 16:01:27,254 - crypto_analysis.vectorbt_optimizer.optimizer - INFO - Optimizing ROC: 26 combinations
2026-01-20 16:01:27,255 - crypto_analysis.vectorbt_optimizer.optimizer - INFO - Using grid sampler with 26 trials
2026-01-20 16:01:27,845 - crypto_analysis.vectorbt_optimizer.parallel_runner - INFO - AVAX/ADX: score=1.3729, params={'timeperiod': 28, 'entry_constant': 29.90296000781386, 'exit_constant': 21.05157945884542}
2026-01-20 16:01:27,848 - crypto_analysis.vectorbt_optimizer.optimizer - INFO - Optimizing MOM: 26 combinations
2026-01-20 16:01:27,849 - crypto_analysis.vectorbt_optimizer.optimizer - INFO - Using grid sampler with 26 trials
2026-01-20 16:01:27,992 - crypto_analysis.vectorbt_optimizer.parallel_runner - INFO - BNB/ROC: score=-0.3926, params={'timeperiod': 29}
2026-01-20 16:01:28,004 - crypto_analysis.vectorbt_optimizer.optimizer - INFO - Optimizing TRIX: 26 combinations
2026-01-20 16:01:28,005 - crypto_analysis.vectorbt_optimizer.optimizer - INFO - Using grid sampler with 26 trials
2026-01-20 16:01:28,213 - crypto_analysis.vectorbt_optimizer.parallel_runner - INFO - ETH/ROC: score=-0.3230, params={'timeperiod': 12}
2026-01-20 16:01:28,226 - crypto_analysis.vectorbt_optimizer.optimizer - INFO - Optimizing TRIX: 26 combinations
2026-01-20 16:01:28,227 - crypto_analysis.vectorbt_optimizer.optimizer - INFO - Using grid sampler with 26 trials
2026-01-20 16:01:28,269 - crypto_analysis.vectorbt_optimizer.parallel_runner - INFO - ATOM/ROC: score=-0.5588, params={'timeperiod': 17}
2026-01-20 16:01:28,281 - crypto_analysis.vectorbt_optimizer.optimizer - INFO - Optimizing TRIX: 26 combinations
2026-01-20 16:01:28,282 - crypto_analysis.vectorbt_optimizer.optimizer - INFO - Using grid sampler with 26 trials
2026-01-20 16:01:28,824 - crypto_analysis.vectorbt_optimizer.parallel_runner - INFO - AVAX/MOM: score=-0.5324, params={'timeperiod': 9}
2026-01-20 16:01:28,837 - crypto_analysis.vectorbt_optimizer.optimizer - INFO - Optimizing ROC: 26 combinations
2026-01-20 16:01:28,838 - crypto_analysis.vectorbt_optimizer.optimizer - INFO - Using grid sampler with 26 trials
2026-01-20 16:01:28,882 - crypto_analysis.vectorbt_optimizer.parallel_runner - INFO - SOL/ADX: score=1.1498, params={'timeperiod': 27, 'entry_constant': 29.878196376213513, 'exit_constant': 22.332176454573464}
2026-01-20 16:01:28,885 - crypto_analysis.vectorbt_optimizer.optimizer - INFO - Optimizing MOM: 26 combinations
2026-01-20 16:01:28,885 - crypto_analysis.vectorbt_optimizer.optimizer - INFO - Using grid sampler with 26 trials
2026-01-20 16:01:28,966 - crypto_analysis.vectorbt_optimizer.parallel_runner - INFO - BNB/TRIX: score=0.1914, params={'timeperiod': 21}
2026-01-20 16:01:28,984 - crypto_analysis.vectorbt_optimizer.optimizer - INFO - Optimizing ULTOSC: 5006232 combinations
2026-01-20 16:01:28,985 - crypto_analysis.vectorbt_optimizer.optimizer - INFO - Using tpe sampler with 1000 trials
2026-01-20 16:01:29,188 - crypto_analysis.vectorbt_optimizer.parallel_runner - INFO - ATOM/TRIX: score=-0.3743, params={'timeperiod': 8}
2026-01-20 16:01:29,200 - crypto_analysis.vectorbt_optimizer.optimizer - INFO - Optimizing ULTOSC: 5006232 combinations
2026-01-20 16:01:29,201 - crypto_analysis.vectorbt_optimizer.optimizer - INFO - Using tpe sampler with 1000 trials
2026-01-20 16:01:29,205 - crypto_analysis.vectorbt_optimizer.parallel_runner - INFO - ETH/TRIX: score=0.1574, params={'timeperiod': 20}
2026-01-20 16:01:29,217 - crypto_analysis.vectorbt_optimizer.optimizer - INFO - Optimizing ULTOSC: 5006232 combinations
2026-01-20 16:01:29,218 - crypto_analysis.vectorbt_optimizer.optimizer - INFO - Using tpe sampler with 1000 trials
2026-01-20 16:01:29,778 - crypto_analysis.vectorbt_optimizer.parallel_runner - INFO - AVAX/ROC: score=-0.5324, params={'timeperiod': 9}
2026-01-20 16:01:29,790 - crypto_analysis.vectorbt_optimizer.optimizer - INFO - Optimizing TRIX: 26 combinations
2026-01-20 16:01:29,790 - crypto_analysis.vectorbt_optimizer.optimizer - INFO - Using grid sampler with 26 trials
2026-01-20 16:01:29,855 - crypto_analysis.vectorbt_optimizer.parallel_runner - INFO - SOL/MOM: score=-0.5171, params={'timeperiod': 18}
2026-01-20 16:01:29,867 - crypto_analysis.vectorbt_optimizer.optimizer - INFO - Optimizing ROC: 26 combinations
2026-01-20 16:01:29,868 - crypto_analysis.vectorbt_optimizer.optimizer - INFO - Using grid sampler with 26 trials
2026-01-20 16:01:30,778 - crypto_analysis.vectorbt_optimizer.parallel_runner - INFO - AVAX/TRIX: score=-0.2478, params={'timeperiod': 19}
2026-01-20 16:01:30,789 - crypto_analysis.vectorbt_optimizer.optimizer - INFO - Optimizing ULTOSC: 5006232 combinations
2026-01-20 16:01:30,790 - crypto_analysis.vectorbt_optimizer.optimizer - INFO - Using tpe sampler with 1000 trials
2026-01-20 16:01:30,899 - crypto_analysis.vectorbt_optimizer.parallel_runner - INFO - SOL/ROC: score=-0.5171, params={'timeperiod': 18}
2026-01-20 16:01:30,914 - crypto_analysis.vectorbt_optimizer.optimizer - INFO - Optimizing TRIX: 26 combinations
2026-01-20 16:01:30,915 - crypto_analysis.vectorbt_optimizer.optimizer - INFO - Using grid sampler with 26 trials
2026-01-20 16:01:31,925 - crypto_analysis.vectorbt_optimizer.parallel_runner - INFO - SOL/TRIX: score=-0.4218, params={'timeperiod': 5}
2026-01-20 16:01:31,939 - crypto_analysis.vectorbt_optimizer.optimizer - INFO - Optimizing ULTOSC: 5006232 combinations
2026-01-20 16:01:31,940 - crypto_analysis.vectorbt_optimizer.optimizer - INFO - Using tpe sampler with 1000 trials
2026-01-20 16:01:33,345 - crypto_analysis.vectorbt_optimizer.parallel_runner - INFO - DOT/ADX: score=1.2046, params={'timeperiod': 24, 'entry_constant': 37.50896398481614, 'exit_constant': 24.227450565004535}
2026-01-20 16:01:33,348 - crypto_analysis.vectorbt_optimizer.optimizer - INFO - Optimizing MOM: 26 combinations
2026-01-20 16:01:33,348 - crypto_analysis.vectorbt_optimizer.optimizer - INFO - Using grid sampler with 26 trials
2026-01-20 16:01:34,393 - crypto_analysis.vectorbt_optimizer.parallel_runner - INFO - DOT/MOM: score=-0.6851, params={'timeperiod': 30}
2026-01-20 16:01:34,407 - crypto_analysis.vectorbt_optimizer.optimizer - INFO - Optimizing ROC: 26 combinations
2026-01-20 16:01:34,407 - crypto_analysis.vectorbt_optimizer.optimizer - INFO - Using grid sampler with 26 trials
2026-01-20 16:01:34,868 - crypto_analysis.vectorbt_optimizer.parallel_runner - INFO - XRP/ADX: score=1.2323, params={'timeperiod': 28, 'entry_constant': 32.10632597487199, 'exit_constant': 16.108486288729264}
2026-01-20 16:01:34,871 - crypto_analysis.vectorbt_optimizer.optimizer - INFO - Optimizing MOM: 26 combinations
2026-01-20 16:01:34,871 - crypto_analysis.vectorbt_optimizer.optimizer - INFO - Using grid sampler with 26 trials
2026-01-20 16:01:35,281 - crypto_analysis.vectorbt_optimizer.parallel_runner - INFO - LINK/ADX: score=1.6922, params={'timeperiod': 24, 'entry_constant': 39.99618214352203, 'exit_constant': 15.189706199871198}
2026-01-20 16:01:35,284 - crypto_analysis.vectorbt_optimizer.optimizer - INFO - Optimizing MOM: 26 combinations
2026-01-20 16:01:35,285 - crypto_analysis.vectorbt_optimizer.optimizer - INFO - Using grid sampler with 26 trials
2026-01-20 16:01:35,467 - crypto_analysis.vectorbt_optimizer.parallel_runner - INFO - DOT/ROC: score=-0.6851, params={'timeperiod': 30}
2026-01-20 16:01:35,482 - crypto_analysis.vectorbt_optimizer.optimizer - INFO - Optimizing TRIX: 26 combinations
2026-01-20 16:01:35,483 - crypto_analysis.vectorbt_optimizer.optimizer - INFO - Using grid sampler with 26 trials
2026-01-20 16:01:35,876 - crypto_analysis.vectorbt_optimizer.parallel_runner - INFO - XRP/MOM: score=-0.2854, params={'timeperiod': 17}
2026-01-20 16:01:35,896 - crypto_analysis.vectorbt_optimizer.optimizer - INFO - Optimizing ROC: 26 combinations
2026-01-20 16:01:35,896 - crypto_analysis.vectorbt_optimizer.optimizer - INFO - Using grid sampler with 26 trials
2026-01-20 16:01:36,296 - crypto_analysis.vectorbt_optimizer.parallel_runner - INFO - LINK/MOM: score=-0.4574, params={'timeperiod': 12}
2026-01-20 16:01:36,307 - crypto_analysis.vectorbt_optimizer.optimizer - INFO - Optimizing ROC: 26 combinations
2026-01-20 16:01:36,308 - crypto_analysis.vectorbt_optimizer.optimizer - INFO - Using grid sampler with 26 trials
2026-01-20 16:01:36,492 - crypto_analysis.vectorbt_optimizer.parallel_runner - INFO - DOT/TRIX: score=-0.5329, params={'timeperiod': 29}
2026-01-20 16:01:36,505 - crypto_analysis.vectorbt_optimizer.optimizer - INFO - Optimizing ULTOSC: 5006232 combinations
2026-01-20 16:01:36,506 - crypto_analysis.vectorbt_optimizer.optimizer - INFO - Using tpe sampler with 1000 trials
2026-01-20 16:01:36,508 - crypto_analysis.vectorbt_optimizer.parallel_runner - INFO - ADA/ADX: score=0.9933, params={'timeperiod': 24, 'entry_constant': 39.188427248280284, 'exit_constant': 21.37151760483133}
2026-01-20 16:01:36,510 - crypto_analysis.vectorbt_optimizer.optimizer - INFO - Optimizing MOM: 26 combinations
2026-01-20 16:01:36,511 - crypto_analysis.vectorbt_optimizer.optimizer - INFO - Using grid sampler with 26 trials
2026-01-20 16:01:36,852 - crypto_analysis.vectorbt_optimizer.parallel_runner - INFO - BTC/ADX: score=0.4213, params={'timeperiod': 28, 'entry_constant': 28.86742520336417, 'exit_constant': 17.8649707117891}
2026-01-20 16:01:36,855 - crypto_analysis.vectorbt_optimizer.optimizer - INFO - Optimizing MOM: 26 combinations
2026-01-20 16:01:36,856 - crypto_analysis.vectorbt_optimizer.optimizer - INFO - Using grid sampler with 26 trials
2026-01-20 16:01:36,859 - crypto_analysis.vectorbt_optimizer.parallel_runner - INFO - XRP/ROC: score=-0.2854, params={'timeperiod': 17}
2026-01-20 16:01:36,870 - crypto_analysis.vectorbt_optimizer.optimizer - INFO - Optimizing TRIX: 26 combinations
2026-01-20 16:01:36,870 - crypto_analysis.vectorbt_optimizer.optimizer - INFO - Using grid sampler with 26 trials
2026-01-20 16:01:37,287 - crypto_analysis.vectorbt_optimizer.parallel_runner - INFO - LINK/ROC: score=-0.4574, params={'timeperiod': 12}
2026-01-20 16:01:37,300 - crypto_analysis.vectorbt_optimizer.optimizer - INFO - Optimizing TRIX: 26 combinations
2026-01-20 16:01:37,301 - crypto_analysis.vectorbt_optimizer.optimizer - INFO - Using grid sampler with 26 trials
2026-01-20 16:01:37,522 - crypto_analysis.vectorbt_optimizer.parallel_runner - INFO - ADA/MOM: score=-0.6232, params={'timeperiod': 29}
2026-01-20 16:01:37,535 - crypto_analysis.vectorbt_optimizer.optimizer - INFO - Optimizing ROC: 26 combinations
2026-01-20 16:01:37,535 - crypto_analysis.vectorbt_optimizer.optimizer - INFO - Using grid sampler with 26 trials
2026-01-20 16:01:37,862 - crypto_analysis.vectorbt_optimizer.parallel_runner - INFO - XRP/TRIX: score=0.2241, params={'timeperiod': 27}
2026-01-20 16:01:37,880 - crypto_analysis.vectorbt_optimizer.optimizer - INFO - Optimizing ULTOSC: 5006232 combinations
2026-01-20 16:01:37,880 - crypto_analysis.vectorbt_optimizer.optimizer - INFO - Using tpe sampler with 1000 trials
2026-01-20 16:01:37,898 - crypto_analysis.vectorbt_optimizer.parallel_runner - INFO - BTC/MOM: score=-0.5937, params={'timeperiod': 26}
2026-01-20 16:01:37,912 - crypto_analysis.vectorbt_optimizer.optimizer - INFO - Optimizing ROC: 26 combinations
2026-01-20 16:01:37,913 - crypto_analysis.vectorbt_optimizer.optimizer - INFO - Using grid sampler with 26 trials
2026-01-20 16:01:38,301 - crypto_analysis.vectorbt_optimizer.parallel_runner - INFO - LINK/TRIX: score=-0.4142, params={'timeperiod': 27}
2026-01-20 16:01:38,313 - crypto_analysis.vectorbt_optimizer.optimizer - INFO - Optimizing ULTOSC: 5006232 combinations
2026-01-20 16:01:38,314 - crypto_analysis.vectorbt_optimizer.optimizer - INFO - Using tpe sampler with 1000 trials
2026-01-20 16:01:38,592 - crypto_analysis.vectorbt_optimizer.parallel_runner - INFO - ADA/ROC: score=-0.6232, params={'timeperiod': 29}
2026-01-20 16:01:38,604 - crypto_analysis.vectorbt_optimizer.optimizer - INFO - Optimizing TRIX: 26 combinations
2026-01-20 16:01:38,604 - crypto_analysis.vectorbt_optimizer.optimizer - INFO - Using grid sampler with 26 trials
2026-01-20 16:01:38,928 - crypto_analysis.vectorbt_optimizer.parallel_runner - INFO - BTC/ROC: score=-0.5937, params={'timeperiod': 26}
2026-01-20 16:01:38,942 - crypto_analysis.vectorbt_optimizer.optimizer - INFO - Optimizing TRIX: 26 combinations
2026-01-20 16:01:38,943 - crypto_analysis.vectorbt_optimizer.optimizer - INFO - Using grid sampler with 26 trials
2026-01-20 16:01:39,679 - crypto_analysis.vectorbt_optimizer.parallel_runner - INFO - ADA/TRIX: score=-0.0371, params={'timeperiod': 20}
2026-01-20 16:01:39,691 - crypto_analysis.vectorbt_optimizer.optimizer - INFO - Optimizing ULTOSC: 5006232 combinations
2026-01-20 16:01:39,692 - crypto_analysis.vectorbt_optimizer.optimizer - INFO - Using tpe sampler with 1000 trials
2026-01-20 16:01:39,965 - crypto_analysis.vectorbt_optimizer.parallel_runner - INFO - BTC/TRIX: score=-0.1448, params={'timeperiod': 26}
2026-01-20 16:01:39,979 - crypto_analysis.vectorbt_optimizer.optimizer - INFO - Optimizing ULTOSC: 5006232 combinations
2026-01-20 16:01:39,980 - crypto_analysis.vectorbt_optimizer.optimizer - INFO - Using tpe sampler with 1000 trials
2026-01-20 16:02:35,023 - crypto_analysis.vectorbt_optimizer.parallel_runner - INFO - ETH/ULTOSC: score=1.4071, params={'timeperiod1': 4, 'timeperiod2': 28, 'timeperiod3': 46, 'entry_constant': 24.044088376690425, 'exit_constant': 78.44086145840201}
2026-01-20 16:02:35,026 - crypto_analysis.vectorbt_optimizer.optimizer - INFO - Optimizing APO: 416 combinations
2026-01-20 16:02:35,027 - crypto_analysis.vectorbt_optimizer.optimizer - INFO - Using grid sampler with 416 trials
2026-01-20 16:02:35,862 - crypto_analysis.vectorbt_optimizer.parallel_runner - INFO - BNB/ULTOSC: score=1.1050, params={'timeperiod1': 4, 'timeperiod2': 26, 'timeperiod3': 34, 'entry_constant': 28.553862459351443, 'exit_constant': 76.52935732633215}
2026-01-20 16:02:35,866 - crypto_analysis.vectorbt_optimizer.optimizer - INFO - Optimizing APO: 416 combinations
2026-01-20 16:02:35,866 - crypto_analysis.vectorbt_optimizer.optimizer - INFO - Using grid sampler with 416 trials
2026-01-20 16:02:36,778 - crypto_analysis.vectorbt_optimizer.parallel_runner - INFO - ATOM/ULTOSC: score=1.4183, params={'timeperiod1': 5, 'timeperiod2': 8, 'timeperiod3': 43, 'entry_constant': 23.001601524732095, 'exit_constant': 75.87723717259196}
2026-01-20 16:02:36,781 - crypto_analysis.vectorbt_optimizer.optimizer - INFO - Optimizing APO: 416 combinations
2026-01-20 16:02:36,782 - crypto_analysis.vectorbt_optimizer.optimizer - INFO - Using grid sampler with 416 trials
2026-01-20 16:02:37,364 - crypto_analysis.vectorbt_optimizer.parallel_runner - INFO - AVAX/ULTOSC: score=0.7188, params={'timeperiod1': 12, 'timeperiod2': 18, 'timeperiod3': 48, 'entry_constant': 23.513961749984293, 'exit_constant': 73.40705223937185}
2026-01-20 16:02:37,367 - crypto_analysis.vectorbt_optimizer.optimizer - INFO - Optimizing APO: 416 combinations
2026-01-20 16:02:37,368 - crypto_analysis.vectorbt_optimizer.optimizer - INFO - Using grid sampler with 416 trials
2026-01-20 16:02:37,999 - crypto_analysis.vectorbt_optimizer.parallel_runner - INFO - SOL/ULTOSC: score=2.5191, params={'timeperiod1': 11, 'timeperiod2': 16, 'timeperiod3': 16, 'entry_constant': 35.63071006803322, 'exit_constant': 64.59433063596522}
2026-01-20 16:02:38,003 - crypto_analysis.vectorbt_optimizer.optimizer - INFO - Optimizing APO: 416 combinations
2026-01-20 16:02:38,003 - crypto_analysis.vectorbt_optimizer.optimizer - INFO - Using grid sampler with 416 trials
2026-01-20 16:02:43,479 - crypto_analysis.vectorbt_optimizer.parallel_runner - INFO - DOT/ULTOSC: score=0.4830, params={'timeperiod1': 7, 'timeperiod2': 17, 'timeperiod3': 14, 'entry_constant': 24.90663875122738, 'exit_constant': 75.24184732228915}
2026-01-20 16:02:43,482 - crypto_analysis.vectorbt_optimizer.optimizer - INFO - Optimizing APO: 416 combinations
2026-01-20 16:02:43,482 - crypto_analysis.vectorbt_optimizer.optimizer - INFO - Using grid sampler with 416 trials
2026-01-20 16:02:44,837 - crypto_analysis.vectorbt_optimizer.parallel_runner - INFO - XRP/ULTOSC: score=0.8836, params={'timeperiod1': 7, 'timeperiod2': 27, 'timeperiod3': 42, 'entry_constant': 30.272337486259886, 'exit_constant': 76.8388122794147}
2026-01-20 16:02:44,840 - crypto_analysis.vectorbt_optimizer.optimizer - INFO - Optimizing APO: 416 combinations
2026-01-20 16:02:44,841 - crypto_analysis.vectorbt_optimizer.optimizer - INFO - Using grid sampler with 416 trials
2026-01-20 16:02:45,988 - crypto_analysis.vectorbt_optimizer.parallel_runner - INFO - LINK/ULTOSC: score=1.0101, params={'timeperiod1': 14, 'timeperiod2': 26, 'timeperiod3': 21, 'entry_constant': 26.340288544579685, 'exit_constant': 73.88608141023293}
2026-01-20 16:02:45,991 - crypto_analysis.vectorbt_optimizer.optimizer - INFO - Optimizing APO: 416 combinations
2026-01-20 16:02:45,991 - crypto_analysis.vectorbt_optimizer.optimizer - INFO - Using grid sampler with 416 trials
2026-01-20 16:02:46,234 - crypto_analysis.vectorbt_optimizer.parallel_runner - INFO - ADA/ULTOSC: score=0.3921, params={'timeperiod1': 3, 'timeperiod2': 8, 'timeperiod3': 17, 'entry_constant': 25.72660990462498, 'exit_constant': 62.92982890126342}
2026-01-20 16:02:46,238 - crypto_analysis.vectorbt_optimizer.optimizer - INFO - Optimizing APO: 416 combinations
2026-01-20 16:02:46,238 - crypto_analysis.vectorbt_optimizer.optimizer - INFO - Using grid sampler with 416 trials
2026-01-20 16:02:46,809 - crypto_analysis.vectorbt_optimizer.parallel_runner - INFO - BTC/ULTOSC: score=0.3925, params={'timeperiod1': 6, 'timeperiod2': 19, 'timeperiod3': 29, 'entry_constant': 29.083184284085995, 'exit_constant': 65.86268359559244}
2026-01-20 16:02:46,812 - crypto_analysis.vectorbt_optimizer.optimizer - INFO - Optimizing APO: 416 combinations
2026-01-20 16:02:46,812 - crypto_analysis.vectorbt_optimizer.optimizer - INFO - Using grid sampler with 416 trials
2026-01-20 16:03:14,802 - crypto_analysis.vectorbt_optimizer.parallel_runner - INFO - ETH/APO: score=0.0000, params={'fastperiod': 20, 'slowperiod': 20}
2026-01-20 16:03:14,812 - crypto_analysis.vectorbt_optimizer.optimizer - INFO - Optimizing PPO: 416 combinations
2026-01-20 16:03:14,813 - crypto_analysis.vectorbt_optimizer.optimizer - INFO - Using grid sampler with 416 trials
2026-01-20 16:03:14,951 - crypto_analysis.vectorbt_optimizer.parallel_runner - INFO - BNB/APO: score=0.3021, params={'fastperiod': 17, 'slowperiod': 33}
2026-01-20 16:03:14,960 - crypto_analysis.vectorbt_optimizer.optimizer - INFO - Optimizing PPO: 416 combinations
2026-01-20 16:03:14,961 - crypto_analysis.vectorbt_optimizer.optimizer - INFO - Using grid sampler with 416 trials
2026-01-20 16:03:15,902 - crypto_analysis.vectorbt_optimizer.parallel_runner - INFO - ATOM/APO: score=0.0000, params={'fastperiod': 20, 'slowperiod': 20}
2026-01-20 16:03:15,915 - crypto_analysis.vectorbt_optimizer.optimizer - INFO - Optimizing PPO: 416 combinations
2026-01-20 16:03:15,915 - crypto_analysis.vectorbt_optimizer.optimizer - INFO - Using grid sampler with 416 trials
2026-01-20 16:03:16,401 - crypto_analysis.vectorbt_optimizer.parallel_runner - INFO - AVAX/APO: score=0.0000, params={'fastperiod': 20, 'slowperiod': 20}
2026-01-20 16:03:16,411 - crypto_analysis.vectorbt_optimizer.optimizer - INFO - Optimizing PPO: 416 combinations
2026-01-20 16:03:16,412 - crypto_analysis.vectorbt_optimizer.optimizer - INFO - Using grid sampler with 416 trials
2026-01-20 16:03:17,460 - crypto_analysis.vectorbt_optimizer.parallel_runner - INFO - SOL/APO: score=0.0000, params={'fastperiod': 20, 'slowperiod': 20}
2026-01-20 16:03:17,471 - crypto_analysis.vectorbt_optimizer.optimizer - INFO - Optimizing PPO: 416 combinations
2026-01-20 16:03:17,471 - crypto_analysis.vectorbt_optimizer.optimizer - INFO - Using grid sampler with 416 trials
2026-01-20 16:03:22,491 - crypto_analysis.vectorbt_optimizer.parallel_runner - INFO - DOT/APO: score=0.0000, params={'fastperiod': 20, 'slowperiod': 20}
2026-01-20 16:03:22,506 - crypto_analysis.vectorbt_optimizer.optimizer - INFO - Optimizing PPO: 416 combinations
2026-01-20 16:03:22,506 - crypto_analysis.vectorbt_optimizer.optimizer - INFO - Using grid sampler with 416 trials
2026-01-20 16:03:23,972 - crypto_analysis.vectorbt_optimizer.parallel_runner - INFO - XRP/APO: score=0.3687, params={'fastperiod': 10, 'slowperiod': 23}
2026-01-20 16:03:23,982 - crypto_analysis.vectorbt_optimizer.optimizer - INFO - Optimizing PPO: 416 combinations
2026-01-20 16:03:23,983 - crypto_analysis.vectorbt_optimizer.optimizer - INFO - Using grid sampler with 416 trials
2026-01-20 16:03:24,987 - crypto_analysis.vectorbt_optimizer.parallel_runner - INFO - LINK/APO: score=0.0000, params={'fastperiod': 20, 'slowperiod': 20}
2026-01-20 16:03:24,998 - crypto_analysis.vectorbt_optimizer.optimizer - INFO - Optimizing PPO: 416 combinations
2026-01-20 16:03:24,999 - crypto_analysis.vectorbt_optimizer.optimizer - INFO - Using grid sampler with 416 trials
2026-01-20 16:03:25,797 - crypto_analysis.vectorbt_optimizer.parallel_runner - INFO - ADA/APO: score=0.0000, params={'fastperiod': 20, 'slowperiod': 20}
2026-01-20 16:03:25,807 - crypto_analysis.vectorbt_optimizer.optimizer - INFO - Optimizing PPO: 416 combinations
2026-01-20 16:03:25,807 - crypto_analysis.vectorbt_optimizer.optimizer - INFO - Using grid sampler with 416 trials
2026-01-20 16:03:26,190 - crypto_analysis.vectorbt_optimizer.parallel_runner - INFO - BTC/APO: score=0.0000, params={'fastperiod': 20, 'slowperiod': 20}
2026-01-20 16:03:26,205 - crypto_analysis.vectorbt_optimizer.optimizer - INFO - Optimizing PPO: 416 combinations
2026-01-20 16:03:26,206 - crypto_analysis.vectorbt_optimizer.optimizer - INFO - Using grid sampler with 416 trials
2026-01-20 16:03:53,272 - crypto_analysis.vectorbt_optimizer.parallel_runner - INFO - BNB/PPO: score=0.3021, params={'fastperiod': 17, 'slowperiod': 33}
2026-01-20 16:03:53,285 - crypto_analysis.vectorbt_optimizer.optimizer - INFO - Optimizing BOP: 1 combinations
2026-01-20 16:03:53,286 - crypto_analysis.vectorbt_optimizer.optimizer - INFO - Using grid sampler with 1 trials
2026-01-20 16:03:53,339 - crypto_analysis.vectorbt_optimizer.parallel_runner - INFO - BNB/BOP: score=-0.9872, params={}
2026-01-20 16:03:53,349 - crypto_analysis.vectorbt_optimizer.optimizer - INFO - Optimizing AROON: 26 combinations
2026-01-20 16:03:53,349 - crypto_analysis.vectorbt_optimizer.optimizer - INFO - Using grid sampler with 26 trials
2026-01-20 16:03:53,490 - crypto_analysis.vectorbt_optimizer.parallel_runner - INFO - ETH/PPO: score=0.0000, params={'fastperiod': 20, 'slowperiod': 20}
2026-01-20 16:03:53,502 - crypto_analysis.vectorbt_optimizer.optimizer - INFO - Optimizing BOP: 1 combinations
2026-01-20 16:03:53,502 - crypto_analysis.vectorbt_optimizer.optimizer - INFO - Using grid sampler with 1 trials
2026-01-20 16:03:53,556 - crypto_analysis.vectorbt_optimizer.parallel_runner - INFO - ETH/BOP: score=-0.9862, params={}
2026-01-20 16:03:53,566 - crypto_analysis.vectorbt_optimizer.optimizer - INFO - Optimizing AROON: 26 combinations
2026-01-20 16:03:53,566 - crypto_analysis.vectorbt_optimizer.optimizer - INFO - Using grid sampler with 26 trials
2026-01-20 16:03:53,990 - crypto_analysis.vectorbt_optimizer.parallel_runner - INFO - BNB/AROON: score=-0.0060, params={'timeperiod': 29}
2026-01-20 16:03:53,996 - crypto_analysis.vectorbt_optimizer.optimizer - INFO - Optimizing AROONOSC: 26 combinations
2026-01-20 16:03:53,997 - crypto_analysis.vectorbt_optimizer.optimizer - INFO - Using grid sampler with 26 trials
2026-01-20 16:03:54,215 - crypto_analysis.vectorbt_optimizer.parallel_runner - INFO - ETH/AROON: score=-0.1575, params={'timeperiod': 12}
2026-01-20 16:03:54,222 - crypto_analysis.vectorbt_optimizer.optimizer - INFO - Optimizing AROONOSC: 26 combinations
2026-01-20 16:03:54,222 - crypto_analysis.vectorbt_optimizer.optimizer - INFO - Using grid sampler with 26 trials
2026-01-20 16:03:54,941 - crypto_analysis.vectorbt_optimizer.parallel_runner - INFO - BNB/AROONOSC: score=-0.0060, params={'timeperiod': 29}
2026-01-20 16:03:54,954 - crypto_analysis.vectorbt_optimizer.optimizer - INFO - Optimizing ADXR: 5082 combinations
2026-01-20 16:03:54,955 - crypto_analysis.vectorbt_optimizer.optimizer - INFO - Using tpe sampler with 1000 trials
2026-01-20 16:03:55,157 - crypto_analysis.vectorbt_optimizer.parallel_runner - INFO - ATOM/PPO: score=0.0000, params={'fastperiod': 20, 'slowperiod': 20}
2026-01-20 16:03:55,168 - crypto_analysis.vectorbt_optimizer.optimizer - INFO - Optimizing BOP: 1 combinations
2026-01-20 16:03:55,168 - crypto_analysis.vectorbt_optimizer.optimizer - INFO - Using grid sampler with 1 trials
2026-01-20 16:03:55,212 - crypto_analysis.vectorbt_optimizer.parallel_runner - INFO - ETH/AROONOSC: score=-0.1575, params={'timeperiod': 12}
2026-01-20 16:03:55,221 - crypto_analysis.vectorbt_optimizer.parallel_runner - INFO - ATOM/BOP: score=-0.9922, params={}
2026-01-20 16:03:55,225 - crypto_analysis.vectorbt_optimizer.optimizer - INFO - Optimizing ADXR: 5082 combinations
2026-01-20 16:03:55,226 - crypto_analysis.vectorbt_optimizer.optimizer - INFO - Using tpe sampler with 1000 trials
2026-01-20 16:03:55,231 - crypto_analysis.vectorbt_optimizer.optimizer - INFO - Optimizing AROON: 26 combinations
2026-01-20 16:03:55,231 - crypto_analysis.vectorbt_optimizer.optimizer - INFO - Using grid sampler with 26 trials
2026-01-20 16:03:55,371 - crypto_analysis.vectorbt_optimizer.parallel_runner - INFO - AVAX/PPO: score=0.0000, params={'fastperiod': 20, 'slowperiod': 20}
2026-01-20 16:03:55,382 - crypto_analysis.vectorbt_optimizer.optimizer - INFO - Optimizing BOP: 1 combinations
2026-01-20 16:03:55,382 - crypto_analysis.vectorbt_optimizer.optimizer - INFO - Using grid sampler with 1 trials
2026-01-20 16:03:55,439 - crypto_analysis.vectorbt_optimizer.parallel_runner - INFO - AVAX/BOP: score=-0.9946, params={}
2026-01-20 16:03:55,452 - crypto_analysis.vectorbt_optimizer.optimizer - INFO - Optimizing AROON: 26 combinations
2026-01-20 16:03:55,452 - crypto_analysis.vectorbt_optimizer.optimizer - INFO - Using grid sampler with 26 trials
2026-01-20 16:03:55,900 - crypto_analysis.vectorbt_optimizer.parallel_runner - INFO - ATOM/AROON: score=-0.3056, params={'timeperiod': 17}
2026-01-20 16:03:55,906 - crypto_analysis.vectorbt_optimizer.optimizer - INFO - Optimizing AROONOSC: 26 combinations
2026-01-20 16:03:55,907 - crypto_analysis.vectorbt_optimizer.optimizer - INFO - Using grid sampler with 26 trials
2026-01-20 16:03:56,099 - crypto_analysis.vectorbt_optimizer.parallel_runner - INFO - AVAX/AROON: score=-0.3122, params={'timeperiod': 18}
2026-01-20 16:03:56,105 - crypto_analysis.vectorbt_optimizer.optimizer - INFO - Optimizing AROONOSC: 26 combinations
2026-01-20 16:03:56,106 - crypto_analysis.vectorbt_optimizer.optimizer - INFO - Using grid sampler with 26 trials
2026-01-20 16:03:56,609 - crypto_analysis.vectorbt_optimizer.parallel_runner - INFO - SOL/PPO: score=0.0000, params={'fastperiod': 20, 'slowperiod': 20}
2026-01-20 16:03:56,619 - crypto_analysis.vectorbt_optimizer.optimizer - INFO - Optimizing BOP: 1 combinations
2026-01-20 16:03:56,620 - crypto_analysis.vectorbt_optimizer.optimizer - INFO - Using grid sampler with 1 trials
2026-01-20 16:03:56,677 - crypto_analysis.vectorbt_optimizer.parallel_runner - INFO - SOL/BOP: score=-0.9934, params={}
2026-01-20 16:03:56,688 - crypto_analysis.vectorbt_optimizer.optimizer - INFO - Optimizing AROON: 26 combinations
2026-01-20 16:03:56,688 - crypto_analysis.vectorbt_optimizer.optimizer - INFO - Using grid sampler with 26 trials
2026-01-20 16:03:56,890 - crypto_analysis.vectorbt_optimizer.parallel_runner - INFO - ATOM/AROONOSC: score=-0.3056, params={'timeperiod': 17}
2026-01-20 16:03:56,904 - crypto_analysis.vectorbt_optimizer.optimizer - INFO - Optimizing ADXR: 5082 combinations
2026-01-20 16:03:56,905 - crypto_analysis.vectorbt_optimizer.optimizer - INFO - Using tpe sampler with 1000 trials
2026-01-20 16:03:57,098 - crypto_analysis.vectorbt_optimizer.parallel_runner - INFO - AVAX/AROONOSC: score=-0.3122, params={'timeperiod': 18}
2026-01-20 16:03:57,109 - crypto_analysis.vectorbt_optimizer.optimizer - INFO - Optimizing ADXR: 5082 combinations
2026-01-20 16:03:57,110 - crypto_analysis.vectorbt_optimizer.optimizer - INFO - Using tpe sampler with 1000 trials
2026-01-20 16:03:57,332 - crypto_analysis.vectorbt_optimizer.parallel_runner - INFO - SOL/AROON: score=-0.3564, params={'timeperiod': 24}
2026-01-20 16:03:57,337 - crypto_analysis.vectorbt_optimizer.optimizer - INFO - Optimizing AROONOSC: 26 combinations
2026-01-20 16:03:57,338 - crypto_analysis.vectorbt_optimizer.optimizer - INFO - Using grid sampler with 26 trials
2026-01-20 16:03:58,418 - crypto_analysis.vectorbt_optimizer.parallel_runner - INFO - SOL/AROONOSC: score=-0.3564, params={'timeperiod': 24}
2026-01-20 16:03:58,429 - crypto_analysis.vectorbt_optimizer.optimizer - INFO - Optimizing ADXR: 5082 combinations
2026-01-20 16:03:58,430 - crypto_analysis.vectorbt_optimizer.optimizer - INFO - Using tpe sampler with 1000 trials
2026-01-20 16:04:01,516 - crypto_analysis.vectorbt_optimizer.parallel_runner - INFO - DOT/PPO: score=0.0000, params={'fastperiod': 20, 'slowperiod': 20}
2026-01-20 16:04:01,526 - crypto_analysis.vectorbt_optimizer.optimizer - INFO - Optimizing BOP: 1 combinations
2026-01-20 16:04:01,527 - crypto_analysis.vectorbt_optimizer.optimizer - INFO - Using grid sampler with 1 trials
2026-01-20 16:04:01,582 - crypto_analysis.vectorbt_optimizer.parallel_runner - INFO - DOT/BOP: score=-0.9967, params={}
2026-01-20 16:04:01,593 - crypto_analysis.vectorbt_optimizer.optimizer - INFO - Optimizing AROON: 26 combinations
2026-01-20 16:04:01,593 - crypto_analysis.vectorbt_optimizer.optimizer - INFO - Using grid sampler with 26 trials
2026-01-20 16:04:02,260 - crypto_analysis.vectorbt_optimizer.parallel_runner - INFO - DOT/AROON: score=-0.4652, params={'timeperiod': 21}
2026-01-20 16:04:02,266 - crypto_analysis.vectorbt_optimizer.optimizer - INFO - Optimizing AROONOSC: 26 combinations
2026-01-20 16:04:02,267 - crypto_analysis.vectorbt_optimizer.optimizer - INFO - Using grid sampler with 26 trials
2026-01-20 16:04:03,247 - crypto_analysis.vectorbt_optimizer.parallel_runner - INFO - DOT/AROONOSC: score=-0.4652, params={'timeperiod': 21}
2026-01-20 16:04:03,261 - crypto_analysis.vectorbt_optimizer.optimizer - INFO - Optimizing ADXR: 5082 combinations
2026-01-20 16:04:03,262 - crypto_analysis.vectorbt_optimizer.optimizer - INFO - Using tpe sampler with 1000 trials
2026-01-20 16:04:03,348 - crypto_analysis.vectorbt_optimizer.parallel_runner - INFO - XRP/PPO: score=0.3687, params={'fastperiod': 10, 'slowperiod': 23}
2026-01-20 16:04:03,360 - crypto_analysis.vectorbt_optimizer.optimizer - INFO - Optimizing BOP: 1 combinations
2026-01-20 16:04:03,361 - crypto_analysis.vectorbt_optimizer.optimizer - INFO - Using grid sampler with 1 trials
2026-01-20 16:04:03,422 - crypto_analysis.vectorbt_optimizer.parallel_runner - INFO - XRP/BOP: score=-0.9885, params={}
2026-01-20 16:04:03,433 - crypto_analysis.vectorbt_optimizer.optimizer - INFO - Optimizing AROON: 26 combinations
2026-01-20 16:04:03,434 - crypto_analysis.vectorbt_optimizer.optimizer - INFO - Using grid sampler with 26 trials
2026-01-20 16:04:04,102 - crypto_analysis.vectorbt_optimizer.parallel_runner - INFO - XRP/AROON: score=0.2015, params={'timeperiod': 19}
2026-01-20 16:04:04,108 - crypto_analysis.vectorbt_optimizer.optimizer - INFO - Optimizing AROONOSC: 26 combinations
2026-01-20 16:04:04,109 - crypto_analysis.vectorbt_optimizer.optimizer - INFO - Using grid sampler with 26 trials
2026-01-20 16:04:04,429 - crypto_analysis.vectorbt_optimizer.parallel_runner - INFO - LINK/PPO: score=0.0000, params={'fastperiod': 20, 'slowperiod': 20}
2026-01-20 16:04:04,440 - crypto_analysis.vectorbt_optimizer.optimizer - INFO - Optimizing BOP: 1 combinations
2026-01-20 16:04:04,441 - crypto_analysis.vectorbt_optimizer.optimizer - INFO - Using grid sampler with 1 trials
2026-01-20 16:04:04,492 - crypto_analysis.vectorbt_optimizer.parallel_runner - INFO - LINK/BOP: score=-0.9972, params={}
2026-01-20 16:04:04,502 - crypto_analysis.vectorbt_optimizer.optimizer - INFO - Optimizing AROON: 26 combinations
2026-01-20 16:04:04,503 - crypto_analysis.vectorbt_optimizer.optimizer - INFO - Using grid sampler with 26 trials
2026-01-20 16:04:04,553 - crypto_analysis.vectorbt_optimizer.parallel_runner - INFO - ADA/PPO: score=0.0000, params={'fastperiod': 20, 'slowperiod': 20}
2026-01-20 16:04:04,563 - crypto_analysis.vectorbt_optimizer.optimizer - INFO - Optimizing BOP: 1 combinations
2026-01-20 16:04:04,564 - crypto_analysis.vectorbt_optimizer.optimizer - INFO - Using grid sampler with 1 trials
2026-01-20 16:04:04,618 - crypto_analysis.vectorbt_optimizer.parallel_runner - INFO - ADA/BOP: score=-0.9946, params={}
2026-01-20 16:04:04,628 - crypto_analysis.vectorbt_optimizer.optimizer - INFO - Optimizing AROON: 26 combinations
2026-01-20 16:04:04,628 - crypto_analysis.vectorbt_optimizer.optimizer - INFO - Using grid sampler with 26 trials
2026-01-20 16:04:05,139 - crypto_analysis.vectorbt_optimizer.parallel_runner - INFO - XRP/AROONOSC: score=0.2015, params={'timeperiod': 19}
2026-01-20 16:04:05,151 - crypto_analysis.vectorbt_optimizer.optimizer - INFO - Optimizing ADXR: 5082 combinations
2026-01-20 16:04:05,153 - crypto_analysis.vectorbt_optimizer.optimizer - INFO - Using tpe sampler with 1000 trials
2026-01-20 16:04:05,163 - crypto_analysis.vectorbt_optimizer.parallel_runner - INFO - LINK/AROON: score=-0.3547, params={'timeperiod': 12}
2026-01-20 16:04:05,170 - crypto_analysis.vectorbt_optimizer.optimizer - INFO - Optimizing AROONOSC: 26 combinations
2026-01-20 16:04:05,170 - crypto_analysis.vectorbt_optimizer.optimizer - INFO - Using grid sampler with 26 trials
2026-01-20 16:04:05,302 - crypto_analysis.vectorbt_optimizer.parallel_runner - INFO - ADA/AROON: score=-0.5280, params={'timeperiod': 27}
2026-01-20 16:04:05,310 - crypto_analysis.vectorbt_optimizer.optimizer - INFO - Optimizing AROONOSC: 26 combinations
2026-01-20 16:04:05,311 - crypto_analysis.vectorbt_optimizer.optimizer - INFO - Using grid sampler with 26 trials
2026-01-20 16:04:05,471 - crypto_analysis.vectorbt_optimizer.parallel_runner - INFO - BTC/PPO: score=0.0000, params={'fastperiod': 20, 'slowperiod': 20}
2026-01-20 16:04:05,481 - crypto_analysis.vectorbt_optimizer.optimizer - INFO - Optimizing BOP: 1 combinations
2026-01-20 16:04:05,482 - crypto_analysis.vectorbt_optimizer.optimizer - INFO - Using grid sampler with 1 trials
2026-01-20 16:04:05,537 - crypto_analysis.vectorbt_optimizer.parallel_runner - INFO - BTC/BOP: score=-0.9920, params={}
2026-01-20 16:04:05,549 - crypto_analysis.vectorbt_optimizer.optimizer - INFO - Optimizing AROON: 26 combinations
2026-01-20 16:04:05,549 - crypto_analysis.vectorbt_optimizer.optimizer - INFO - Using grid sampler with 26 trials
2026-01-20 16:04:06,204 - crypto_analysis.vectorbt_optimizer.parallel_runner - INFO - LINK/AROONOSC: score=-0.3547, params={'timeperiod': 12}
2026-01-20 16:04:06,219 - crypto_analysis.vectorbt_optimizer.optimizer - INFO - Optimizing ADXR: 5082 combinations
2026-01-20 16:04:06,220 - crypto_analysis.vectorbt_optimizer.optimizer - INFO - Using tpe sampler with 1000 trials
2026-01-20 16:04:06,240 - crypto_analysis.vectorbt_optimizer.parallel_runner - INFO - BTC/AROON: score=-0.3473, params={'timeperiod': 30}
2026-01-20 16:04:06,247 - crypto_analysis.vectorbt_optimizer.optimizer - INFO - Optimizing AROONOSC: 26 combinations
2026-01-20 16:04:06,248 - crypto_analysis.vectorbt_optimizer.optimizer - INFO - Using grid sampler with 26 trials
2026-01-20 16:04:06,357 - crypto_analysis.vectorbt_optimizer.parallel_runner - INFO - ADA/AROONOSC: score=-0.5280, params={'timeperiod': 27}
2026-01-20 16:04:06,371 - crypto_analysis.vectorbt_optimizer.optimizer - INFO - Optimizing ADXR: 5082 combinations
2026-01-20 16:04:06,372 - crypto_analysis.vectorbt_optimizer.optimizer - INFO - Using tpe sampler with 1000 trials
2026-01-20 16:04:07,276 - crypto_analysis.vectorbt_optimizer.parallel_runner - INFO - BTC/AROONOSC: score=-0.3473, params={'timeperiod': 30}
2026-01-20 16:04:07,291 - crypto_analysis.vectorbt_optimizer.optimizer - INFO - Optimizing ADXR: 5082 combinations
2026-01-20 16:04:07,292 - crypto_analysis.vectorbt_optimizer.optimizer - INFO - Using tpe sampler with 1000 trials
2026-01-20 16:04:42,110 - crypto_analysis.vectorbt_optimizer.parallel_runner - INFO - BNB/ADXR: score=1.0411, params={'timeperiod': 28, 'entry_constant': 23.94145598641466, 'exit_constant': 20.36842842623054}
2026-01-20 16:04:42,113 - crypto_analysis.vectorbt_optimizer.optimizer - INFO - Optimizing DX: 8736 combinations
2026-01-20 16:04:42,114 - crypto_analysis.vectorbt_optimizer.optimizer - INFO - Using tpe sampler with 1000 trials
2026-01-20 16:04:43,399 - crypto_analysis.vectorbt_optimizer.parallel_runner - INFO - ETH/ADXR: score=1.0102, params={'timeperiod': 27, 'entry_constant': 31.036310777182617, 'exit_constant': 21.547158395427424}
2026-01-20 16:04:43,403 - crypto_analysis.vectorbt_optimizer.optimizer - INFO - Optimizing DX: 8736 combinations
2026-01-20 16:04:43,404 - crypto_analysis.vectorbt_optimizer.optimizer - INFO - Using tpe sampler with 1000 trials
2026-01-20 16:04:44,191 - crypto_analysis.vectorbt_optimizer.parallel_runner - INFO - ATOM/ADXR: score=2.3499, params={'timeperiod': 27, 'entry_constant': 22.85413985330693, 'exit_constant': 23.7403947008223}
2026-01-20 16:04:44,194 - crypto_analysis.vectorbt_optimizer.optimizer - INFO - Optimizing DX: 8736 combinations
2026-01-20 16:04:44,195 - crypto_analysis.vectorbt_optimizer.optimizer - INFO - Using tpe sampler with 1000 trials
2026-01-20 16:04:44,885 - crypto_analysis.vectorbt_optimizer.parallel_runner - INFO - AVAX/ADXR: score=1.0003, params={'timeperiod': 26, 'entry_constant': 25.461462981766765, 'exit_constant': 24.647350190741022}
2026-01-20 16:04:44,888 - crypto_analysis.vectorbt_optimizer.optimizer - INFO - Optimizing DX: 8736 combinations
2026-01-20 16:04:44,889 - crypto_analysis.vectorbt_optimizer.optimizer - INFO - Using tpe sampler with 1000 trials
2026-01-20 16:04:46,645 - crypto_analysis.vectorbt_optimizer.parallel_runner - INFO - SOL/ADXR: score=1.2115, params={'timeperiod': 23, 'entry_constant': 31.045646677119684, 'exit_constant': 24.264427190548602}
2026-01-20 16:04:46,648 - crypto_analysis.vectorbt_optimizer.optimizer - INFO - Optimizing DX: 8736 combinations
2026-01-20 16:04:46,649 - crypto_analysis.vectorbt_optimizer.optimizer - INFO - Using tpe sampler with 1000 trials
2026-01-20 16:04:50,728 - crypto_analysis.vectorbt_optimizer.parallel_runner - INFO - DOT/ADXR: score=1.0561, params={'timeperiod': 24, 'entry_constant': 33.86540487578638, 'exit_constant': 17.95034838334291}
2026-01-20 16:04:50,731 - crypto_analysis.vectorbt_optimizer.optimizer - INFO - Optimizing DX: 8736 combinations
2026-01-20 16:04:50,732 - crypto_analysis.vectorbt_optimizer.optimizer - INFO - Using tpe sampler with 1000 trials
2026-01-20 16:04:53,100 - crypto_analysis.vectorbt_optimizer.parallel_runner - INFO - XRP/ADXR: score=2.3087, params={'timeperiod': 23, 'entry_constant': 34.97112634222328, 'exit_constant': 15.973597835438063}
2026-01-20 16:04:53,103 - crypto_analysis.vectorbt_optimizer.optimizer - INFO - Optimizing DX: 8736 combinations
2026-01-20 16:04:53,104 - crypto_analysis.vectorbt_optimizer.optimizer - INFO - Using tpe sampler with 1000 trials
2026-01-20 16:04:54,125 - crypto_analysis.vectorbt_optimizer.parallel_runner - INFO - LINK/ADXR: score=3.2288, params={'timeperiod': 24, 'entry_constant': 31.76823852406012, 'exit_constant': 15.528190699651828}
2026-01-20 16:04:54,128 - crypto_analysis.vectorbt_optimizer.optimizer - INFO - Optimizing DX: 8736 combinations
2026-01-20 16:04:54,129 - crypto_analysis.vectorbt_optimizer.optimizer - INFO - Using tpe sampler with 1000 trials
2026-01-20 16:04:54,226 - crypto_analysis.vectorbt_optimizer.parallel_runner - INFO - ADA/ADXR: score=1.1418, params={'timeperiod': 28, 'entry_constant': 31.777034082394266, 'exit_constant': 24.532120686378487}
2026-01-20 16:04:54,229 - crypto_analysis.vectorbt_optimizer.optimizer - INFO - Optimizing DX: 8736 combinations
2026-01-20 16:04:54,229 - crypto_analysis.vectorbt_optimizer.optimizer - INFO - Using tpe sampler with 1000 trials
2026-01-20 16:04:54,277 - crypto_analysis.vectorbt_optimizer.parallel_runner - INFO - BTC/ADXR: score=0.4575, params={'timeperiod': 28, 'entry_constant': 23.444051960919595, 'exit_constant': 23.158702968950557}
2026-01-20 16:04:54,280 - crypto_analysis.vectorbt_optimizer.optimizer - INFO - Optimizing DX: 8736 combinations
2026-01-20 16:04:54,281 - crypto_analysis.vectorbt_optimizer.optimizer - INFO - Using tpe sampler with 1000 trials
2026-01-20 16:05:30,111 - crypto_analysis.vectorbt_optimizer.parallel_runner - INFO - BNB/DX: score=0.4364, params={'timeperiod': 30, 'entry_constant': 23.078096601150584, 'exit_constant': 13.58012330734874}
2026-01-20 16:05:30,114 - crypto_analysis.vectorbt_optimizer.optimizer - INFO - Optimizing MACDEXT: 3335904 combinations
2026-01-20 16:05:30,115 - crypto_analysis.vectorbt_optimizer.optimizer - INFO - Using tpe sampler with 1000 trials
2026-01-20 16:05:30,901 - crypto_analysis.vectorbt_optimizer.parallel_runner - INFO - ETH/DX: score=0.8368, params={'timeperiod': 28, 'entry_constant': 35.61329591428156, 'exit_constant': 10.005397878083668}
2026-01-20 16:05:30,904 - crypto_analysis.vectorbt_optimizer.optimizer - INFO - Optimizing MACDEXT: 3335904 combinations
2026-01-20 16:05:30,905 - crypto_analysis.vectorbt_optimizer.optimizer - INFO - Using tpe sampler with 1000 trials
2026-01-20 16:05:31,621 - crypto_analysis.vectorbt_optimizer.parallel_runner - INFO - AVAX/DX: score=0.5372, params={'timeperiod': 26, 'entry_constant': 39.63473512407097, 'exit_constant': 10.645731973541771}
2026-01-20 16:05:31,624 - crypto_analysis.vectorbt_optimizer.optimizer - INFO - Optimizing MACDEXT: 3335904 combinations
2026-01-20 16:05:31,625 - crypto_analysis.vectorbt_optimizer.optimizer - INFO - Using tpe sampler with 1000 trials
2026-01-20 16:05:32,334 - crypto_analysis.vectorbt_optimizer.parallel_runner - INFO - ATOM/DX: score=0.5368, params={'timeperiod': 28, 'entry_constant': 39.53643387321207, 'exit_constant': 10.296433953298477}
2026-01-20 16:05:32,338 - crypto_analysis.vectorbt_optimizer.optimizer - INFO - Optimizing MACDEXT: 3335904 combinations
2026-01-20 16:05:32,339 - crypto_analysis.vectorbt_optimizer.optimizer - INFO - Using tpe sampler with 1000 trials
2026-01-20 16:05:33,665 - crypto_analysis.vectorbt_optimizer.parallel_runner - INFO - SOL/DX: score=0.3457, params={'timeperiod': 27, 'entry_constant': 39.344699438077726, 'exit_constant': 13.79232439800488}
2026-01-20 16:05:33,668 - crypto_analysis.vectorbt_optimizer.optimizer - INFO - Optimizing MACDEXT: 3335904 combinations
2026-01-20 16:05:33,669 - crypto_analysis.vectorbt_optimizer.optimizer - INFO - Using tpe sampler with 1000 trials
2026-01-20 16:05:38,953 - crypto_analysis.vectorbt_optimizer.parallel_runner - INFO - DOT/DX: score=0.4308, params={'timeperiod': 25, 'entry_constant': 38.640975179064746, 'exit_constant': 24.997827022001758}
2026-01-20 16:05:38,956 - crypto_analysis.vectorbt_optimizer.optimizer - INFO - Optimizing MACDEXT: 3335904 combinations
2026-01-20 16:05:38,956 - crypto_analysis.vectorbt_optimizer.optimizer - INFO - Using tpe sampler with 1000 trials
2026-01-20 16:05:41,281 - crypto_analysis.vectorbt_optimizer.parallel_runner - INFO - ADA/DX: score=0.3376, params={'timeperiod': 24, 'entry_constant': 39.34088899148784, 'exit_constant': 18.900655477527447}
2026-01-20 16:05:41,284 - crypto_analysis.vectorbt_optimizer.optimizer - INFO - Optimizing MACDEXT: 3335904 combinations
2026-01-20 16:05:41,285 - crypto_analysis.vectorbt_optimizer.optimizer - INFO - Using tpe sampler with 1000 trials
2026-01-20 16:05:41,288 - crypto_analysis.vectorbt_optimizer.parallel_runner - INFO - XRP/DX: score=0.7472, params={'timeperiod': 23, 'entry_constant': 39.99773797702244, 'exit_constant': 11.26267379405983}
2026-01-20 16:05:41,291 - crypto_analysis.vectorbt_optimizer.optimizer - INFO - Optimizing MACDEXT: 3335904 combinations
2026-01-20 16:05:41,292 - crypto_analysis.vectorbt_optimizer.optimizer - INFO - Using tpe sampler with 1000 trials
2026-01-20 16:05:41,853 - crypto_analysis.vectorbt_optimizer.parallel_runner - INFO - BTC/DX: score=-0.0007, params={'timeperiod': 30, 'entry_constant': 39.992035848042164, 'exit_constant': 14.228911686987946}
2026-01-20 16:05:41,855 - crypto_analysis.vectorbt_optimizer.optimizer - INFO - Optimizing MACDEXT: 3335904 combinations
2026-01-20 16:05:41,856 - crypto_analysis.vectorbt_optimizer.optimizer - INFO - Using tpe sampler with 1000 trials
2026-01-20 16:05:41,882 - crypto_analysis.vectorbt_optimizer.parallel_runner - INFO - LINK/DX: score=0.5227, params={'timeperiod': 29, 'entry_constant': 39.428058922214106, 'exit_constant': 14.390905681501337}
2026-01-20 16:05:41,885 - crypto_analysis.vectorbt_optimizer.optimizer - INFO - Optimizing MACDEXT: 3335904 combinations
2026-01-20 16:05:41,885 - crypto_analysis.vectorbt_optimizer.optimizer - INFO - Using tpe sampler with 1000 trials
2026-01-20 16:06:48,999 - crypto_analysis.vectorbt_optimizer.parallel_runner - INFO - ETH/MACDEXT: score=0.5928, params={'fastperiod': 10, 'slowperiod': 31, 'signalperiod': 15, 'fastmatype': 2, 'slowmatype': 4, 'signalmatype': 8}
2026-01-20 16:06:49,004 - crypto_analysis.vectorbt_optimizer.optimizer - INFO - Optimizing MACDFIX: 11 combinations
2026-01-20 16:06:49,005 - crypto_analysis.vectorbt_optimizer.optimizer - INFO - Using grid sampler with 11 trials
2026-01-20 16:06:49,018 - crypto_analysis.vectorbt_optimizer.parallel_runner - INFO - BNB/MACDEXT: score=0.2529, params={'fastperiod': 14, 'slowperiod': 40, 'signalperiod': 6, 'fastmatype': 8, 'slowmatype': 8, 'signalmatype': 8}
2026-01-20 16:06:49,024 - crypto_analysis.vectorbt_optimizer.optimizer - INFO - Optimizing MACDFIX: 11 combinations
2026-01-20 16:06:49,024 - crypto_analysis.vectorbt_optimizer.optimizer - INFO - Using grid sampler with 11 trials
2026-01-20 16:06:49,221 - crypto_analysis.vectorbt_optimizer.parallel_runner - INFO - AVAX/MACDEXT: score=0.1810, params={'fastperiod': 20, 'slowperiod': 24, 'signalperiod': 10, 'fastmatype': 3, 'slowmatype': 2, 'signalmatype': 1}
2026-01-20 16:06:49,226 - crypto_analysis.vectorbt_optimizer.optimizer - INFO - Optimizing MACDFIX: 11 combinations
2026-01-20 16:06:49,227 - crypto_analysis.vectorbt_optimizer.optimizer - INFO - Using grid sampler with 11 trials
2026-01-20 16:06:49,280 - crypto_analysis.vectorbt_optimizer.parallel_runner - INFO - ETH/MACDFIX: score=-0.2309, params={'signalperiod': 6}
2026-01-20 16:06:49,288 - crypto_analysis.vectorbt_optimizer.optimizer - INFO - Optimizing MINUS_DI: 14196 combinations
2026-01-20 16:06:49,289 - crypto_analysis.vectorbt_optimizer.optimizer - INFO - Using tpe sampler with 1000 trials
2026-01-20 16:06:49,301 - crypto_analysis.vectorbt_optimizer.parallel_runner - INFO - BNB/MACDFIX: score=-0.0536, params={'signalperiod': 14}
2026-01-20 16:06:49,308 - crypto_analysis.vectorbt_optimizer.optimizer - INFO - Optimizing MINUS_DI: 14196 combinations
2026-01-20 16:06:49,309 - crypto_analysis.vectorbt_optimizer.optimizer - INFO - Using tpe sampler with 1000 trials
2026-01-20 16:06:49,499 - crypto_analysis.vectorbt_optimizer.parallel_runner - INFO - AVAX/MACDFIX: score=-0.1427, params={'signalperiod': 14}
2026-01-20 16:06:49,507 - crypto_analysis.vectorbt_optimizer.optimizer - INFO - Optimizing MINUS_DI: 14196 combinations
2026-01-20 16:06:49,509 - crypto_analysis.vectorbt_optimizer.optimizer - INFO - Using tpe sampler with 1000 trials
2026-01-20 16:06:51,519 - crypto_analysis.vectorbt_optimizer.parallel_runner - INFO - ATOM/MACDEXT: score=0.2950, params={'fastperiod': 17, 'slowperiod': 39, 'signalperiod': 5, 'fastmatype': 0, 'slowmatype': 8, 'signalmatype': 1}
2026-01-20 16:06:51,524 - crypto_analysis.vectorbt_optimizer.optimizer - INFO - Optimizing MACDFIX: 11 combinations
2026-01-20 16:06:51,525 - crypto_analysis.vectorbt_optimizer.optimizer - INFO - Using grid sampler with 11 trials
2026-01-20 16:06:51,707 - crypto_analysis.vectorbt_optimizer.parallel_runner - INFO - SOL/MACDEXT: score=1.3264, params={'fastperiod': 18, 'slowperiod': 24, 'signalperiod': 15, 'fastmatype': 1, 'slowmatype': 6, 'signalmatype': 4}
2026-01-20 16:06:51,714 - crypto_analysis.vectorbt_optimizer.optimizer - INFO - Optimizing MACDFIX: 11 combinations
2026-01-20 16:06:51,714 - crypto_analysis.vectorbt_optimizer.optimizer - INFO - Using grid sampler with 11 trials
2026-01-20 16:06:51,786 - crypto_analysis.vectorbt_optimizer.parallel_runner - INFO - ATOM/MACDFIX: score=-0.3397, params={'signalperiod': 14}
2026-01-20 16:06:51,793 - crypto_analysis.vectorbt_optimizer.optimizer - INFO - Optimizing MINUS_DI: 14196 combinations
2026-01-20 16:06:51,794 - crypto_analysis.vectorbt_optimizer.optimizer - INFO - Using tpe sampler with 1000 trials
2026-01-20 16:06:51,985 - crypto_analysis.vectorbt_optimizer.parallel_runner - INFO - SOL/MACDFIX: score=-0.3288, params={'signalperiod': 6}
2026-01-20 16:06:51,992 - crypto_analysis.vectorbt_optimizer.optimizer - INFO - Optimizing MINUS_DI: 14196 combinations
2026-01-20 16:06:51,993 - crypto_analysis.vectorbt_optimizer.optimizer - INFO - Using tpe sampler with 1000 trials
2026-01-20 16:06:57,852 - crypto_analysis.vectorbt_optimizer.parallel_runner - INFO - DOT/MACDEXT: score=-0.2112, params={'fastperiod': 15, 'slowperiod': 38, 'signalperiod': 15, 'fastmatype': 0, 'slowmatype': 1, 'signalmatype': 0}
2026-01-20 16:06:57,858 - crypto_analysis.vectorbt_optimizer.optimizer - INFO - Optimizing MACDFIX: 11 combinations
2026-01-20 16:06:57,858 - crypto_analysis.vectorbt_optimizer.optimizer - INFO - Using grid sampler with 11 trials
2026-01-20 16:06:58,141 - crypto_analysis.vectorbt_optimizer.parallel_runner - INFO - DOT/MACDFIX: score=-0.6233, params={'signalperiod': 14}
2026-01-20 16:06:58,149 - crypto_analysis.vectorbt_optimizer.optimizer - INFO - Optimizing MINUS_DI: 14196 combinations
2026-01-20 16:06:58,150 - crypto_analysis.vectorbt_optimizer.optimizer - INFO - Using tpe sampler with 1000 trials
2026-01-20 16:07:00,976 - crypto_analysis.vectorbt_optimizer.parallel_runner - INFO - ADA/MACDEXT: score=0.0090, params={'fastperiod': 12, 'slowperiod': 40, 'signalperiod': 10, 'fastmatype': 1, 'slowmatype': 4, 'signalmatype': 7}
2026-01-20 16:07:00,982 - crypto_analysis.vectorbt_optimizer.optimizer - INFO - Optimizing MACDFIX: 11 combinations
2026-01-20 16:07:00,982 - crypto_analysis.vectorbt_optimizer.optimizer - INFO - Using grid sampler with 11 trials
2026-01-20 16:07:01,126 - crypto_analysis.vectorbt_optimizer.parallel_runner - INFO - XRP/MACDEXT: score=0.5248, params={'fastperiod': 12, 'slowperiod': 29, 'signalperiod': 11, 'fastmatype': 8, 'slowmatype': 0, 'signalmatype': 5}
2026-01-20 16:07:01,132 - crypto_analysis.vectorbt_optimizer.optimizer - INFO - Optimizing MACDFIX: 11 combinations
2026-01-20 16:07:01,132 - crypto_analysis.vectorbt_optimizer.optimizer - INFO - Using grid sampler with 11 trials
2026-01-20 16:07:01,141 - crypto_analysis.vectorbt_optimizer.parallel_runner - INFO - BTC/MACDEXT: score=-0.0879, params={'fastperiod': 18, 'slowperiod': 28, 'signalperiod': 13, 'fastmatype': 1, 'slowmatype': 3, 'signalmatype': 8}
2026-01-20 16:07:01,146 - crypto_analysis.vectorbt_optimizer.optimizer - INFO - Optimizing MACDFIX: 11 combinations
2026-01-20 16:07:01,147 - crypto_analysis.vectorbt_optimizer.optimizer - INFO - Using grid sampler with 11 trials
2026-01-20 16:07:01,236 - crypto_analysis.vectorbt_optimizer.parallel_runner - INFO - ADA/MACDFIX: score=-0.5479, params={'signalperiod': 8}
2026-01-20 16:07:01,243 - crypto_analysis.vectorbt_optimizer.optimizer - INFO - Optimizing MINUS_DI: 14196 combinations
2026-01-20 16:07:01,244 - crypto_analysis.vectorbt_optimizer.optimizer - INFO - Using tpe sampler with 1000 trials
2026-01-20 16:07:01,401 - crypto_analysis.vectorbt_optimizer.parallel_runner - INFO - XRP/MACDFIX: score=-0.1794, params={'signalperiod': 14}
2026-01-20 16:07:01,412 - crypto_analysis.vectorbt_optimizer.optimizer - INFO - Optimizing MINUS_DI: 14196 combinations
2026-01-20 16:07:01,414 - crypto_analysis.vectorbt_optimizer.optimizer - INFO - Using tpe sampler with 1000 trials
2026-01-20 16:07:01,422 - crypto_analysis.vectorbt_optimizer.parallel_runner - INFO - BTC/MACDFIX: score=-0.4498, params={'signalperiod': 10}
2026-01-20 16:07:01,429 - crypto_analysis.vectorbt_optimizer.optimizer - INFO - Optimizing MINUS_DI: 14196 combinations
2026-01-20 16:07:01,431 - crypto_analysis.vectorbt_optimizer.optimizer - INFO - Using tpe sampler with 1000 trials
2026-01-20 16:07:01,678 - crypto_analysis.vectorbt_optimizer.parallel_runner - INFO - LINK/MACDEXT: score=0.6492, params={'fastperiod': 17, 'slowperiod': 40, 'signalperiod': 9, 'fastmatype': 6, 'slowmatype': 1, 'signalmatype': 0}
2026-01-20 16:07:01,684 - crypto_analysis.vectorbt_optimizer.optimizer - INFO - Optimizing MACDFIX: 11 combinations
2026-01-20 16:07:01,685 - crypto_analysis.vectorbt_optimizer.optimizer - INFO - Using grid sampler with 11 trials
2026-01-20 16:07:01,952 - crypto_analysis.vectorbt_optimizer.parallel_runner - INFO - LINK/MACDFIX: score=-0.4941, params={'signalperiod': 15}
2026-01-20 16:07:01,959 - crypto_analysis.vectorbt_optimizer.optimizer - INFO - Optimizing MINUS_DI: 14196 combinations
2026-01-20 16:07:01,960 - crypto_analysis.vectorbt_optimizer.optimizer - INFO - Using tpe sampler with 1000 trials
2026-01-20 16:07:35,284 - crypto_analysis.vectorbt_optimizer.parallel_runner - INFO - AVAX/MINUS_DI: score=0.5030, params={'timeperiod': 30, 'entry_constant': 15.002374056416839, 'exit_constant': 11.871703116287275}
2026-01-20 16:07:35,287 - crypto_analysis.vectorbt_optimizer.optimizer - INFO - Optimizing MINUS_DM: 26 combinations
2026-01-20 16:07:35,288 - crypto_analysis.vectorbt_optimizer.optimizer - INFO - Using grid sampler with 26 trials
2026-01-20 16:07:35,984 - crypto_analysis.vectorbt_optimizer.parallel_runner - INFO - AVAX/MINUS_DM: score=-0.9880, params={'timeperiod': 16}
2026-01-20 16:07:35,989 - crypto_analysis.vectorbt_optimizer.optimizer - INFO - Optimizing PLUS_DI: 14196 combinations
2026-01-20 16:07:35,990 - crypto_analysis.vectorbt_optimizer.optimizer - INFO - Using tpe sampler with 1000 trials
2026-01-20 16:07:36,916 - crypto_analysis.vectorbt_optimizer.parallel_runner - INFO - ETH/MINUS_DI: score=1.0093, params={'timeperiod': 30, 'entry_constant': 23.412801317482074, 'exit_constant': 12.343474785452813}
2026-01-20 16:07:36,920 - crypto_analysis.vectorbt_optimizer.optimizer - INFO - Optimizing MINUS_DM: 26 combinations
2026-01-20 16:07:36,920 - crypto_analysis.vectorbt_optimizer.optimizer - INFO - Using grid sampler with 26 trials
2026-01-20 16:07:37,211 - crypto_analysis.vectorbt_optimizer.parallel_runner - INFO - BNB/MINUS_DI: score=0.7342, params={'timeperiod': 23, 'entry_constant': 35.31014819134052, 'exit_constant': 11.048886418081324}
2026-01-20 16:07:37,214 - crypto_analysis.vectorbt_optimizer.optimizer - INFO - Optimizing MINUS_DM: 26 combinations
2026-01-20 16:07:37,215 - crypto_analysis.vectorbt_optimizer.optimizer - INFO - Using grid sampler with 26 trials
2026-01-20 16:07:37,619 - crypto_analysis.vectorbt_optimizer.parallel_runner - INFO - ETH/MINUS_DM: score=-0.9425, params={'timeperiod': 13}
2026-01-20 16:07:37,625 - crypto_analysis.vectorbt_optimizer.optimizer - INFO - Optimizing PLUS_DI: 14196 combinations
2026-01-20 16:07:37,626 - crypto_analysis.vectorbt_optimizer.optimizer - INFO - Using tpe sampler with 1000 trials
2026-01-20 16:07:37,901 - crypto_analysis.vectorbt_optimizer.parallel_runner - INFO - BNB/MINUS_DM: score=-0.9642, params={'timeperiod': 30}
2026-01-20 16:07:37,907 - crypto_analysis.vectorbt_optimizer.optimizer - INFO - Optimizing PLUS_DI: 14196 combinations
2026-01-20 16:07:37,908 - crypto_analysis.vectorbt_optimizer.optimizer - INFO - Using tpe sampler with 1000 trials
2026-01-20 16:07:37,961 - crypto_analysis.vectorbt_optimizer.parallel_runner - INFO - SOL/MINUS_DI: score=0.7503, params={'timeperiod': 27, 'entry_constant': 26.467183587135562, 'exit_constant': 11.81152874721377}
2026-01-20 16:07:37,964 - crypto_analysis.vectorbt_optimizer.optimizer - INFO - Optimizing MINUS_DM: 26 combinations
2026-01-20 16:07:37,964 - crypto_analysis.vectorbt_optimizer.optimizer - INFO - Using grid sampler with 26 trials
2026-01-20 16:07:38,281 - crypto_analysis.vectorbt_optimizer.parallel_runner - INFO - ATOM/MINUS_DI: score=0.6276, params={'timeperiod': 29, 'entry_constant': 21.833262357971012, 'exit_constant': 10.932099184878654}
2026-01-20 16:07:38,284 - crypto_analysis.vectorbt_optimizer.optimizer - INFO - Optimizing MINUS_DM: 26 combinations
2026-01-20 16:07:38,284 - crypto_analysis.vectorbt_optimizer.optimizer - INFO - Using grid sampler with 26 trials
2026-01-20 16:07:38,625 - crypto_analysis.vectorbt_optimizer.parallel_runner - INFO - SOL/MINUS_DM: score=-0.9716, params={'timeperiod': 21}
2026-01-20 16:07:38,630 - crypto_analysis.vectorbt_optimizer.optimizer - INFO - Optimizing PLUS_DI: 14196 combinations
2026-01-20 16:07:38,631 - crypto_analysis.vectorbt_optimizer.optimizer - INFO - Using tpe sampler with 1000 trials
2026-01-20 16:07:38,929 - crypto_analysis.vectorbt_optimizer.parallel_runner - INFO - ATOM/MINUS_DM: score=-0.9879, params={'timeperiod': 21}
2026-01-20 16:07:38,935 - crypto_analysis.vectorbt_optimizer.optimizer - INFO - Optimizing PLUS_DI: 14196 combinations
2026-01-20 16:07:38,936 - crypto_analysis.vectorbt_optimizer.optimizer - INFO - Using tpe sampler with 1000 trials
2026-01-20 16:07:45,705 - crypto_analysis.vectorbt_optimizer.parallel_runner - INFO - DOT/MINUS_DI: score=0.1095, params={'timeperiod': 22, 'entry_constant': 16.973161864174454, 'exit_constant': 10.975605836310129}
2026-01-20 16:07:45,708 - crypto_analysis.vectorbt_optimizer.optimizer - INFO - Optimizing MINUS_DM: 26 combinations
2026-01-20 16:07:45,708 - crypto_analysis.vectorbt_optimizer.optimizer - INFO - Using grid sampler with 26 trials
2026-01-20 16:07:46,432 - crypto_analysis.vectorbt_optimizer.parallel_runner - INFO - DOT/MINUS_DM: score=-0.9855, params={'timeperiod': 26}
2026-01-20 16:07:46,437 - crypto_analysis.vectorbt_optimizer.optimizer - INFO - Optimizing PLUS_DI: 14196 combinations
2026-01-20 16:07:46,439 - crypto_analysis.vectorbt_optimizer.optimizer - INFO - Using tpe sampler with 1000 trials
2026-01-20 16:07:47,661 - crypto_analysis.vectorbt_optimizer.parallel_runner - INFO - BTC/MINUS_DI: score=0.1155, params={'timeperiod': 17, 'entry_constant': 37.40256494587353, 'exit_constant': 23.685859035862666}
2026-01-20 16:07:47,664 - crypto_analysis.vectorbt_optimizer.optimizer - INFO - Optimizing MINUS_DM: 26 combinations
2026-01-20 16:07:47,664 - crypto_analysis.vectorbt_optimizer.optimizer - INFO - Using grid sampler with 26 trials
2026-01-20 16:07:48,362 - crypto_analysis.vectorbt_optimizer.parallel_runner - INFO - BTC/MINUS_DM: score=-0.9636, params={'timeperiod': 14}
2026-01-20 16:07:48,368 - crypto_analysis.vectorbt_optimizer.optimizer - INFO - Optimizing PLUS_DI: 14196 combinations
2026-01-20 16:07:48,369 - crypto_analysis.vectorbt_optimizer.optimizer - INFO - Using tpe sampler with 1000 trials
2026-01-20 16:07:48,940 - crypto_analysis.vectorbt_optimizer.parallel_runner - INFO - XRP/MINUS_DI: score=1.2805, params={'timeperiod': 16, 'entry_constant': 20.262451620319116, 'exit_constant': 11.907004583285463}
2026-01-20 16:07:48,943 - crypto_analysis.vectorbt_optimizer.optimizer - INFO - Optimizing MINUS_DM: 26 combinations
2026-01-20 16:07:48,944 - crypto_analysis.vectorbt_optimizer.optimizer - INFO - Using grid sampler with 26 trials
2026-01-20 16:07:49,193 - crypto_analysis.vectorbt_optimizer.parallel_runner - INFO - ADA/MINUS_DI: score=0.5837, params={'timeperiod': 16, 'entry_constant': 24.13927879218493, 'exit_constant': 10.667388923926838}
2026-01-20 16:07:49,196 - crypto_analysis.vectorbt_optimizer.optimizer - INFO - Optimizing MINUS_DM: 26 combinations
2026-01-20 16:07:49,196 - crypto_analysis.vectorbt_optimizer.optimizer - INFO - Using grid sampler with 26 trials
2026-01-20 16:07:49,634 - crypto_analysis.vectorbt_optimizer.parallel_runner - INFO - XRP/MINUS_DM: score=-0.9879, params={'timeperiod': 23}
2026-01-20 16:07:49,640 - crypto_analysis.vectorbt_optimizer.optimizer - INFO - Optimizing PLUS_DI: 14196 combinations
2026-01-20 16:07:49,641 - crypto_analysis.vectorbt_optimizer.optimizer - INFO - Using tpe sampler with 1000 trials
2026-01-20 16:07:49,856 - crypto_analysis.vectorbt_optimizer.parallel_runner - INFO - ADA/MINUS_DM: score=-0.9810, params={'timeperiod': 28}
2026-01-20 16:07:49,861 - crypto_analysis.vectorbt_optimizer.optimizer - INFO - Optimizing PLUS_DI: 14196 combinations
2026-01-20 16:07:49,862 - crypto_analysis.vectorbt_optimizer.optimizer - INFO - Using tpe sampler with 1000 trials
2026-01-20 16:07:49,995 - crypto_analysis.vectorbt_optimizer.parallel_runner - INFO - LINK/MINUS_DI: score=0.3931, params={'timeperiod': 9, 'entry_constant': 39.5107906411136, 'exit_constant': 24.106757051303653}
2026-01-20 16:07:49,999 - crypto_analysis.vectorbt_optimizer.optimizer - INFO - Optimizing MINUS_DM: 26 combinations
2026-01-20 16:07:50,000 - crypto_analysis.vectorbt_optimizer.optimizer - INFO - Using grid sampler with 26 trials
2026-01-20 16:07:50,706 - crypto_analysis.vectorbt_optimizer.parallel_runner - INFO - LINK/MINUS_DM: score=-0.9791, params={'timeperiod': 14}
2026-01-20 16:07:50,711 - crypto_analysis.vectorbt_optimizer.optimizer - INFO - Optimizing PLUS_DI: 14196 combinations
2026-01-20 16:07:50,712 - crypto_analysis.vectorbt_optimizer.optimizer - INFO - Using tpe sampler with 1000 trials
2026-01-20 16:08:23,413 - crypto_analysis.vectorbt_optimizer.parallel_runner - INFO - AVAX/PLUS_DI: score=0.4610, params={'timeperiod': 18, 'entry_constant': 32.53742921220128, 'exit_constant': 26.636424068862862}
2026-01-20 16:08:23,416 - crypto_analysis.vectorbt_optimizer.optimizer - INFO - Optimizing PLUS_DM: 26 combinations
2026-01-20 16:08:23,416 - crypto_analysis.vectorbt_optimizer.optimizer - INFO - Using grid sampler with 26 trials
2026-01-20 16:08:24,108 - crypto_analysis.vectorbt_optimizer.parallel_runner - INFO - AVAX/PLUS_DM: score=-0.9768, params={'timeperiod': 9}
2026-01-20 16:08:24,114 - crypto_analysis.vectorbt_optimizer.optimizer - INFO - Optimizing ROCP: 26 combinations
2026-01-20 16:08:24,114 - crypto_analysis.vectorbt_optimizer.optimizer - INFO - Using grid sampler with 26 trials
2026-01-20 16:08:24,362 - crypto_analysis.vectorbt_optimizer.parallel_runner - INFO - ETH/PLUS_DI: score=0.8919, params={'timeperiod': 19, 'entry_constant': 39.99081761262454, 'exit_constant': 28.75804819281671}
2026-01-20 16:08:24,365 - crypto_analysis.vectorbt_optimizer.optimizer - INFO - Optimizing PLUS_DM: 26 combinations
2026-01-20 16:08:24,365 - crypto_analysis.vectorbt_optimizer.optimizer - INFO - Using grid sampler with 26 trials
2026-01-20 16:08:25,055 - crypto_analysis.vectorbt_optimizer.parallel_runner - INFO - ETH/PLUS_DM: score=-0.9533, params={'timeperiod': 30}
2026-01-20 16:08:25,060 - crypto_analysis.vectorbt_optimizer.optimizer - INFO - Optimizing ROCP: 26 combinations
2026-01-20 16:08:25,060 - crypto_analysis.vectorbt_optimizer.optimizer - INFO - Using grid sampler with 26 trials
2026-01-20 16:08:25,150 - crypto_analysis.vectorbt_optimizer.parallel_runner - INFO - AVAX/ROCP: score=-0.5324, params={'timeperiod': 9}
2026-01-20 16:08:25,165 - crypto_analysis.vectorbt_optimizer.optimizer - INFO - Optimizing ROCR: 26 combinations
2026-01-20 16:08:25,166 - crypto_analysis.vectorbt_optimizer.optimizer - INFO - Using grid sampler with 26 trials
2026-01-20 16:08:25,550 - crypto_analysis.vectorbt_optimizer.parallel_runner - INFO - BNB/PLUS_DI: score=0.4116, params={'timeperiod': 15, 'entry_constant': 15.980424318737317, 'exit_constant': 10.321803685010487}
2026-01-20 16:08:25,554 - crypto_analysis.vectorbt_optimizer.optimizer - INFO - Optimizing PLUS_DM: 26 combinations
2026-01-20 16:08:25,554 - crypto_analysis.vectorbt_optimizer.optimizer - INFO - Using grid sampler with 26 trials
2026-01-20 16:08:25,716 - crypto_analysis.vectorbt_optimizer.parallel_runner - INFO - AVAX/ROCR: score=-0.4233, params={'timeperiod': 15, 'entry_constant': 1.0, 'exit_constant': 0.95}
2026-01-20 16:08:25,720 - crypto_analysis.vectorbt_optimizer.optimizer - INFO - Optimizing ROCR100: 936 combinations
2026-01-20 16:08:25,721 - crypto_analysis.vectorbt_optimizer.optimizer - INFO - Using tpe sampler with 1000 trials
2026-01-20 16:08:26,015 - crypto_analysis.vectorbt_optimizer.parallel_runner - INFO - SOL/PLUS_DI: score=0.6394, params={'timeperiod': 25, 'entry_constant': 31.547664556335885, 'exit_constant': 22.162478841023646}
2026-01-20 16:08:26,017 - crypto_analysis.vectorbt_optimizer.optimizer - INFO - Optimizing PLUS_DM: 26 combinations
2026-01-20 16:08:26,018 - crypto_analysis.vectorbt_optimizer.optimizer - INFO - Using grid sampler with 26 trials
2026-01-20 16:08:26,050 - crypto_analysis.vectorbt_optimizer.parallel_runner - INFO - ETH/ROCP: score=-0.3230, params={'timeperiod': 12}
2026-01-20 16:08:26,063 - crypto_analysis.vectorbt_optimizer.optimizer - INFO - Optimizing ROCR: 26 combinations
2026-01-20 16:08:26,064 - crypto_analysis.vectorbt_optimizer.optimizer - INFO - Using grid sampler with 26 trials
2026-01-20 16:08:26,235 - crypto_analysis.vectorbt_optimizer.parallel_runner - INFO - BNB/PLUS_DM: score=-0.9749, params={'timeperiod': 30}
2026-01-20 16:08:26,241 - crypto_analysis.vectorbt_optimizer.optimizer - INFO - Optimizing ROCP: 26 combinations
2026-01-20 16:08:26,242 - crypto_analysis.vectorbt_optimizer.optimizer - INFO - Using grid sampler with 26 trials
2026-01-20 16:08:26,639 - crypto_analysis.vectorbt_optimizer.parallel_runner - INFO - ETH/ROCR: score=0.0631, params={'timeperiod': 16, 'entry_constant': 1.0, 'exit_constant': 0.95}
2026-01-20 16:08:26,643 - crypto_analysis.vectorbt_optimizer.optimizer - INFO - Optimizing ROCR100: 936 combinations
2026-01-20 16:08:26,644 - crypto_analysis.vectorbt_optimizer.optimizer - INFO - Using tpe sampler with 1000 trials
2026-01-20 16:08:26,719 - crypto_analysis.vectorbt_optimizer.parallel_runner - INFO - SOL/PLUS_DM: score=-0.9774, params={'timeperiod': 23}
2026-01-20 16:08:26,724 - crypto_analysis.vectorbt_optimizer.optimizer - INFO - Optimizing ROCP: 26 combinations
2026-01-20 16:08:26,725 - crypto_analysis.vectorbt_optimizer.optimizer - INFO - Using grid sampler with 26 trials
2026-01-20 16:08:26,943 - crypto_analysis.vectorbt_optimizer.parallel_runner - INFO - ATOM/PLUS_DI: score=0.2440, params={'timeperiod': 30, 'entry_constant': 39.34752188977937, 'exit_constant': 25.090915353418733}
2026-01-20 16:08:26,946 - crypto_analysis.vectorbt_optimizer.optimizer - INFO - Optimizing PLUS_DM: 26 combinations
2026-01-20 16:08:26,946 - crypto_analysis.vectorbt_optimizer.optimizer - INFO - Using grid sampler with 26 trials
2026-01-20 16:08:27,274 - crypto_analysis.vectorbt_optimizer.parallel_runner - INFO - BNB/ROCP: score=-0.3926, params={'timeperiod': 29}
2026-01-20 16:08:27,286 - crypto_analysis.vectorbt_optimizer.optimizer - INFO - Optimizing ROCR: 26 combinations
2026-01-20 16:08:27,287 - crypto_analysis.vectorbt_optimizer.optimizer - INFO - Using grid sampler with 26 trials
2026-01-20 16:08:27,629 - crypto_analysis.vectorbt_optimizer.parallel_runner - INFO - ATOM/PLUS_DM: score=-0.9811, params={'timeperiod': 9}
2026-01-20 16:08:27,635 - crypto_analysis.vectorbt_optimizer.optimizer - INFO - Optimizing ROCP: 26 combinations
2026-01-20 16:08:27,635 - crypto_analysis.vectorbt_optimizer.optimizer - INFO - Using grid sampler with 26 trials
2026-01-20 16:08:27,773 - crypto_analysis.vectorbt_optimizer.parallel_runner - INFO - SOL/ROCP: score=-0.5171, params={'timeperiod': 18}
2026-01-20 16:08:27,786 - crypto_analysis.vectorbt_optimizer.optimizer - INFO - Optimizing ROCR: 26 combinations
2026-01-20 16:08:27,787 - crypto_analysis.vectorbt_optimizer.optimizer - INFO - Using grid sampler with 26 trials
2026-01-20 16:08:27,871 - crypto_analysis.vectorbt_optimizer.parallel_runner - INFO - BNB/ROCR: score=0.3261, params={'timeperiod': 14, 'entry_constant': 1.0, 'exit_constant': 0.95}
2026-01-20 16:08:27,875 - crypto_analysis.vectorbt_optimizer.optimizer - INFO - Optimizing ROCR100: 936 combinations
2026-01-20 16:08:27,877 - crypto_analysis.vectorbt_optimizer.optimizer - INFO - Using tpe sampler with 1000 trials
2026-01-20 16:08:28,351 - crypto_analysis.vectorbt_optimizer.parallel_runner - INFO - SOL/ROCR: score=-0.1972, params={'timeperiod': 13, 'entry_constant': 1.0, 'exit_constant': 0.95}
2026-01-20 16:08:28,356 - crypto_analysis.vectorbt_optimizer.optimizer - INFO - Optimizing ROCR100: 936 combinations
2026-01-20 16:08:28,357 - crypto_analysis.vectorbt_optimizer.optimizer - INFO - Using tpe sampler with 1000 trials
2026-01-20 16:08:28,660 - crypto_analysis.vectorbt_optimizer.parallel_runner - INFO - ATOM/ROCP: score=-0.5588, params={'timeperiod': 17}
2026-01-20 16:08:28,673 - crypto_analysis.vectorbt_optimizer.optimizer - INFO - Optimizing ROCR: 26 combinations
2026-01-20 16:08:28,673 - crypto_analysis.vectorbt_optimizer.optimizer - INFO - Using grid sampler with 26 trials
2026-01-20 16:08:29,225 - crypto_analysis.vectorbt_optimizer.parallel_runner - INFO - ATOM/ROCR: score=-0.4554, params={'timeperiod': 6, 'entry_constant': 1.0, 'exit_constant': 0.95}
2026-01-20 16:08:29,228 - crypto_analysis.vectorbt_optimizer.optimizer - INFO - Optimizing ROCR100: 936 combinations
2026-01-20 16:08:29,229 - crypto_analysis.vectorbt_optimizer.optimizer - INFO - Using tpe sampler with 1000 trials
2026-01-20 16:08:34,046 - crypto_analysis.vectorbt_optimizer.parallel_runner - INFO - DOT/PLUS_DI: score=0.5905, params={'timeperiod': 15, 'entry_constant': 31.77681234223536, 'exit_constant': 26.639869423816222}
2026-01-20 16:08:34,051 - crypto_analysis.vectorbt_optimizer.optimizer - INFO - Optimizing PLUS_DM: 26 combinations
2026-01-20 16:08:34,051 - crypto_analysis.vectorbt_optimizer.optimizer - INFO - Using grid sampler with 26 trials
2026-01-20 16:08:34,756 - crypto_analysis.vectorbt_optimizer.parallel_runner - INFO - DOT/PLUS_DM: score=-0.9852, params={'timeperiod': 17}
2026-01-20 16:08:34,761 - crypto_analysis.vectorbt_optimizer.optimizer - INFO - Optimizing ROCP: 26 combinations
2026-01-20 16:08:34,762 - crypto_analysis.vectorbt_optimizer.optimizer - INFO - Using grid sampler with 26 trials
2026-01-20 16:08:35,076 - crypto_analysis.vectorbt_optimizer.parallel_runner - INFO - BTC/PLUS_DI: score=0.1363, params={'timeperiod': 24, 'entry_constant': 38.28229727763813, 'exit_constant': 21.149808959808922}
2026-01-20 16:08:35,079 - crypto_analysis.vectorbt_optimizer.optimizer - INFO - Optimizing PLUS_DM: 26 combinations
2026-01-20 16:08:35,079 - crypto_analysis.vectorbt_optimizer.optimizer - INFO - Using grid sampler with 26 trials
2026-01-20 16:08:35,775 - crypto_analysis.vectorbt_optimizer.parallel_runner - INFO - BTC/PLUS_DM: score=-0.9667, params={'timeperiod': 30}
2026-01-20 16:08:35,780 - crypto_analysis.vectorbt_optimizer.optimizer - INFO - Optimizing ROCP: 26 combinations
2026-01-20 16:08:35,781 - crypto_analysis.vectorbt_optimizer.optimizer - INFO - Using grid sampler with 26 trials
2026-01-20 16:08:35,808 - crypto_analysis.vectorbt_optimizer.parallel_runner - INFO - DOT/ROCP: score=-0.6851, params={'timeperiod': 30}
2026-01-20 16:08:35,821 - crypto_analysis.vectorbt_optimizer.optimizer - INFO - Optimizing ROCR: 26 combinations
2026-01-20 16:08:35,822 - crypto_analysis.vectorbt_optimizer.optimizer - INFO - Using grid sampler with 26 trials
2026-01-20 16:08:36,407 - crypto_analysis.vectorbt_optimizer.parallel_runner - INFO - DOT/ROCR: score=-0.6118, params={'timeperiod': 8, 'entry_constant': 1.0, 'exit_constant': 0.95}
2026-01-20 16:08:36,411 - crypto_analysis.vectorbt_optimizer.optimizer - INFO - Optimizing ROCR100: 936 combinations
2026-01-20 16:08:36,412 - crypto_analysis.vectorbt_optimizer.optimizer - INFO - Using tpe sampler with 1000 trials
2026-01-20 16:08:36,535 - crypto_analysis.vectorbt_optimizer.parallel_runner - INFO - ADA/PLUS_DI: score=1.3868, params={'timeperiod': 20, 'entry_constant': 28.68883898887077, 'exit_constant': 22.272270966847525}
2026-01-20 16:08:36,537 - crypto_analysis.vectorbt_optimizer.optimizer - INFO - Optimizing PLUS_DM: 26 combinations
2026-01-20 16:08:36,538 - crypto_analysis.vectorbt_optimizer.optimizer - INFO - Using grid sampler with 26 trials
2026-01-20 16:08:36,800 - crypto_analysis.vectorbt_optimizer.parallel_runner - INFO - BTC/ROCP: score=-0.5937, params={'timeperiod': 26}
2026-01-20 16:08:36,815 - crypto_analysis.vectorbt_optimizer.optimizer - INFO - Optimizing ROCR: 26 combinations
2026-01-20 16:08:36,815 - crypto_analysis.vectorbt_optimizer.optimizer - INFO - Using grid sampler with 26 trials
2026-01-20 16:08:37,220 - crypto_analysis.vectorbt_optimizer.parallel_runner - INFO - ADA/PLUS_DM: score=-0.9714, params={'timeperiod': 29}
2026-01-20 16:08:37,225 - crypto_analysis.vectorbt_optimizer.optimizer - INFO - Optimizing ROCP: 26 combinations
2026-01-20 16:08:37,226 - crypto_analysis.vectorbt_optimizer.optimizer - INFO - Using grid sampler with 26 trials
2026-01-20 16:08:37,387 - crypto_analysis.vectorbt_optimizer.parallel_runner - INFO - BTC/ROCR: score=0.0036, params={'timeperiod': 8, 'entry_constant': 1.0, 'exit_constant': 0.95}
2026-01-20 16:08:37,391 - crypto_analysis.vectorbt_optimizer.optimizer - INFO - Optimizing ROCR100: 936 combinations
2026-01-20 16:08:37,392 - crypto_analysis.vectorbt_optimizer.optimizer - INFO - Using tpe sampler with 1000 trials
2026-01-20 16:08:37,421 - crypto_analysis.vectorbt_optimizer.parallel_runner - INFO - XRP/PLUS_DI: score=0.9080, params={'timeperiod': 15, 'entry_constant': 25.44520777302477, 'exit_constant': 16.97943992966982}
2026-01-20 16:08:37,424 - crypto_analysis.vectorbt_optimizer.optimizer - INFO - Optimizing PLUS_DM: 26 combinations
2026-01-20 16:08:37,425 - crypto_analysis.vectorbt_optimizer.optimizer - INFO - Using grid sampler with 26 trials
2026-01-20 16:08:38,121 - crypto_analysis.vectorbt_optimizer.parallel_runner - INFO - XRP/PLUS_DM: score=-0.9799, params={'timeperiod': 7}
2026-01-20 16:08:38,126 - crypto_analysis.vectorbt_optimizer.optimizer - INFO - Optimizing ROCP: 26 combinations
2026-01-20 16:08:38,127 - crypto_analysis.vectorbt_optimizer.optimizer - INFO - Using grid sampler with 26 trials
2026-01-20 16:08:38,245 - crypto_analysis.vectorbt_optimizer.parallel_runner - INFO - ADA/ROCP: score=-0.6232, params={'timeperiod': 29}
2026-01-20 16:08:38,258 - crypto_analysis.vectorbt_optimizer.optimizer - INFO - Optimizing ROCR: 26 combinations
2026-01-20 16:08:38,259 - crypto_analysis.vectorbt_optimizer.optimizer - INFO - Using grid sampler with 26 trials
2026-01-20 16:08:38,798 - crypto_analysis.vectorbt_optimizer.parallel_runner - INFO - ADA/ROCR: score=-0.5429, params={'timeperiod': 8, 'entry_constant': 1.0, 'exit_constant': 0.95}
2026-01-20 16:08:38,801 - crypto_analysis.vectorbt_optimizer.optimizer - INFO - Optimizing ROCR100: 936 combinations
2026-01-20 16:08:38,803 - crypto_analysis.vectorbt_optimizer.optimizer - INFO - Using tpe sampler with 1000 trials
2026-01-20 16:08:38,910 - crypto_analysis.vectorbt_optimizer.parallel_runner - INFO - LINK/PLUS_DI: score=0.7796, params={'timeperiod': 16, 'entry_constant': 32.723612940739585, 'exit_constant': 24.952931779172957}
2026-01-20 16:08:38,914 - crypto_analysis.vectorbt_optimizer.optimizer - INFO - Optimizing PLUS_DM: 26 combinations
2026-01-20 16:08:38,915 - crypto_analysis.vectorbt_optimizer.optimizer - INFO - Using grid sampler with 26 trials
2026-01-20 16:08:39,141 - crypto_analysis.vectorbt_optimizer.parallel_runner - INFO - XRP/ROCP: score=-0.2854, params={'timeperiod': 17}
2026-01-20 16:08:39,151 - crypto_analysis.vectorbt_optimizer.optimizer - INFO - Optimizing ROCR: 26 combinations
2026-01-20 16:08:39,152 - crypto_analysis.vectorbt_optimizer.optimizer - INFO - Using grid sampler with 26 trials
2026-01-20 16:08:39,588 - crypto_analysis.vectorbt_optimizer.parallel_runner - INFO - LINK/PLUS_DM: score=-0.9819, params={'timeperiod': 6}
2026-01-20 16:08:39,593 - crypto_analysis.vectorbt_optimizer.optimizer - INFO - Optimizing ROCP: 26 combinations
2026-01-20 16:08:39,594 - crypto_analysis.vectorbt_optimizer.optimizer - INFO - Using grid sampler with 26 trials
2026-01-20 16:08:39,774 - crypto_analysis.vectorbt_optimizer.parallel_runner - INFO - XRP/ROCR: score=-0.3481, params={'timeperiod': 5, 'entry_constant': 1.0, 'exit_constant': 0.95}
2026-01-20 16:08:39,778 - crypto_analysis.vectorbt_optimizer.optimizer - INFO - Optimizing ROCR100: 936 combinations
2026-01-20 16:08:39,779 - crypto_analysis.vectorbt_optimizer.optimizer - INFO - Using tpe sampler with 1000 trials
2026-01-20 16:08:40,620 - crypto_analysis.vectorbt_optimizer.parallel_runner - INFO - LINK/ROCP: score=-0.4574, params={'timeperiod': 12}
2026-01-20 16:08:40,633 - crypto_analysis.vectorbt_optimizer.optimizer - INFO - Optimizing ROCR: 26 combinations
2026-01-20 16:08:40,633 - crypto_analysis.vectorbt_optimizer.optimizer - INFO - Using grid sampler with 26 trials
2026-01-20 16:08:41,227 - crypto_analysis.vectorbt_optimizer.parallel_runner - INFO - LINK/ROCR: score=-0.2186, params={'timeperiod': 13, 'entry_constant': 1.0, 'exit_constant': 0.95}
2026-01-20 16:08:41,231 - crypto_analysis.vectorbt_optimizer.optimizer - INFO - Optimizing ROCR100: 936 combinations
2026-01-20 16:08:41,232 - crypto_analysis.vectorbt_optimizer.optimizer - INFO - Using tpe sampler with 1000 trials
2026-01-20 16:09:13,623 - crypto_analysis.vectorbt_optimizer.parallel_runner - INFO - AVAX/ROCR100: score=0.5487, params={'timeperiod': 7, 'entry_constant': 104.4883261260592, 'exit_constant': 97.33158579241459}
2026-01-20 16:09:13,627 - crypto_analysis.vectorbt_optimizer.optimizer - INFO - Optimizing STOCHF: 26460 combinations
2026-01-20 16:09:13,628 - crypto_analysis.vectorbt_optimizer.optimizer - INFO - Using tpe sampler with 1000 trials
2026-01-20 16:09:14,072 - crypto_analysis.vectorbt_optimizer.parallel_runner - INFO - ETH/ROCR100: score=1.1225, params={'timeperiod': 6, 'entry_constant': 102.39564487297889, 'exit_constant': 97.2415890073149}
2026-01-20 16:09:14,075 - crypto_analysis.vectorbt_optimizer.optimizer - INFO - Optimizing STOCHF: 26460 combinations
2026-01-20 16:09:14,075 - crypto_analysis.vectorbt_optimizer.optimizer - INFO - Using tpe sampler with 1000 trials
2026-01-20 16:09:15,624 - crypto_analysis.vectorbt_optimizer.parallel_runner - INFO - BNB/ROCR100: score=1.0072, params={'timeperiod': 20, 'entry_constant': 103.26520895032412, 'exit_constant': 96.36152773274974}
2026-01-20 16:09:15,628 - crypto_analysis.vectorbt_optimizer.optimizer - INFO - Optimizing STOCHF: 26460 combinations
2026-01-20 16:09:15,630 - crypto_analysis.vectorbt_optimizer.optimizer - INFO - Using tpe sampler with 1000 trials
2026-01-20 16:09:16,011 - crypto_analysis.vectorbt_optimizer.parallel_runner - INFO - SOL/ROCR100: score=2.0001, params={'timeperiod': 8, 'entry_constant': 102.86900766927452, 'exit_constant': 96.71414369405608}
2026-01-20 16:09:16,014 - crypto_analysis.vectorbt_optimizer.optimizer - INFO - Optimizing STOCHF: 26460 combinations
2026-01-20 16:09:16,015 - crypto_analysis.vectorbt_optimizer.optimizer - INFO - Using tpe sampler with 1000 trials
2026-01-20 16:09:16,339 - crypto_analysis.vectorbt_optimizer.parallel_runner - INFO - ATOM/ROCR100: score=0.4017, params={'timeperiod': 9, 'entry_constant': 104.17746054599179, 'exit_constant': 98.79265041201796}
2026-01-20 16:09:16,342 - crypto_analysis.vectorbt_optimizer.optimizer - INFO - Optimizing STOCHF: 26460 combinations
2026-01-20 16:09:16,343 - crypto_analysis.vectorbt_optimizer.optimizer - INFO - Using tpe sampler with 1000 trials
2026-01-20 16:09:23,120 - crypto_analysis.vectorbt_optimizer.parallel_runner - INFO - DOT/ROCR100: score=0.3035, params={'timeperiod': 5, 'entry_constant': 104.3528050646577, 'exit_constant': 97.03051405651645}
2026-01-20 16:09:23,123 - crypto_analysis.vectorbt_optimizer.optimizer - INFO - Optimizing STOCHF: 26460 combinations
2026-01-20 16:09:23,124 - crypto_analysis.vectorbt_optimizer.optimizer - INFO - Using tpe sampler with 1000 trials
2026-01-20 16:09:23,884 - crypto_analysis.vectorbt_optimizer.parallel_runner - INFO - BTC/ROCR100: score=0.3391, params={'timeperiod': 5, 'entry_constant': 102.50804091587386, 'exit_constant': 98.75698347402691}
2026-01-20 16:09:23,887 - crypto_analysis.vectorbt_optimizer.optimizer - INFO - Optimizing STOCHF: 26460 combinations
2026-01-20 16:09:23,888 - crypto_analysis.vectorbt_optimizer.optimizer - INFO - Using tpe sampler with 1000 trials
2026-01-20 16:09:25,268 - crypto_analysis.vectorbt_optimizer.parallel_runner - INFO - ADA/ROCR100: score=1.0508, params={'timeperiod': 5, 'entry_constant': 104.86330514338923, 'exit_constant': 97.22146749605038}
2026-01-20 16:09:25,271 - crypto_analysis.vectorbt_optimizer.optimizer - INFO - Optimizing STOCHF: 26460 combinations
2026-01-20 16:09:25,272 - crypto_analysis.vectorbt_optimizer.optimizer - INFO - Using tpe sampler with 1000 trials
2026-01-20 16:09:27,258 - crypto_analysis.vectorbt_optimizer.parallel_runner - INFO - XRP/ROCR100: score=1.9940, params={'timeperiod': 10, 'entry_constant': 102.53441249564852, 'exit_constant': 97.81833426879449}
2026-01-20 16:09:27,260 - crypto_analysis.vectorbt_optimizer.optimizer - INFO - Optimizing STOCHF: 26460 combinations
2026-01-20 16:09:27,261 - crypto_analysis.vectorbt_optimizer.optimizer - INFO - Using tpe sampler with 1000 trials
2026-01-20 16:09:28,841 - crypto_analysis.vectorbt_optimizer.parallel_runner - INFO - LINK/ROCR100: score=1.0413, params={'timeperiod': 5, 'entry_constant': 104.99772891502525, 'exit_constant': 97.08226772356116}
2026-01-20 16:09:28,843 - crypto_analysis.vectorbt_optimizer.optimizer - INFO - Optimizing STOCHF: 26460 combinations
2026-01-20 16:09:28,844 - crypto_analysis.vectorbt_optimizer.optimizer - INFO - Using tpe sampler with 1000 trials
2026-01-20 16:10:10,939 - crypto_analysis.vectorbt_optimizer.parallel_runner - INFO - ETH/STOCHF: score=-0.3480, params={'fastk_period': 14, 'fastd_period': 3, 'entry_constant': 25.705505505300177, 'exit_constant': 85.09057041025723}
2026-01-20 16:10:10,943 - crypto_analysis.vectorbt_optimizer.optimizer - INFO - Optimizing SMA: 9168 combinations
2026-01-20 16:10:10,944 - crypto_analysis.vectorbt_optimizer.optimizer - INFO - Using tpe sampler with 1000 trials
2026-01-20 16:10:12,195 - crypto_analysis.vectorbt_optimizer.parallel_runner - INFO - AVAX/STOCHF: score=-0.5218, params={'fastk_period': 3, 'fastd_period': 3, 'entry_constant': 21.0762104722017, 'exit_constant': 86.53696263146931}
2026-01-20 16:10:12,199 - crypto_analysis.vectorbt_optimizer.optimizer - INFO - Optimizing SMA: 9168 combinations
2026-01-20 16:10:12,200 - crypto_analysis.vectorbt_optimizer.optimizer - INFO - Using tpe sampler with 1000 trials
2026-01-20 16:10:14,196 - crypto_analysis.vectorbt_optimizer.parallel_runner - INFO - ATOM/STOCHF: score=-0.4221, params={'fastk_period': 11, 'fastd_period': 2, 'entry_constant': 10.003829902852903, 'exit_constant': 89.38098138883824}
2026-01-20 16:10:14,200 - crypto_analysis.vectorbt_optimizer.optimizer - INFO - Optimizing SMA: 9168 combinations
2026-01-20 16:10:14,201 - crypto_analysis.vectorbt_optimizer.optimizer - INFO - Using tpe sampler with 1000 trials
2026-01-20 16:10:14,509 - crypto_analysis.vectorbt_optimizer.parallel_runner - INFO - BNB/STOCHF: score=-0.0063, params={'fastk_period': 14, 'fastd_period': 1, 'entry_constant': 11.813801215875454, 'exit_constant': 76.22973197132622}
2026-01-20 16:10:14,513 - crypto_analysis.vectorbt_optimizer.optimizer - INFO - Optimizing SMA: 9168 combinations
2026-01-20 16:10:14,514 - crypto_analysis.vectorbt_optimizer.optimizer - INFO - Using tpe sampler with 1000 trials
2026-01-20 16:10:14,982 - crypto_analysis.vectorbt_optimizer.parallel_runner - INFO - SOL/STOCHF: score=-0.2708, params={'fastk_period': 14, 'fastd_period': 2, 'entry_constant': 10.367671101641218, 'exit_constant': 78.02696346042796}
2026-01-20 16:10:14,987 - crypto_analysis.vectorbt_optimizer.optimizer - INFO - Optimizing SMA: 9168 combinations
2026-01-20 16:10:14,988 - crypto_analysis.vectorbt_optimizer.optimizer - INFO - Using tpe sampler with 1000 trials
2026-01-20 16:10:20,709 - crypto_analysis.vectorbt_optimizer.parallel_runner - INFO - BTC/STOCHF: score=-0.1776, params={'fastk_period': 13, 'fastd_period': 2, 'entry_constant': 13.469539466955174, 'exit_constant': 84.19471207519784}
2026-01-20 16:10:20,714 - crypto_analysis.vectorbt_optimizer.optimizer - INFO - Optimizing SMA: 9168 combinations
2026-01-20 16:10:20,715 - crypto_analysis.vectorbt_optimizer.optimizer - INFO - Using tpe sampler with 1000 trials
2026-01-20 16:10:21,410 - crypto_analysis.vectorbt_optimizer.parallel_runner - INFO - DOT/STOCHF: score=-0.5235, params={'fastk_period': 14, 'fastd_period': 4, 'entry_constant': 10.631479218456484, 'exit_constant': 76.19112930049334}
2026-01-20 16:10:21,415 - crypto_analysis.vectorbt_optimizer.optimizer - INFO - Optimizing SMA: 9168 combinations
2026-01-20 16:10:21,416 - crypto_analysis.vectorbt_optimizer.optimizer - INFO - Using tpe sampler with 1000 trials
2026-01-20 16:10:22,457 - crypto_analysis.vectorbt_optimizer.parallel_runner - INFO - ADA/STOCHF: score=0.2596, params={'fastk_period': 14, 'fastd_period': 5, 'entry_constant': 11.41417077648988, 'exit_constant': 88.23134320778284}
2026-01-20 16:10:22,461 - crypto_analysis.vectorbt_optimizer.optimizer - INFO - Optimizing SMA: 9168 combinations
2026-01-20 16:10:22,462 - crypto_analysis.vectorbt_optimizer.optimizer - INFO - Using tpe sampler with 1000 trials
2026-01-20 16:10:26,016 - crypto_analysis.vectorbt_optimizer.parallel_runner - INFO - XRP/STOCHF: score=0.3538, params={'fastk_period': 3, 'fastd_period': 1, 'entry_constant': 10.956163358289755, 'exit_constant': 88.96370558267847}
2026-01-20 16:10:26,020 - crypto_analysis.vectorbt_optimizer.optimizer - INFO - Optimizing SMA: 9168 combinations
2026-01-20 16:10:26,021 - crypto_analysis.vectorbt_optimizer.optimizer - INFO - Using tpe sampler with 1000 trials
2026-01-20 16:10:27,199 - crypto_analysis.vectorbt_optimizer.parallel_runner - INFO - LINK/STOCHF: score=-0.2867, params={'fastk_period': 14, 'fastd_period': 2, 'entry_constant': 15.59404927696993, 'exit_constant': 89.96638357485669}
2026-01-20 16:10:27,203 - crypto_analysis.vectorbt_optimizer.optimizer - INFO - Optimizing SMA: 9168 combinations
2026-01-20 16:10:27,204 - crypto_analysis.vectorbt_optimizer.optimizer - INFO - Using tpe sampler with 1000 trials
2026-01-20 16:10:55,420 - crypto_analysis.vectorbt_optimizer.parallel_runner - INFO - ETH/SMA: score=0.9180, params={'fast_period': 33, 'slow_period': 69}
2026-01-20 16:10:55,425 - crypto_analysis.vectorbt_optimizer.optimizer - INFO - Optimizing EMA: 9168 combinations
2026-01-20 16:10:55,426 - crypto_analysis.vectorbt_optimizer.optimizer - INFO - Using tpe sampler with 1000 trials
2026-01-20 16:10:58,639 - crypto_analysis.vectorbt_optimizer.parallel_runner - INFO - AVAX/SMA: score=0.0000, params={'fast_period': 38, 'slow_period': 38}
2026-01-20 16:10:58,644 - crypto_analysis.vectorbt_optimizer.optimizer - INFO - Optimizing EMA: 9168 combinations
2026-01-20 16:10:58,645 - crypto_analysis.vectorbt_optimizer.optimizer - INFO - Using tpe sampler with 1000 trials
2026-01-20 16:10:58,741 - crypto_analysis.vectorbt_optimizer.parallel_runner - INFO - BNB/SMA: score=0.3965, params={'fast_period': 30, 'slow_period': 69}
2026-01-20 16:10:58,747 - crypto_analysis.vectorbt_optimizer.optimizer - INFO - Optimizing EMA: 9168 combinations
2026-01-20 16:10:58,748 - crypto_analysis.vectorbt_optimizer.optimizer - INFO - Using tpe sampler with 1000 trials
2026-01-20 16:10:58,867 - crypto_analysis.vectorbt_optimizer.parallel_runner - INFO - ATOM/SMA: score=-0.2786, params={'fast_period': 12, 'slow_period': 21}
2026-01-20 16:10:58,872 - crypto_analysis.vectorbt_optimizer.optimizer - INFO - Optimizing EMA: 9168 combinations
2026-01-20 16:10:58,873 - crypto_analysis.vectorbt_optimizer.optimizer - INFO - Using tpe sampler with 1000 trials
2026-01-20 16:11:00,026 - crypto_analysis.vectorbt_optimizer.parallel_runner - INFO - SOL/SMA: score=0.6816, params={'fast_period': 46, 'slow_period': 116}
2026-01-20 16:11:00,031 - crypto_analysis.vectorbt_optimizer.optimizer - INFO - Optimizing EMA: 9168 combinations
2026-01-20 16:11:00,032 - crypto_analysis.vectorbt_optimizer.optimizer - INFO - Using tpe sampler with 1000 trials
2026-01-20 16:11:04,572 - crypto_analysis.vectorbt_optimizer.parallel_runner - INFO - BTC/SMA: score=0.1402, params={'fast_period': 43, 'slow_period': 70}
2026-01-20 16:11:04,577 - crypto_analysis.vectorbt_optimizer.optimizer - INFO - Optimizing EMA: 9168 combinations
2026-01-20 16:11:04,578 - crypto_analysis.vectorbt_optimizer.optimizer - INFO - Using tpe sampler with 1000 trials
2026-01-20 16:11:06,774 - crypto_analysis.vectorbt_optimizer.parallel_runner - INFO - DOT/SMA: score=-0.2630, params={'fast_period': 8, 'slow_period': 197}
2026-01-20 16:11:06,779 - crypto_analysis.vectorbt_optimizer.optimizer - INFO - Optimizing EMA: 9168 combinations
2026-01-20 16:11:06,780 - crypto_analysis.vectorbt_optimizer.optimizer - INFO - Using tpe sampler with 1000 trials
2026-01-20 16:11:06,892 - crypto_analysis.vectorbt_optimizer.parallel_runner - INFO - ADA/SMA: score=0.1975, params={'fast_period': 44, 'slow_period': 65}
2026-01-20 16:11:06,897 - crypto_analysis.vectorbt_optimizer.optimizer - INFO - Optimizing EMA: 9168 combinations
2026-01-20 16:11:06,897 - crypto_analysis.vectorbt_optimizer.optimizer - INFO - Using tpe sampler with 1000 trials
2026-01-20 16:11:11,144 - crypto_analysis.vectorbt_optimizer.parallel_runner - INFO - XRP/SMA: score=0.8877, params={'fast_period': 44, 'slow_period': 67}
2026-01-20 16:11:11,149 - crypto_analysis.vectorbt_optimizer.optimizer - INFO - Optimizing EMA: 9168 combinations
2026-01-20 16:11:11,150 - crypto_analysis.vectorbt_optimizer.optimizer - INFO - Using tpe sampler with 1000 trials
2026-01-20 16:11:12,170 - crypto_analysis.vectorbt_optimizer.parallel_runner - INFO - LINK/SMA: score=0.5049, params={'fast_period': 32, 'slow_period': 17}
2026-01-20 16:11:12,175 - crypto_analysis.vectorbt_optimizer.optimizer - INFO - Optimizing EMA: 9168 combinations
2026-01-20 16:11:12,175 - crypto_analysis.vectorbt_optimizer.optimizer - INFO - Using tpe sampler with 1000 trials
2026-01-20 16:11:40,654 - crypto_analysis.vectorbt_optimizer.parallel_runner - INFO - ETH/EMA: score=0.0848, params={'fast_period': 46, 'slow_period': 200}
2026-01-20 16:11:40,659 - crypto_analysis.vectorbt_optimizer.optimizer - INFO - Optimizing DEMA: 96 combinations
2026-01-20 16:11:40,660 - crypto_analysis.vectorbt_optimizer.optimizer - INFO - Using grid sampler with 96 trials
2026-01-20 16:11:42,399 - crypto_analysis.vectorbt_optimizer.parallel_runner - INFO - AVAX/EMA: score=-0.0344, params={'fast_period': 12, 'slow_period': 69}
2026-01-20 16:11:42,403 - crypto_analysis.vectorbt_optimizer.optimizer - INFO - Optimizing DEMA: 96 combinations
2026-01-20 16:11:42,404 - crypto_analysis.vectorbt_optimizer.optimizer - INFO - Using grid sampler with 96 trials
2026-01-20 16:11:43,964 - crypto_analysis.vectorbt_optimizer.parallel_runner - INFO - ATOM/EMA: score=0.0305, params={'fast_period': 42, 'slow_period': 37}
2026-01-20 16:11:43,969 - crypto_analysis.vectorbt_optimizer.optimizer - INFO - Optimizing DEMA: 96 combinations
2026-01-20 16:11:43,970 - crypto_analysis.vectorbt_optimizer.optimizer - INFO - Using grid sampler with 96 trials
2026-01-20 16:11:44,124 - crypto_analysis.vectorbt_optimizer.parallel_runner - INFO - SOL/EMA: score=0.1909, params={'fast_period': 50, 'slow_period': 48}
2026-01-20 16:11:44,129 - crypto_analysis.vectorbt_optimizer.optimizer - INFO - Optimizing DEMA: 96 combinations
2026-01-20 16:11:44,129 - crypto_analysis.vectorbt_optimizer.optimizer - INFO - Using grid sampler with 96 trials
2026-01-20 16:11:44,620 - crypto_analysis.vectorbt_optimizer.parallel_runner - INFO - BNB/EMA: score=0.2792, params={'fast_period': 48, 'slow_period': 138}
2026-01-20 16:11:44,625 - crypto_analysis.vectorbt_optimizer.optimizer - INFO - Optimizing DEMA: 96 combinations
2026-01-20 16:11:44,625 - crypto_analysis.vectorbt_optimizer.optimizer - INFO - Using grid sampler with 96 trials
2026-01-20 16:11:45,738 - crypto_analysis.vectorbt_optimizer.parallel_runner - INFO - ETH/DEMA: score=-0.3392, params={'timeperiod': 73}
2026-01-20 16:11:45,743 - crypto_analysis.vectorbt_optimizer.optimizer - INFO - Optimizing TEMA: 96 combinations
2026-01-20 16:11:45,743 - crypto_analysis.vectorbt_optimizer.optimizer - INFO - Using grid sampler with 96 trials
2026-01-20 16:11:47,540 - crypto_analysis.vectorbt_optimizer.parallel_runner - INFO - AVAX/DEMA: score=-0.2946, params={'timeperiod': 70}
2026-01-20 16:11:47,545 - crypto_analysis.vectorbt_optimizer.optimizer - INFO - Optimizing TEMA: 96 combinations
2026-01-20 16:11:47,545 - crypto_analysis.vectorbt_optimizer.optimizer - INFO - Using grid sampler with 96 trials
2026-01-20 16:11:49,258 - crypto_analysis.vectorbt_optimizer.parallel_runner - INFO - BTC/EMA: score=0.2385, params={'fast_period': 50, 'slow_period': 10}
2026-01-20 16:11:49,262 - crypto_analysis.vectorbt_optimizer.optimizer - INFO - Optimizing DEMA: 96 combinations
2026-01-20 16:11:49,263 - crypto_analysis.vectorbt_optimizer.optimizer - INFO - Using grid sampler with 96 trials
2026-01-20 16:11:49,424 - crypto_analysis.vectorbt_optimizer.parallel_runner - INFO - SOL/DEMA: score=-0.2472, params={'timeperiod': 92}
2026-01-20 16:11:49,428 - crypto_analysis.vectorbt_optimizer.optimizer - INFO - Optimizing TEMA: 96 combinations
2026-01-20 16:11:49,428 - crypto_analysis.vectorbt_optimizer.optimizer - INFO - Using grid sampler with 96 trials
2026-01-20 16:11:49,484 - crypto_analysis.vectorbt_optimizer.parallel_runner - INFO - ATOM/DEMA: score=-0.6009, params={'timeperiod': 78}
2026-01-20 16:11:49,489 - crypto_analysis.vectorbt_optimizer.optimizer - INFO - Optimizing TEMA: 96 combinations
2026-01-20 16:11:49,490 - crypto_analysis.vectorbt_optimizer.optimizer - INFO - Using grid sampler with 96 trials
2026-01-20 16:11:49,848 - crypto_analysis.vectorbt_optimizer.parallel_runner - INFO - BNB/DEMA: score=-0.3979, params={'timeperiod': 57}
2026-01-20 16:11:49,852 - crypto_analysis.vectorbt_optimizer.optimizer - INFO - Optimizing TEMA: 96 combinations
2026-01-20 16:11:49,853 - crypto_analysis.vectorbt_optimizer.optimizer - INFO - Using grid sampler with 96 trials
2026-01-20 16:11:51,095 - crypto_analysis.vectorbt_optimizer.parallel_runner - INFO - ETH/TEMA: score=-0.0183, params={'timeperiod': 78}
2026-01-20 16:11:51,100 - crypto_analysis.vectorbt_optimizer.optimizer - INFO - Optimizing KAMA: 26 combinations
2026-01-20 16:11:51,100 - crypto_analysis.vectorbt_optimizer.optimizer - INFO - Using grid sampler with 26 trials
2026-01-20 16:11:51,744 - crypto_analysis.vectorbt_optimizer.parallel_runner - INFO - ETH/KAMA: score=-0.4918, params={'timeperiod': 30}
2026-01-20 16:11:51,750 - crypto_analysis.vectorbt_optimizer.optimizer - INFO - Optimizing WMA: 96 combinations
2026-01-20 16:11:51,751 - crypto_analysis.vectorbt_optimizer.optimizer - INFO - Using grid sampler with 96 trials
2026-01-20 16:11:52,009 - crypto_analysis.vectorbt_optimizer.parallel_runner - INFO - DOT/EMA: score=-0.3169, params={'fast_period': 3, 'slow_period': 65}
2026-01-20 16:11:52,014 - crypto_analysis.vectorbt_optimizer.optimizer - INFO - Optimizing DEMA: 96 combinations
2026-01-20 16:11:52,014 - crypto_analysis.vectorbt_optimizer.optimizer - INFO - Using grid sampler with 96 trials
2026-01-20 16:11:52,941 - crypto_analysis.vectorbt_optimizer.parallel_runner - INFO - ADA/EMA: score=0.0000, params={'fast_period': 35, 'slow_period': 35}
2026-01-20 16:11:52,945 - crypto_analysis.vectorbt_optimizer.optimizer - INFO - Optimizing DEMA: 96 combinations
2026-01-20 16:11:52,946 - crypto_analysis.vectorbt_optimizer.optimizer - INFO - Using grid sampler with 96 trials
2026-01-20 16:11:53,055 - crypto_analysis.vectorbt_optimizer.parallel_runner - INFO - AVAX/TEMA: score=-0.3791, params={'timeperiod': 100}
2026-01-20 16:11:53,061 - crypto_analysis.vectorbt_optimizer.optimizer - INFO - Optimizing KAMA: 26 combinations
2026-01-20 16:11:53,061 - crypto_analysis.vectorbt_optimizer.optimizer - INFO - Using grid sampler with 26 trials
2026-01-20 16:11:53,717 - crypto_analysis.vectorbt_optimizer.parallel_runner - INFO - AVAX/KAMA: score=-0.6448, params={'timeperiod': 25}
2026-01-20 16:11:53,722 - crypto_analysis.vectorbt_optimizer.optimizer - INFO - Optimizing WMA: 96 combinations
2026-01-20 16:11:53,723 - crypto_analysis.vectorbt_optimizer.optimizer - INFO - Using grid sampler with 96 trials
2026-01-20 16:11:54,615 - crypto_analysis.vectorbt_optimizer.parallel_runner - INFO - BTC/DEMA: score=-0.4800, params={'timeperiod': 77}
2026-01-20 16:11:54,620 - crypto_analysis.vectorbt_optimizer.optimizer - INFO - Optimizing TEMA: 96 combinations
2026-01-20 16:11:54,621 - crypto_analysis.vectorbt_optimizer.optimizer - INFO - Using grid sampler with 96 trials
2026-01-20 16:11:54,639 - crypto_analysis.vectorbt_optimizer.parallel_runner - INFO - ATOM/TEMA: score=-0.4976, params={'timeperiod': 66}
2026-01-20 16:11:54,644 - crypto_analysis.vectorbt_optimizer.optimizer - INFO - Optimizing KAMA: 26 combinations
2026-01-20 16:11:54,645 - crypto_analysis.vectorbt_optimizer.optimizer - INFO - Using grid sampler with 26 trials
2026-01-20 16:11:54,815 - crypto_analysis.vectorbt_optimizer.parallel_runner - INFO - SOL/TEMA: score=-0.5458, params={'timeperiod': 96}
2026-01-20 16:11:54,820 - crypto_analysis.vectorbt_optimizer.optimizer - INFO - Optimizing KAMA: 26 combinations
2026-01-20 16:11:54,821 - crypto_analysis.vectorbt_optimizer.optimizer - INFO - Using grid sampler with 26 trials
2026-01-20 16:11:55,258 - crypto_analysis.vectorbt_optimizer.parallel_runner - INFO - ATOM/KAMA: score=-0.6511, params={'timeperiod': 29}
2026-01-20 16:11:55,264 - crypto_analysis.vectorbt_optimizer.optimizer - INFO - Optimizing WMA: 96 combinations
2026-01-20 16:11:55,265 - crypto_analysis.vectorbt_optimizer.optimizer - INFO - Using grid sampler with 96 trials
2026-01-20 16:11:55,380 - crypto_analysis.vectorbt_optimizer.parallel_runner - INFO - BNB/TEMA: score=-0.3862, params={'timeperiod': 100}
2026-01-20 16:11:55,385 - crypto_analysis.vectorbt_optimizer.optimizer - INFO - Optimizing KAMA: 26 combinations
2026-01-20 16:11:55,386 - crypto_analysis.vectorbt_optimizer.optimizer - INFO - Using grid sampler with 26 trials
2026-01-20 16:11:55,468 - crypto_analysis.vectorbt_optimizer.parallel_runner - INFO - SOL/KAMA: score=-0.6441, params={'timeperiod': 22}
2026-01-20 16:11:55,473 - crypto_analysis.vectorbt_optimizer.optimizer - INFO - Optimizing WMA: 96 combinations
2026-01-20 16:11:55,474 - crypto_analysis.vectorbt_optimizer.optimizer - INFO - Using grid sampler with 96 trials
2026-01-20 16:11:55,886 - crypto_analysis.vectorbt_optimizer.parallel_runner - INFO - XRP/EMA: score=0.2120, params={'fast_period': 17, 'slow_period': 116}
2026-01-20 16:11:55,891 - crypto_analysis.vectorbt_optimizer.optimizer - INFO - Optimizing DEMA: 96 combinations
2026-01-20 16:11:55,891 - crypto_analysis.vectorbt_optimizer.optimizer - INFO - Using grid sampler with 96 trials
2026-01-20 16:11:56,029 - crypto_analysis.vectorbt_optimizer.parallel_runner - INFO - BNB/KAMA: score=-0.5260, params={'timeperiod': 30}
2026-01-20 16:11:56,034 - crypto_analysis.vectorbt_optimizer.optimizer - INFO - Optimizing WMA: 96 combinations
2026-01-20 16:11:56,035 - crypto_analysis.vectorbt_optimizer.optimizer - INFO - Using grid sampler with 96 trials
2026-01-20 16:11:57,233 - crypto_analysis.vectorbt_optimizer.parallel_runner - INFO - ETH/WMA: score=-0.3224, params={'timeperiod': 97}
2026-01-20 16:11:57,238 - crypto_analysis.vectorbt_optimizer.optimizer - INFO - Optimizing TRIMA: 96 combinations
2026-01-20 16:11:57,239 - crypto_analysis.vectorbt_optimizer.optimizer - INFO - Using grid sampler with 96 trials
2026-01-20 16:11:57,574 - crypto_analysis.vectorbt_optimizer.parallel_runner - INFO - DOT/DEMA: score=-0.6634, params={'timeperiod': 89}
2026-01-20 16:11:57,578 - crypto_analysis.vectorbt_optimizer.optimizer - INFO - Optimizing TEMA: 96 combinations
2026-01-20 16:11:57,579 - crypto_analysis.vectorbt_optimizer.optimizer - INFO - Using grid sampler with 96 trials
2026-01-20 16:11:57,584 - crypto_analysis.vectorbt_optimizer.parallel_runner - INFO - LINK/EMA: score=0.3362, params={'fast_period': 48, 'slow_period': 47}
2026-01-20 16:11:57,588 - crypto_analysis.vectorbt_optimizer.optimizer - INFO - Optimizing DEMA: 96 combinations
2026-01-20 16:11:57,589 - crypto_analysis.vectorbt_optimizer.optimizer - INFO - Using grid sampler with 96 trials
2026-01-20 16:11:58,006 - crypto_analysis.vectorbt_optimizer.parallel_runner - INFO - ADA/DEMA: score=-0.6472, params={'timeperiod': 76}
2026-01-20 16:11:58,011 - crypto_analysis.vectorbt_optimizer.optimizer - INFO - Optimizing TEMA: 96 combinations
2026-01-20 16:11:58,012 - crypto_analysis.vectorbt_optimizer.optimizer - INFO - Using grid sampler with 96 trials
2026-01-20 16:11:58,908 - crypto_analysis.vectorbt_optimizer.parallel_runner - INFO - AVAX/WMA: score=-0.5002, params={'timeperiod': 93}
2026-01-20 16:11:58,913 - crypto_analysis.vectorbt_optimizer.optimizer - INFO - Optimizing TRIMA: 96 combinations
2026-01-20 16:11:58,913 - crypto_analysis.vectorbt_optimizer.optimizer - INFO - Using grid sampler with 96 trials
2026-01-20 16:11:59,836 - crypto_analysis.vectorbt_optimizer.parallel_runner - INFO - BTC/TEMA: score=-0.3848, params={'timeperiod': 100}
2026-01-20 16:11:59,842 - crypto_analysis.vectorbt_optimizer.optimizer - INFO - Optimizing KAMA: 26 combinations
2026-01-20 16:11:59,842 - crypto_analysis.vectorbt_optimizer.optimizer - INFO - Using grid sampler with 26 trials
2026-01-20 16:12:00,134 - crypto_analysis.vectorbt_optimizer.parallel_runner - INFO - ATOM/WMA: score=-0.5290, params={'timeperiod': 74}
2026-01-20 16:12:00,139 - crypto_analysis.vectorbt_optimizer.optimizer - INFO - Optimizing TRIMA: 96 combinations
2026-01-20 16:12:00,139 - crypto_analysis.vectorbt_optimizer.optimizer - INFO - Using grid sampler with 96 trials
2026-01-20 16:12:00,457 - crypto_analysis.vectorbt_optimizer.parallel_runner - INFO - BTC/KAMA: score=-0.6433, params={'timeperiod': 30}
2026-01-20 16:12:00,463 - crypto_analysis.vectorbt_optimizer.optimizer - INFO - Optimizing WMA: 96 combinations
2026-01-20 16:12:00,464 - crypto_analysis.vectorbt_optimizer.optimizer - INFO - Using grid sampler with 96 trials
2026-01-20 16:12:00,630 - crypto_analysis.vectorbt_optimizer.parallel_runner - INFO - SOL/WMA: score=-0.3203, params={'timeperiod': 97}
2026-01-20 16:12:00,635 - crypto_analysis.vectorbt_optimizer.optimizer - INFO - Optimizing TRIMA: 96 combinations
2026-01-20 16:12:00,635 - crypto_analysis.vectorbt_optimizer.optimizer - INFO - Using grid sampler with 96 trials
2026-01-20 16:12:00,853 - crypto_analysis.vectorbt_optimizer.parallel_runner - INFO - XRP/DEMA: score=-0.2826, params={'timeperiod': 73}
2026-01-20 16:12:00,858 - crypto_analysis.vectorbt_optimizer.optimizer - INFO - Optimizing TEMA: 96 combinations
2026-01-20 16:12:00,858 - crypto_analysis.vectorbt_optimizer.optimizer - INFO - Using grid sampler with 96 trials
2026-01-20 16:12:01,021 - crypto_analysis.vectorbt_optimizer.parallel_runner - INFO - BNB/WMA: score=-0.4360, params={'timeperiod': 100}
2026-01-20 16:12:01,025 - crypto_analysis.vectorbt_optimizer.optimizer - INFO - Optimizing TRIMA: 96 combinations
2026-01-20 16:12:01,026 - crypto_analysis.vectorbt_optimizer.optimizer - INFO - Using grid sampler with 96 trials
2026-01-20 16:12:02,239 - crypto_analysis.vectorbt_optimizer.parallel_runner - INFO - ETH/TRIMA: score=-0.1462, params={'timeperiod': 85}
2026-01-20 16:12:02,245 - crypto_analysis.vectorbt_optimizer.optimizer - INFO - Optimizing T3: 46 combinations
2026-01-20 16:12:02,246 - crypto_analysis.vectorbt_optimizer.optimizer - INFO - Using grid sampler with 46 trials
2026-01-20 16:12:02,460 - crypto_analysis.vectorbt_optimizer.parallel_runner - INFO - DOT/TEMA: score=-0.5346, params={'timeperiod': 75}
2026-01-20 16:12:02,465 - crypto_analysis.vectorbt_optimizer.optimizer - INFO - Optimizing KAMA: 26 combinations
2026-01-20 16:12:02,467 - crypto_analysis.vectorbt_optimizer.optimizer - INFO - Using grid sampler with 26 trials
2026-01-20 16:12:02,591 - crypto_analysis.vectorbt_optimizer.parallel_runner - INFO - LINK/DEMA: score=-0.6355, params={'timeperiod': 70}
2026-01-20 16:12:02,596 - crypto_analysis.vectorbt_optimizer.optimizer - INFO - Optimizing TEMA: 96 combinations
2026-01-20 16:12:02,597 - crypto_analysis.vectorbt_optimizer.optimizer - INFO - Using grid sampler with 96 trials
2026-01-20 16:12:03,071 - crypto_analysis.vectorbt_optimizer.parallel_runner - INFO - DOT/KAMA: score=-0.7041, params={'timeperiod': 30}
2026-01-20 16:12:03,076 - crypto_analysis.vectorbt_optimizer.optimizer - INFO - Optimizing WMA: 96 combinations
2026-01-20 16:12:03,077 - crypto_analysis.vectorbt_optimizer.optimizer - INFO - Using grid sampler with 96 trials
2026-01-20 16:12:03,222 - crypto_analysis.vectorbt_optimizer.parallel_runner - INFO - ADA/TEMA: score=-0.7222, params={'timeperiod': 69}
2026-01-20 16:12:03,227 - crypto_analysis.vectorbt_optimizer.optimizer - INFO - Optimizing KAMA: 26 combinations
2026-01-20 16:12:03,228 - crypto_analysis.vectorbt_optimizer.optimizer - INFO - Using grid sampler with 26 trials
2026-01-20 16:12:03,466 - crypto_analysis.vectorbt_optimizer.parallel_runner - INFO - ETH/T3: score=-0.1564, params={'timeperiod': 15, 'vfactor': 1.0}
2026-01-20 16:12:03,472 - crypto_analysis.vectorbt_optimizer.optimizer - INFO - Optimizing SAR: 1 combinations
2026-01-20 16:12:03,472 - crypto_analysis.vectorbt_optimizer.optimizer - INFO - Using grid sampler with 1 trials
2026-01-20 16:12:03,526 - crypto_analysis.vectorbt_optimizer.parallel_runner - INFO - ETH/SAR: score=-0.3444, params={'acceleration': 0.01, 'maximum': 0.1}
2026-01-20 16:12:03,530 - crypto_analysis.vectorbt_optimizer.optimizer - INFO - Optimizing BBANDS: 369 combinations
2026-01-20 16:12:03,531 - crypto_analysis.vectorbt_optimizer.optimizer - INFO - Using grid sampler with 369 trials
2026-01-20 16:12:03,873 - crypto_analysis.vectorbt_optimizer.parallel_runner - INFO - ADA/KAMA: score=-0.4319, params={'timeperiod': 30}
2026-01-20 16:12:03,879 - crypto_analysis.vectorbt_optimizer.optimizer - INFO - Optimizing WMA: 96 combinations
2026-01-20 16:12:03,880 - crypto_analysis.vectorbt_optimizer.optimizer - INFO - Using grid sampler with 96 trials
2026-01-20 16:12:04,263 - crypto_analysis.vectorbt_optimizer.parallel_runner - INFO - AVAX/TRIMA: score=-0.3615, params={'timeperiod': 94}
2026-01-20 16:12:04,268 - crypto_analysis.vectorbt_optimizer.optimizer - INFO - Optimizing T3: 46 combinations
2026-01-20 16:12:04,269 - crypto_analysis.vectorbt_optimizer.optimizer - INFO - Using grid sampler with 46 trials
2026-01-20 16:12:05,331 - crypto_analysis.vectorbt_optimizer.parallel_runner - INFO - ATOM/TRIMA: score=-0.5084, params={'timeperiod': 57}
2026-01-20 16:12:05,337 - crypto_analysis.vectorbt_optimizer.optimizer - INFO - Optimizing T3: 46 combinations
2026-01-20 16:12:05,338 - crypto_analysis.vectorbt_optimizer.optimizer - INFO - Using grid sampler with 46 trials
2026-01-20 16:12:05,474 - crypto_analysis.vectorbt_optimizer.parallel_runner - INFO - AVAX/T3: score=-0.4482, params={'timeperiod': 13, 'vfactor': 1.0}
2026-01-20 16:12:05,479 - crypto_analysis.vectorbt_optimizer.optimizer - INFO - Optimizing SAR: 1 combinations
2026-01-20 16:12:05,480 - crypto_analysis.vectorbt_optimizer.optimizer - INFO - Using grid sampler with 1 trials
2026-01-20 16:12:05,526 - crypto_analysis.vectorbt_optimizer.parallel_runner - INFO - AVAX/SAR: score=-0.1336, params={'acceleration': 0.01, 'maximum': 0.1}
2026-01-20 16:12:05,531 - crypto_analysis.vectorbt_optimizer.optimizer - INFO - Optimizing BBANDS: 369 combinations
2026-01-20 16:12:05,532 - crypto_analysis.vectorbt_optimizer.optimizer - INFO - Using grid sampler with 369 trials
2026-01-20 16:12:05,541 - crypto_analysis.vectorbt_optimizer.parallel_runner - INFO - BTC/WMA: score=-0.5130, params={'timeperiod': 76}
2026-01-20 16:12:05,546 - crypto_analysis.vectorbt_optimizer.optimizer - INFO - Optimizing TRIMA: 96 combinations
2026-01-20 16:12:05,546 - crypto_analysis.vectorbt_optimizer.optimizer - INFO - Using grid sampler with 96 trials
2026-01-20 16:12:05,723 - crypto_analysis.vectorbt_optimizer.parallel_runner - INFO - SOL/TRIMA: score=-0.3473, params={'timeperiod': 86}
2026-01-20 16:12:05,728 - crypto_analysis.vectorbt_optimizer.optimizer - INFO - Optimizing T3: 46 combinations
2026-01-20 16:12:05,728 - crypto_analysis.vectorbt_optimizer.optimizer - INFO - Using grid sampler with 46 trials
2026-01-20 16:12:05,778 - crypto_analysis.vectorbt_optimizer.parallel_runner - INFO - XRP/TEMA: score=-0.2371, params={'timeperiod': 100}
2026-01-20 16:12:05,784 - crypto_analysis.vectorbt_optimizer.optimizer - INFO - Optimizing KAMA: 26 combinations
2026-01-20 16:12:05,784 - crypto_analysis.vectorbt_optimizer.optimizer - INFO - Using grid sampler with 26 trials
2026-01-20 16:12:06,262 - crypto_analysis.vectorbt_optimizer.parallel_runner - INFO - BNB/TRIMA: score=-0.1219, params={'timeperiod': 92}
2026-01-20 16:12:06,269 - crypto_analysis.vectorbt_optimizer.optimizer - INFO - Optimizing T3: 46 combinations
2026-01-20 16:12:06,269 - crypto_analysis.vectorbt_optimizer.optimizer - INFO - Using grid sampler with 46 trials
2026-01-20 16:12:06,409 - crypto_analysis.vectorbt_optimizer.parallel_runner - INFO - XRP/KAMA: score=-0.4782, params={'timeperiod': 29}
2026-01-20 16:12:06,416 - crypto_analysis.vectorbt_optimizer.optimizer - INFO - Optimizing WMA: 96 combinations
2026-01-20 16:12:06,417 - crypto_analysis.vectorbt_optimizer.optimizer - INFO - Using grid sampler with 96 trials
2026-01-20 16:12:06,541 - crypto_analysis.vectorbt_optimizer.parallel_runner - INFO - ATOM/T3: score=-0.3063, params={'timeperiod': 25, 'vfactor': 1.0}
2026-01-20 16:12:06,546 - crypto_analysis.vectorbt_optimizer.optimizer - INFO - Optimizing SAR: 1 combinations
2026-01-20 16:12:06,547 - crypto_analysis.vectorbt_optimizer.optimizer - INFO - Using grid sampler with 1 trials
2026-01-20 16:12:06,604 - crypto_analysis.vectorbt_optimizer.parallel_runner - INFO - ATOM/SAR: score=-0.3024, params={'acceleration': 0.01, 'maximum': 0.1}
2026-01-20 16:12:06,608 - crypto_analysis.vectorbt_optimizer.optimizer - INFO - Optimizing BBANDS: 369 combinations
2026-01-20 16:12:06,609 - crypto_analysis.vectorbt_optimizer.optimizer - INFO - Using grid sampler with 369 trials
2026-01-20 16:12:06,911 - crypto_analysis.vectorbt_optimizer.parallel_runner - INFO - SOL/T3: score=-0.4524, params={'timeperiod': 25, 'vfactor': 0.0}
2026-01-20 16:12:06,916 - crypto_analysis.vectorbt_optimizer.optimizer - INFO - Optimizing SAR: 1 combinations
2026-01-20 16:12:06,917 - crypto_analysis.vectorbt_optimizer.optimizer - INFO - Using grid sampler with 1 trials
2026-01-20 16:12:06,965 - crypto_analysis.vectorbt_optimizer.parallel_runner - INFO - SOL/SAR: score=-0.6613, params={'acceleration': 0.01, 'maximum': 0.1}
2026-01-20 16:12:06,969 - crypto_analysis.vectorbt_optimizer.optimizer - INFO - Optimizing BBANDS: 369 combinations
2026-01-20 16:12:06,970 - crypto_analysis.vectorbt_optimizer.optimizer - INFO - Using grid sampler with 369 trials
2026-01-20 16:12:07,463 - crypto_analysis.vectorbt_optimizer.parallel_runner - INFO - BNB/T3: score=-0.1488, params={'timeperiod': 25, 'vfactor': 1.0}
2026-01-20 16:12:07,468 - crypto_analysis.vectorbt_optimizer.optimizer - INFO - Optimizing SAR: 1 combinations
2026-01-20 16:12:07,469 - crypto_analysis.vectorbt_optimizer.optimizer - INFO - Using grid sampler with 1 trials
2026-01-20 16:12:07,523 - crypto_analysis.vectorbt_optimizer.parallel_runner - INFO - BNB/SAR: score=-0.2881, params={'acceleration': 0.01, 'maximum': 0.1}
2026-01-20 16:12:07,528 - crypto_analysis.vectorbt_optimizer.optimizer - INFO - Optimizing BBANDS: 369 combinations
2026-01-20 16:12:07,530 - crypto_analysis.vectorbt_optimizer.optimizer - INFO - Using grid sampler with 369 trials
2026-01-20 16:12:07,705 - crypto_analysis.vectorbt_optimizer.parallel_runner - INFO - LINK/TEMA: score=-0.5570, params={'timeperiod': 66}
2026-01-20 16:12:07,710 - crypto_analysis.vectorbt_optimizer.optimizer - INFO - Optimizing KAMA: 26 combinations
2026-01-20 16:12:07,711 - crypto_analysis.vectorbt_optimizer.optimizer - INFO - Using grid sampler with 26 trials
2026-01-20 16:12:08,109 - crypto_analysis.vectorbt_optimizer.parallel_runner - INFO - DOT/WMA: score=-0.5414, params={'timeperiod': 93}
2026-01-20 16:12:08,114 - crypto_analysis.vectorbt_optimizer.optimizer - INFO - Optimizing TRIMA: 96 combinations
2026-01-20 16:12:08,114 - crypto_analysis.vectorbt_optimizer.optimizer - INFO - Using grid sampler with 96 trials
2026-01-20 16:12:08,329 - crypto_analysis.vectorbt_optimizer.parallel_runner - INFO - LINK/KAMA: score=-0.7358, params={'timeperiod': 28}
2026-01-20 16:12:08,335 - crypto_analysis.vectorbt_optimizer.optimizer - INFO - Optimizing WMA: 96 combinations
2026-01-20 16:12:08,336 - crypto_analysis.vectorbt_optimizer.optimizer - INFO - Using grid sampler with 96 trials
2026-01-20 16:12:09,106 - crypto_analysis.vectorbt_optimizer.parallel_runner - INFO - ADA/WMA: score=-0.3951, params={'timeperiod': 100}
2026-01-20 16:12:09,112 - crypto_analysis.vectorbt_optimizer.optimizer - INFO - Optimizing TRIMA: 96 combinations
2026-01-20 16:12:09,113 - crypto_analysis.vectorbt_optimizer.optimizer - INFO - Using grid sampler with 96 trials
2026-01-20 16:12:10,674 - crypto_analysis.vectorbt_optimizer.parallel_runner - INFO - BTC/TRIMA: score=-0.4749, params={'timeperiod': 54}
2026-01-20 16:12:10,680 - crypto_analysis.vectorbt_optimizer.optimizer - INFO - Optimizing T3: 46 combinations
2026-01-20 16:12:10,680 - crypto_analysis.vectorbt_optimizer.optimizer - INFO - Using grid sampler with 46 trials
2026-01-20 16:12:11,614 - crypto_analysis.vectorbt_optimizer.parallel_runner - INFO - XRP/WMA: score=-0.3297, params={'timeperiod': 80}
2026-01-20 16:12:11,619 - crypto_analysis.vectorbt_optimizer.optimizer - INFO - Optimizing TRIMA: 96 combinations
2026-01-20 16:12:11,620 - crypto_analysis.vectorbt_optimizer.optimizer - INFO - Using grid sampler with 96 trials
2026-01-20 16:12:11,897 - crypto_analysis.vectorbt_optimizer.parallel_runner - INFO - BTC/T3: score=-0.4785, params={'timeperiod': 21, 'vfactor': 0.0}
2026-01-20 16:12:11,901 - crypto_analysis.vectorbt_optimizer.optimizer - INFO - Optimizing SAR: 1 combinations
2026-01-20 16:12:11,902 - crypto_analysis.vectorbt_optimizer.optimizer - INFO - Using grid sampler with 1 trials
2026-01-20 16:12:11,946 - crypto_analysis.vectorbt_optimizer.parallel_runner - INFO - BTC/SAR: score=-0.4513, params={'acceleration': 0.01, 'maximum': 0.1}
2026-01-20 16:12:11,950 - crypto_analysis.vectorbt_optimizer.optimizer - INFO - Optimizing BBANDS: 369 combinations
2026-01-20 16:12:11,951 - crypto_analysis.vectorbt_optimizer.optimizer - INFO - Using grid sampler with 369 trials
2026-01-20 16:12:13,054 - crypto_analysis.vectorbt_optimizer.parallel_runner - INFO - DOT/TRIMA: score=-0.5453, params={'timeperiod': 79}
2026-01-20 16:12:13,059 - crypto_analysis.vectorbt_optimizer.optimizer - INFO - Optimizing T3: 46 combinations
2026-01-20 16:12:13,060 - crypto_analysis.vectorbt_optimizer.optimizer - INFO - Using grid sampler with 46 trials
2026-01-20 16:12:13,404 - crypto_analysis.vectorbt_optimizer.parallel_runner - INFO - LINK/WMA: score=-0.6939, params={'timeperiod': 24}
2026-01-20 16:12:13,410 - crypto_analysis.vectorbt_optimizer.optimizer - INFO - Optimizing TRIMA: 96 combinations
2026-01-20 16:12:13,411 - crypto_analysis.vectorbt_optimizer.optimizer - INFO - Using grid sampler with 96 trials
2026-01-20 16:12:14,238 - crypto_analysis.vectorbt_optimizer.parallel_runner - INFO - DOT/T3: score=-0.5290, params={'timeperiod': 21, 'vfactor': 0.0}
2026-01-20 16:12:14,244 - crypto_analysis.vectorbt_optimizer.optimizer - INFO - Optimizing SAR: 1 combinations
2026-01-20 16:12:14,245 - crypto_analysis.vectorbt_optimizer.optimizer - INFO - Using grid sampler with 1 trials
2026-01-20 16:12:14,298 - crypto_analysis.vectorbt_optimizer.parallel_runner - INFO - DOT/SAR: score=-0.3755, params={'acceleration': 0.01, 'maximum': 0.1}
2026-01-20 16:12:14,304 - crypto_analysis.vectorbt_optimizer.optimizer - INFO - Optimizing BBANDS: 369 combinations
2026-01-20 16:12:14,305 - crypto_analysis.vectorbt_optimizer.optimizer - INFO - Using grid sampler with 369 trials
2026-01-20 16:12:14,582 - crypto_analysis.vectorbt_optimizer.parallel_runner - INFO - ADA/TRIMA: score=-0.2402, params={'timeperiod': 88}
2026-01-20 16:12:14,587 - crypto_analysis.vectorbt_optimizer.optimizer - INFO - Optimizing T3: 46 combinations
2026-01-20 16:12:14,588 - crypto_analysis.vectorbt_optimizer.optimizer - INFO - Using grid sampler with 46 trials
2026-01-20 16:12:15,766 - crypto_analysis.vectorbt_optimizer.parallel_runner - INFO - ADA/T3: score=-0.4436, params={'timeperiod': 25, 'vfactor': 0.0}
2026-01-20 16:12:15,772 - crypto_analysis.vectorbt_optimizer.optimizer - INFO - Optimizing SAR: 1 combinations
2026-01-20 16:12:15,772 - crypto_analysis.vectorbt_optimizer.optimizer - INFO - Using grid sampler with 1 trials
2026-01-20 16:12:15,825 - crypto_analysis.vectorbt_optimizer.parallel_runner - INFO - ADA/SAR: score=-0.6266, params={'acceleration': 0.01, 'maximum': 0.1}
2026-01-20 16:12:15,830 - crypto_analysis.vectorbt_optimizer.optimizer - INFO - Optimizing BBANDS: 369 combinations
2026-01-20 16:12:15,831 - crypto_analysis.vectorbt_optimizer.optimizer - INFO - Using grid sampler with 369 trials
2026-01-20 16:12:16,614 - crypto_analysis.vectorbt_optimizer.parallel_runner - INFO - XRP/TRIMA: score=-0.1823, params={'timeperiod': 36}
2026-01-20 16:12:16,620 - crypto_analysis.vectorbt_optimizer.optimizer - INFO - Optimizing T3: 46 combinations
2026-01-20 16:12:16,620 - crypto_analysis.vectorbt_optimizer.optimizer - INFO - Using grid sampler with 46 trials
2026-01-20 16:12:17,798 - crypto_analysis.vectorbt_optimizer.parallel_runner - INFO - XRP/T3: score=-0.3022, params={'timeperiod': 24, 'vfactor': 1.0}
2026-01-20 16:12:17,804 - crypto_analysis.vectorbt_optimizer.optimizer - INFO - Optimizing SAR: 1 combinations
2026-01-20 16:12:17,805 - crypto_analysis.vectorbt_optimizer.optimizer - INFO - Using grid sampler with 1 trials
2026-01-20 16:12:17,859 - crypto_analysis.vectorbt_optimizer.parallel_runner - INFO - XRP/SAR: score=-0.0841, params={'acceleration': 0.01, 'maximum': 0.1}
2026-01-20 16:12:17,863 - crypto_analysis.vectorbt_optimizer.optimizer - INFO - Optimizing BBANDS: 369 combinations
2026-01-20 16:12:17,864 - crypto_analysis.vectorbt_optimizer.optimizer - INFO - Using grid sampler with 369 trials
2026-01-20 16:12:18,726 - crypto_analysis.vectorbt_optimizer.parallel_runner - INFO - LINK/TRIMA: score=-0.5683, params={'timeperiod': 99}
2026-01-20 16:12:18,732 - crypto_analysis.vectorbt_optimizer.optimizer - INFO - Optimizing T3: 46 combinations
2026-01-20 16:12:18,732 - crypto_analysis.vectorbt_optimizer.optimizer - INFO - Using grid sampler with 46 trials
2026-01-20 16:12:19,919 - crypto_analysis.vectorbt_optimizer.parallel_runner - INFO - LINK/T3: score=-0.5353, params={'timeperiod': 25, 'vfactor': 1.0}
2026-01-20 16:12:19,924 - crypto_analysis.vectorbt_optimizer.optimizer - INFO - Optimizing SAR: 1 combinations
2026-01-20 16:12:19,925 - crypto_analysis.vectorbt_optimizer.optimizer - INFO - Using grid sampler with 1 trials
2026-01-20 16:12:19,975 - crypto_analysis.vectorbt_optimizer.parallel_runner - INFO - LINK/SAR: score=-0.3370, params={'acceleration': 0.01, 'maximum': 0.1}
2026-01-20 16:12:19,980 - crypto_analysis.vectorbt_optimizer.optimizer - INFO - Optimizing BBANDS: 369 combinations
2026-01-20 16:12:19,981 - crypto_analysis.vectorbt_optimizer.optimizer - INFO - Using grid sampler with 369 trials
2026-01-20 16:12:35,323 - crypto_analysis.vectorbt_optimizer.parallel_runner - INFO - ETH/BBANDS: score=0.2689, params={'timeperiod': 29, 'nbdevup': 3.0, 'nbdevdn': 2.0, 'entry_factor': 1.0, 'exit_factor': 0.95}
2026-01-20 16:12:35,330 - crypto_analysis.vectorbt_optimizer.optimizer - INFO - Optimizing HT_TRENDLINE: 1 combinations
2026-01-20 16:12:35,331 - crypto_analysis.vectorbt_optimizer.optimizer - INFO - Using grid sampler with 1 trials
2026-01-20 16:12:35,369 - crypto_analysis.vectorbt_optimizer.parallel_runner - INFO - ETH/HT_TRENDLINE: score=-0.4465, params={}
2026-01-20 16:12:35,373 - crypto_analysis.vectorbt_optimizer.optimizer - INFO - Optimizing MA: 864 combinations
2026-01-20 16:12:35,373 - crypto_analysis.vectorbt_optimizer.optimizer - INFO - Using tpe sampler with 1000 trials
2026-01-20 16:12:37,142 - crypto_analysis.vectorbt_optimizer.parallel_runner - INFO - AVAX/BBANDS: score=0.1655, params={'timeperiod': 22, 'nbdevup': 3.0, 'nbdevdn': 3.0, 'entry_factor': 1.0, 'exit_factor': 0.95}
2026-01-20 16:12:37,147 - crypto_analysis.vectorbt_optimizer.optimizer - INFO - Optimizing HT_TRENDLINE: 1 combinations
2026-01-20 16:12:37,148 - crypto_analysis.vectorbt_optimizer.optimizer - INFO - Using grid sampler with 1 trials
2026-01-20 16:12:37,185 - crypto_analysis.vectorbt_optimizer.parallel_runner - INFO - AVAX/HT_TRENDLINE: score=-0.6814, params={}
2026-01-20 16:12:37,189 - crypto_analysis.vectorbt_optimizer.optimizer - INFO - Optimizing MA: 864 combinations
2026-01-20 16:12:37,190 - crypto_analysis.vectorbt_optimizer.optimizer - INFO - Using tpe sampler with 1000 trials
2026-01-20 16:12:37,994 - crypto_analysis.vectorbt_optimizer.parallel_runner - INFO - ATOM/BBANDS: score=0.3486, params={'timeperiod': 43, 'nbdevup': 3.0, 'nbdevdn': 3.0, 'entry_factor': 1.0, 'exit_factor': 0.95}
2026-01-20 16:12:37,999 - crypto_analysis.vectorbt_optimizer.optimizer - INFO - Optimizing HT_TRENDLINE: 1 combinations
2026-01-20 16:12:38,000 - crypto_analysis.vectorbt_optimizer.optimizer - INFO - Using grid sampler with 1 trials
2026-01-20 16:12:38,039 - crypto_analysis.vectorbt_optimizer.parallel_runner - INFO - ATOM/HT_TRENDLINE: score=-0.7482, params={}
2026-01-20 16:12:38,043 - crypto_analysis.vectorbt_optimizer.optimizer - INFO - Optimizing MA: 864 combinations
2026-01-20 16:12:38,044 - crypto_analysis.vectorbt_optimizer.optimizer - INFO - Using tpe sampler with 1000 trials
2026-01-20 16:12:38,452 - crypto_analysis.vectorbt_optimizer.parallel_runner - INFO - SOL/BBANDS: score=0.2752, params={'timeperiod': 15, 'nbdevup': 1.0, 'nbdevdn': 2.0, 'entry_factor': 1.0, 'exit_factor': 0.95}
2026-01-20 16:12:38,458 - crypto_analysis.vectorbt_optimizer.optimizer - INFO - Optimizing HT_TRENDLINE: 1 combinations
2026-01-20 16:12:38,458 - crypto_analysis.vectorbt_optimizer.optimizer - INFO - Using grid sampler with 1 trials
2026-01-20 16:12:38,497 - crypto_analysis.vectorbt_optimizer.parallel_runner - INFO - SOL/HT_TRENDLINE: score=-0.7068, params={}
2026-01-20 16:12:38,502 - crypto_analysis.vectorbt_optimizer.optimizer - INFO - Optimizing MA: 864 combinations
2026-01-20 16:12:38,503 - crypto_analysis.vectorbt_optimizer.optimizer - INFO - Using tpe sampler with 1000 trials
2026-01-20 16:12:39,370 - crypto_analysis.vectorbt_optimizer.parallel_runner - INFO - BNB/BBANDS: score=0.2690, params={'timeperiod': 48, 'nbdevup': 2.0, 'nbdevdn': 3.0, 'entry_factor': 1.0, 'exit_factor': 0.95}
2026-01-20 16:12:39,375 - crypto_analysis.vectorbt_optimizer.optimizer - INFO - Optimizing HT_TRENDLINE: 1 combinations
2026-01-20 16:12:39,376 - crypto_analysis.vectorbt_optimizer.optimizer - INFO - Using grid sampler with 1 trials
2026-01-20 16:12:39,413 - crypto_analysis.vectorbt_optimizer.parallel_runner - INFO - BNB/HT_TRENDLINE: score=-0.5888, params={}
2026-01-20 16:12:39,417 - crypto_analysis.vectorbt_optimizer.optimizer - INFO - Optimizing MA: 864 combinations
2026-01-20 16:12:39,418 - crypto_analysis.vectorbt_optimizer.optimizer - INFO - Using tpe sampler with 1000 trials
2026-01-20 16:12:43,503 - crypto_analysis.vectorbt_optimizer.parallel_runner - INFO - BTC/BBANDS: score=0.3448, params={'timeperiod': 29, 'nbdevup': 3.0, 'nbdevdn': 1.0, 'entry_factor': 1.0, 'exit_factor': 0.95}
2026-01-20 16:12:43,508 - crypto_analysis.vectorbt_optimizer.optimizer - INFO - Optimizing HT_TRENDLINE: 1 combinations
2026-01-20 16:12:43,509 - crypto_analysis.vectorbt_optimizer.optimizer - INFO - Using grid sampler with 1 trials
2026-01-20 16:12:43,553 - crypto_analysis.vectorbt_optimizer.parallel_runner - INFO - BTC/HT_TRENDLINE: score=-0.6612, params={}
2026-01-20 16:12:43,558 - crypto_analysis.vectorbt_optimizer.optimizer - INFO - Optimizing MA: 864 combinations
2026-01-20 16:12:43,559 - crypto_analysis.vectorbt_optimizer.optimizer - INFO - Using tpe sampler with 1000 trials
2026-01-20 16:12:45,842 - crypto_analysis.vectorbt_optimizer.parallel_runner - INFO - DOT/BBANDS: score=0.1966, params={'timeperiod': 40, 'nbdevup': 3.0, 'nbdevdn': 3.0, 'entry_factor': 1.0, 'exit_factor': 0.95}
2026-01-20 16:12:45,847 - crypto_analysis.vectorbt_optimizer.optimizer - INFO - Optimizing HT_TRENDLINE: 1 combinations
2026-01-20 16:12:45,848 - crypto_analysis.vectorbt_optimizer.optimizer - INFO - Using grid sampler with 1 trials
2026-01-20 16:12:45,890 - crypto_analysis.vectorbt_optimizer.parallel_runner - INFO - DOT/HT_TRENDLINE: score=-0.7223, params={}
2026-01-20 16:12:45,895 - crypto_analysis.vectorbt_optimizer.optimizer - INFO - Optimizing MA: 864 combinations
2026-01-20 16:12:45,896 - crypto_analysis.vectorbt_optimizer.optimizer - INFO - Using tpe sampler with 1000 trials
2026-01-20 16:12:47,539 - crypto_analysis.vectorbt_optimizer.parallel_runner - INFO - ADA/BBANDS: score=0.2508, params={'timeperiod': 14, 'nbdevup': 1.0, 'nbdevdn': 3.0, 'entry_factor': 1.0, 'exit_factor': 0.95}
2026-01-20 16:12:47,546 - crypto_analysis.vectorbt_optimizer.optimizer - INFO - Optimizing HT_TRENDLINE: 1 combinations
2026-01-20 16:12:47,546 - crypto_analysis.vectorbt_optimizer.optimizer - INFO - Using grid sampler with 1 trials
2026-01-20 16:12:47,584 - crypto_analysis.vectorbt_optimizer.parallel_runner - INFO - ADA/HT_TRENDLINE: score=-0.6965, params={}
2026-01-20 16:12:47,588 - crypto_analysis.vectorbt_optimizer.optimizer - INFO - Optimizing MA: 864 combinations
2026-01-20 16:12:47,589 - crypto_analysis.vectorbt_optimizer.optimizer - INFO - Using tpe sampler with 1000 trials
2026-01-20 16:12:49,740 - crypto_analysis.vectorbt_optimizer.parallel_runner - INFO - XRP/BBANDS: score=1.1984, params={'timeperiod': 25, 'nbdevup': 2.0, 'nbdevdn': 2.0, 'entry_factor': 1.0, 'exit_factor': 0.95}
2026-01-20 16:12:49,745 - crypto_analysis.vectorbt_optimizer.optimizer - INFO - Optimizing HT_TRENDLINE: 1 combinations
2026-01-20 16:12:49,746 - crypto_analysis.vectorbt_optimizer.optimizer - INFO - Using grid sampler with 1 trials
2026-01-20 16:12:49,784 - crypto_analysis.vectorbt_optimizer.parallel_runner - INFO - XRP/HT_TRENDLINE: score=-0.4934, params={}
2026-01-20 16:12:49,789 - crypto_analysis.vectorbt_optimizer.optimizer - INFO - Optimizing MA: 864 combinations
2026-01-20 16:12:49,789 - crypto_analysis.vectorbt_optimizer.optimizer - INFO - Using tpe sampler with 1000 trials
2026-01-20 16:12:51,781 - crypto_analysis.vectorbt_optimizer.parallel_runner - INFO - LINK/BBANDS: score=0.1702, params={'timeperiod': 23, 'nbdevup': 3.0, 'nbdevdn': 3.0, 'entry_factor': 1.0, 'exit_factor': 0.95}
2026-01-20 16:12:51,787 - crypto_analysis.vectorbt_optimizer.optimizer - INFO - Optimizing HT_TRENDLINE: 1 combinations
2026-01-20 16:12:51,787 - crypto_analysis.vectorbt_optimizer.optimizer - INFO - Using grid sampler with 1 trials
2026-01-20 16:12:51,827 - crypto_analysis.vectorbt_optimizer.parallel_runner - INFO - LINK/HT_TRENDLINE: score=-0.7399, params={}
2026-01-20 16:12:51,832 - crypto_analysis.vectorbt_optimizer.optimizer - INFO - Optimizing MA: 864 combinations
2026-01-20 16:12:51,833 - crypto_analysis.vectorbt_optimizer.optimizer - INFO - Using tpe sampler with 1000 trials
2026-01-20 16:13:17,111 - crypto_analysis.vectorbt_optimizer.parallel_runner - INFO - ETH/MA: score=-0.0183, params={'timeperiod': 78, 'matype': 4}
2026-01-20 16:13:17,115 - crypto_analysis.vectorbt_optimizer.optimizer - INFO - Optimizing MAMA: 1 combinations
2026-01-20 16:13:17,116 - crypto_analysis.vectorbt_optimizer.optimizer - INFO - Using grid sampler with 1 trials
2026-01-20 16:13:17,156 - crypto_analysis.vectorbt_optimizer.parallel_runner - INFO - ETH/MAMA: score=-0.1881, params={'fastlimit': 0.1, 'slowlimit': 0.01}
2026-01-20 16:13:17,163 - crypto_analysis.vectorbt_optimizer.optimizer - INFO - Optimizing MIDPOINT: 46 combinations
2026-01-20 16:13:17,163 - crypto_analysis.vectorbt_optimizer.optimizer - INFO - Using grid sampler with 46 trials
2026-01-20 16:13:18,028 - crypto_analysis.vectorbt_optimizer.parallel_runner - INFO - AVAX/MA: score=-0.3179, params={'timeperiod': 79, 'matype': 6}
2026-01-20 16:13:18,032 - crypto_analysis.vectorbt_optimizer.optimizer - INFO - Optimizing MAMA: 1 combinations
2026-01-20 16:13:18,032 - crypto_analysis.vectorbt_optimizer.optimizer - INFO - Using grid sampler with 1 trials
2026-01-20 16:13:18,074 - crypto_analysis.vectorbt_optimizer.parallel_runner - INFO - AVAX/MAMA: score=-0.5533, params={'fastlimit': 0.1, 'slowlimit': 0.01}
2026-01-20 16:13:18,079 - crypto_analysis.vectorbt_optimizer.optimizer - INFO - Optimizing MIDPOINT: 46 combinations
2026-01-20 16:13:18,079 - crypto_analysis.vectorbt_optimizer.optimizer - INFO - Using grid sampler with 46 trials
2026-01-20 16:13:18,622 - crypto_analysis.vectorbt_optimizer.parallel_runner - INFO - ETH/MIDPOINT: score=-0.3449, params={'timeperiod': 50}
2026-01-20 16:13:18,629 - crypto_analysis.vectorbt_optimizer.optimizer - INFO - Optimizing MIDPRICE: 46 combinations
2026-01-20 16:13:18,630 - crypto_analysis.vectorbt_optimizer.optimizer - INFO - Using grid sampler with 46 trials
2026-01-20 16:13:19,536 - crypto_analysis.vectorbt_optimizer.parallel_runner - INFO - AVAX/MIDPOINT: score=-0.6037, params={'timeperiod': 29}
2026-01-20 16:13:19,543 - crypto_analysis.vectorbt_optimizer.optimizer - INFO - Optimizing MIDPRICE: 46 combinations
2026-01-20 16:13:19,544 - crypto_analysis.vectorbt_optimizer.optimizer - INFO - Using grid sampler with 46 trials
2026-01-20 16:13:19,767 - crypto_analysis.vectorbt_optimizer.parallel_runner - INFO - ATOM/MA: score=-0.4632, params={'timeperiod': 38, 'matype': 8}
2026-01-20 16:13:19,772 - crypto_analysis.vectorbt_optimizer.optimizer - INFO - Optimizing MAMA: 1 combinations
2026-01-20 16:13:19,773 - crypto_analysis.vectorbt_optimizer.optimizer - INFO - Using grid sampler with 1 trials
2026-01-20 16:13:19,820 - crypto_analysis.vectorbt_optimizer.parallel_runner - INFO - ATOM/MAMA: score=-0.5859, params={'fastlimit': 0.1, 'slowlimit': 0.01}
2026-01-20 16:13:19,825 - crypto_analysis.vectorbt_optimizer.optimizer - INFO - Optimizing MIDPOINT: 46 combinations
2026-01-20 16:13:19,826 - crypto_analysis.vectorbt_optimizer.optimizer - INFO - Using grid sampler with 46 trials
2026-01-20 16:13:19,985 - crypto_analysis.vectorbt_optimizer.parallel_runner - INFO - SOL/MA: score=-0.1303, params={'timeperiod': 46, 'matype': 8}
2026-01-20 16:13:19,991 - crypto_analysis.vectorbt_optimizer.optimizer - INFO - Optimizing MAMA: 1 combinations
2026-01-20 16:13:19,991 - crypto_analysis.vectorbt_optimizer.optimizer - INFO - Using grid sampler with 1 trials
2026-01-20 16:13:20,026 - crypto_analysis.vectorbt_optimizer.parallel_runner - INFO - ETH/MIDPRICE: score=-0.2452, params={'timeperiod': 49}
2026-01-20 16:13:20,032 - crypto_analysis.vectorbt_optimizer.parallel_runner - INFO - SOL/MAMA: score=-0.1510, params={'fastlimit': 0.1, 'slowlimit': 0.01}
2026-01-20 16:13:20,032 - crypto_analysis.vectorbt_optimizer.optimizer - INFO - Optimizing SAREXT: 1 combinations
2026-01-20 16:13:20,033 - crypto_analysis.vectorbt_optimizer.optimizer - INFO - Using grid sampler with 1 trials
2026-01-20 16:13:20,038 - crypto_analysis.vectorbt_optimizer.optimizer - INFO - Optimizing MIDPOINT: 46 combinations
2026-01-20 16:13:20,039 - crypto_analysis.vectorbt_optimizer.optimizer - INFO - Using grid sampler with 46 trials
2026-01-20 16:13:20,083 - crypto_analysis.vectorbt_optimizer.parallel_runner - INFO - ETH/SAREXT: score=0.0000, params={'startvalue': 0.0, 'offsetonreverse': 0.0, 'accelerationinitlong': 0.01, 'accelerationlong': 0.01, 'accelerationmaxlong': 0.1, 'accelerationinitshort': 0.01, 'accelerationshort': 0.01, 'accelerationmaxshort': 0.1}
2026-01-20 16:13:20,089 - crypto_analysis.vectorbt_optimizer.optimizer - INFO - Optimizing OBV: 46 combinations
2026-01-20 16:13:20,089 - crypto_analysis.vectorbt_optimizer.optimizer - INFO - Using grid sampler with 46 trials
2026-01-20 16:13:20,487 - crypto_analysis.vectorbt_optimizer.parallel_runner - INFO - BNB/MA: score=0.0573, params={'timeperiod': 58, 'matype': 8}
2026-01-20 16:13:20,492 - crypto_analysis.vectorbt_optimizer.optimizer - INFO - Optimizing MAMA: 1 combinations
2026-01-20 16:13:20,493 - crypto_analysis.vectorbt_optimizer.optimizer - INFO - Using grid sampler with 1 trials
2026-01-20 16:13:20,533 - crypto_analysis.vectorbt_optimizer.parallel_runner - INFO - BNB/MAMA: score=0.2648, params={'fastlimit': 0.1, 'slowlimit': 0.01}
2026-01-20 16:13:20,538 - crypto_analysis.vectorbt_optimizer.optimizer - INFO - Optimizing MIDPOINT: 46 combinations
2026-01-20 16:13:20,538 - crypto_analysis.vectorbt_optimizer.optimizer - INFO - Using grid sampler with 46 trials
2026-01-20 16:13:20,838 - crypto_analysis.vectorbt_optimizer.parallel_runner - INFO - AVAX/MIDPRICE: score=-0.5917, params={'timeperiod': 30}
2026-01-20 16:13:20,844 - crypto_analysis.vectorbt_optimizer.optimizer - INFO - Optimizing SAREXT: 1 combinations
2026-01-20 16:13:20,845 - crypto_analysis.vectorbt_optimizer.optimizer - INFO - Using grid sampler with 1 trials
2026-01-20 16:13:20,900 - crypto_analysis.vectorbt_optimizer.parallel_runner - INFO - AVAX/SAREXT: score=0.0000, params={'startvalue': 0.0, 'offsetonreverse': 0.0, 'accelerationinitlong': 0.01, 'accelerationlong': 0.01, 'accelerationmaxlong': 0.1, 'accelerationinitshort': 0.01, 'accelerationshort': 0.01, 'accelerationmaxshort': 0.1}
2026-01-20 16:13:20,905 - crypto_analysis.vectorbt_optimizer.optimizer - INFO - Optimizing OBV: 46 combinations
2026-01-20 16:13:20,906 - crypto_analysis.vectorbt_optimizer.optimizer - INFO - Using grid sampler with 46 trials
2026-01-20 16:13:21,135 - crypto_analysis.vectorbt_optimizer.parallel_runner - INFO - ATOM/MIDPOINT: score=-0.4721, params={'timeperiod': 39}
2026-01-20 16:13:21,140 - crypto_analysis.vectorbt_optimizer.optimizer - INFO - Optimizing MIDPRICE: 46 combinations
2026-01-20 16:13:21,141 - crypto_analysis.vectorbt_optimizer.optimizer - INFO - Using grid sampler with 46 trials
2026-01-20 16:13:21,383 - crypto_analysis.vectorbt_optimizer.parallel_runner - INFO - SOL/MIDPOINT: score=-0.4667, params={'timeperiod': 32}
2026-01-20 16:13:21,389 - crypto_analysis.vectorbt_optimizer.optimizer - INFO - Optimizing MIDPRICE: 46 combinations
2026-01-20 16:13:21,390 - crypto_analysis.vectorbt_optimizer.optimizer - INFO - Using grid sampler with 46 trials
2026-01-20 16:13:21,446 - crypto_analysis.vectorbt_optimizer.parallel_runner - INFO - ETH/OBV: score=-0.1300, params={'sma_period': 50}
2026-01-20 16:13:21,454 - crypto_analysis.vectorbt_optimizer.optimizer - INFO - Optimizing AD: 46 combinations
2026-01-20 16:13:21,454 - crypto_analysis.vectorbt_optimizer.optimizer - INFO - Using grid sampler with 46 trials
2026-01-20 16:13:21,878 - crypto_analysis.vectorbt_optimizer.parallel_runner - INFO - BNB/MIDPOINT: score=-0.3736, params={'timeperiod': 42}
2026-01-20 16:13:21,886 - crypto_analysis.vectorbt_optimizer.optimizer - INFO - Optimizing MIDPRICE: 46 combinations
2026-01-20 16:13:21,887 - crypto_analysis.vectorbt_optimizer.optimizer - INFO - Using grid sampler with 46 trials
2026-01-20 16:13:22,272 - crypto_analysis.vectorbt_optimizer.parallel_runner - INFO - AVAX/OBV: score=-0.5223, params={'sma_period': 30}
2026-01-20 16:13:22,278 - crypto_analysis.vectorbt_optimizer.optimizer - INFO - Optimizing AD: 46 combinations
2026-01-20 16:13:22,279 - crypto_analysis.vectorbt_optimizer.optimizer - INFO - Using grid sampler with 46 trials
2026-01-20 16:13:22,444 - crypto_analysis.vectorbt_optimizer.parallel_runner - INFO - ATOM/MIDPRICE: score=-0.4943, params={'timeperiod': 41}
2026-01-20 16:13:22,450 - crypto_analysis.vectorbt_optimizer.optimizer - INFO - Optimizing SAREXT: 1 combinations
2026-01-20 16:13:22,451 - crypto_analysis.vectorbt_optimizer.optimizer - INFO - Using grid sampler with 1 trials
2026-01-20 16:13:22,501 - crypto_analysis.vectorbt_optimizer.parallel_runner - INFO - ATOM/SAREXT: score=0.0000, params={'startvalue': 0.0, 'offsetonreverse': 0.0, 'accelerationinitlong': 0.01, 'accelerationlong': 0.01, 'accelerationmaxlong': 0.1, 'accelerationinitshort': 0.01, 'accelerationshort': 0.01, 'accelerationmaxshort': 0.1}
2026-01-20 16:13:22,505 - crypto_analysis.vectorbt_optimizer.optimizer - INFO - Optimizing OBV: 46 combinations
2026-01-20 16:13:22,506 - crypto_analysis.vectorbt_optimizer.optimizer - INFO - Using grid sampler with 46 trials
2026-01-20 16:13:22,721 - crypto_analysis.vectorbt_optimizer.parallel_runner - INFO - SOL/MIDPRICE: score=-0.4879, params={'timeperiod': 37}
2026-01-20 16:13:22,728 - crypto_analysis.vectorbt_optimizer.optimizer - INFO - Optimizing SAREXT: 1 combinations
2026-01-20 16:13:22,729 - crypto_analysis.vectorbt_optimizer.optimizer - INFO - Using grid sampler with 1 trials
2026-01-20 16:13:22,793 - crypto_analysis.vectorbt_optimizer.parallel_runner - INFO - SOL/SAREXT: score=0.0000, params={'startvalue': 0.0, 'offsetonreverse': 0.0, 'accelerationinitlong': 0.01, 'accelerationlong': 0.01, 'accelerationmaxlong': 0.1, 'accelerationinitshort': 0.01, 'accelerationshort': 0.01, 'accelerationmaxshort': 0.1}
2026-01-20 16:13:22,799 - crypto_analysis.vectorbt_optimizer.optimizer - INFO - Optimizing OBV: 46 combinations
2026-01-20 16:13:22,800 - crypto_analysis.vectorbt_optimizer.optimizer - INFO - Using grid sampler with 46 trials
2026-01-20 16:13:22,807 - crypto_analysis.vectorbt_optimizer.parallel_runner - INFO - ETH/AD: score=-0.2913, params={'sma_period': 50}
2026-01-20 16:13:22,813 - crypto_analysis.vectorbt_optimizer.optimizer - INFO - Optimizing ADOSC: 144 combinations
2026-01-20 16:13:22,813 - crypto_analysis.vectorbt_optimizer.optimizer - INFO - Using grid sampler with 144 trials
2026-01-20 16:13:23,248 - crypto_analysis.vectorbt_optimizer.parallel_runner - INFO - BNB/MIDPRICE: score=-0.4137, params={'timeperiod': 39}
2026-01-20 16:13:23,254 - crypto_analysis.vectorbt_optimizer.optimizer - INFO - Optimizing SAREXT: 1 combinations
2026-01-20 16:13:23,255 - crypto_analysis.vectorbt_optimizer.optimizer - INFO - Using grid sampler with 1 trials
2026-01-20 16:13:23,302 - crypto_analysis.vectorbt_optimizer.parallel_runner - INFO - BNB/SAREXT: score=0.0000, params={'startvalue': 0.0, 'offsetonreverse': 0.0, 'accelerationinitlong': 0.01, 'accelerationlong': 0.01, 'accelerationmaxlong': 0.1, 'accelerationinitshort': 0.01, 'accelerationshort': 0.01, 'accelerationmaxshort': 0.1}
2026-01-20 16:13:23,307 - crypto_analysis.vectorbt_optimizer.optimizer - INFO - Optimizing OBV: 46 combinations
2026-01-20 16:13:23,308 - crypto_analysis.vectorbt_optimizer.optimizer - INFO - Using grid sampler with 46 trials
2026-01-20 16:13:23,710 - crypto_analysis.vectorbt_optimizer.parallel_runner - INFO - AVAX/AD: score=-0.4853, params={'sma_period': 50}
2026-01-20 16:13:23,716 - crypto_analysis.vectorbt_optimizer.optimizer - INFO - Optimizing ADOSC: 144 combinations
2026-01-20 16:13:23,717 - crypto_analysis.vectorbt_optimizer.optimizer - INFO - Using grid sampler with 144 trials
2026-01-20 16:13:23,905 - crypto_analysis.vectorbt_optimizer.parallel_runner - INFO - ATOM/OBV: score=-0.6009, params={'sma_period': 28}
2026-01-20 16:13:23,911 - crypto_analysis.vectorbt_optimizer.optimizer - INFO - Optimizing AD: 46 combinations
2026-01-20 16:13:23,912 - crypto_analysis.vectorbt_optimizer.optimizer - INFO - Using grid sampler with 46 trials
2026-01-20 16:13:24,220 - crypto_analysis.vectorbt_optimizer.parallel_runner - INFO - SOL/OBV: score=-0.3674, params={'sma_period': 46}
2026-01-20 16:13:24,226 - crypto_analysis.vectorbt_optimizer.optimizer - INFO - Optimizing AD: 46 combinations
2026-01-20 16:13:24,226 - crypto_analysis.vectorbt_optimizer.optimizer - INFO - Using grid sampler with 46 trials
2026-01-20 16:13:24,322 - crypto_analysis.vectorbt_optimizer.parallel_runner - INFO - BTC/MA: score=-0.4015, params={'timeperiod': 87, 'matype': 8}
2026-01-20 16:13:24,327 - crypto_analysis.vectorbt_optimizer.optimizer - INFO - Optimizing MAMA: 1 combinations
2026-01-20 16:13:24,328 - crypto_analysis.vectorbt_optimizer.optimizer - INFO - Using grid sampler with 1 trials
2026-01-20 16:13:24,368 - crypto_analysis.vectorbt_optimizer.parallel_runner - INFO - BTC/MAMA: score=-0.2052, params={'fastlimit': 0.1, 'slowlimit': 0.01}
2026-01-20 16:13:24,373 - crypto_analysis.vectorbt_optimizer.optimizer - INFO - Optimizing MIDPOINT: 46 combinations
2026-01-20 16:13:24,374 - crypto_analysis.vectorbt_optimizer.optimizer - INFO - Using grid sampler with 46 trials
2026-01-20 16:13:24,752 - crypto_analysis.vectorbt_optimizer.parallel_runner - INFO - BNB/OBV: score=-0.1464, params={'sma_period': 42}
2026-01-20 16:13:24,760 - crypto_analysis.vectorbt_optimizer.optimizer - INFO - Optimizing AD: 46 combinations
2026-01-20 16:13:24,761 - crypto_analysis.vectorbt_optimizer.optimizer - INFO - Using grid sampler with 46 trials
2026-01-20 16:13:25,626 - crypto_analysis.vectorbt_optimizer.parallel_runner - INFO - SOL/AD: score=-0.6818, params={'sma_period': 48}
2026-01-20 16:13:25,632 - crypto_analysis.vectorbt_optimizer.optimizer - INFO - Optimizing ADOSC: 144 combinations
2026-01-20 16:13:25,633 - crypto_analysis.vectorbt_optimizer.optimizer - INFO - Using grid sampler with 144 trials
2026-01-20 16:13:25,676 - crypto_analysis.vectorbt_optimizer.parallel_runner - INFO - ATOM/AD: score=-0.4779, params={'sma_period': 33}
2026-01-20 16:13:25,683 - crypto_analysis.vectorbt_optimizer.optimizer - INFO - Optimizing ADOSC: 144 combinations
2026-01-20 16:13:25,684 - crypto_analysis.vectorbt_optimizer.optimizer - INFO - Using grid sampler with 144 trials
2026-01-20 16:13:25,765 - crypto_analysis.vectorbt_optimizer.parallel_runner - INFO - BTC/MIDPOINT: score=-0.5577, params={'timeperiod': 43}
2026-01-20 16:13:25,772 - crypto_analysis.vectorbt_optimizer.optimizer - INFO - Optimizing MIDPRICE: 46 combinations
2026-01-20 16:13:25,772 - crypto_analysis.vectorbt_optimizer.optimizer - INFO - Using grid sampler with 46 trials
2026-01-20 16:13:26,210 - crypto_analysis.vectorbt_optimizer.parallel_runner - INFO - BNB/AD: score=-0.1313, params={'sma_period': 34}
2026-01-20 16:13:26,217 - crypto_analysis.vectorbt_optimizer.optimizer - INFO - Optimizing ADOSC: 144 combinations
2026-01-20 16:13:26,217 - crypto_analysis.vectorbt_optimizer.optimizer - INFO - Using grid sampler with 144 trials
2026-01-20 16:13:26,927 - crypto_analysis.vectorbt_optimizer.parallel_runner - INFO - DOT/MA: score=-0.3365, params={'timeperiod': 100, 'matype': 8}
2026-01-20 16:13:26,931 - crypto_analysis.vectorbt_optimizer.optimizer - INFO - Optimizing MAMA: 1 combinations
2026-01-20 16:13:26,932 - crypto_analysis.vectorbt_optimizer.optimizer - INFO - Using grid sampler with 1 trials
2026-01-20 16:13:26,971 - crypto_analysis.vectorbt_optimizer.parallel_runner - INFO - DOT/MAMA: score=-0.5567, params={'fastlimit': 0.1, 'slowlimit': 0.01}
2026-01-20 16:13:26,976 - crypto_analysis.vectorbt_optimizer.optimizer - INFO - Optimizing MIDPOINT: 46 combinations
2026-01-20 16:13:26,977 - crypto_analysis.vectorbt_optimizer.optimizer - INFO - Using grid sampler with 46 trials
2026-01-20 16:13:27,135 - crypto_analysis.vectorbt_optimizer.parallel_runner - INFO - BTC/MIDPRICE: score=-0.5763, params={'timeperiod': 41}
2026-01-20 16:13:27,142 - crypto_analysis.vectorbt_optimizer.optimizer - INFO - Optimizing SAREXT: 1 combinations
2026-01-20 16:13:27,143 - crypto_analysis.vectorbt_optimizer.optimizer - INFO - Using grid sampler with 1 trials
2026-01-20 16:13:27,195 - crypto_analysis.vectorbt_optimizer.parallel_runner - INFO - BTC/SAREXT: score=0.0000, params={'startvalue': 0.0, 'offsetonreverse': 0.0, 'accelerationinitlong': 0.01, 'accelerationlong': 0.01, 'accelerationmaxlong': 0.1, 'accelerationinitshort': 0.01, 'accelerationshort': 0.01, 'accelerationmaxshort': 0.1}
2026-01-20 16:13:27,201 - crypto_analysis.vectorbt_optimizer.optimizer - INFO - Optimizing OBV: 46 combinations
2026-01-20 16:13:27,202 - crypto_analysis.vectorbt_optimizer.optimizer - INFO - Using grid sampler with 46 trials
2026-01-20 16:13:28,419 - crypto_analysis.vectorbt_optimizer.parallel_runner - INFO - DOT/MIDPOINT: score=-0.6226, params={'timeperiod': 39}
2026-01-20 16:13:28,426 - crypto_analysis.vectorbt_optimizer.optimizer - INFO - Optimizing MIDPRICE: 46 combinations
2026-01-20 16:13:28,426 - crypto_analysis.vectorbt_optimizer.optimizer - INFO - Using grid sampler with 46 trials
2026-01-20 16:13:28,600 - crypto_analysis.vectorbt_optimizer.parallel_runner - INFO - BTC/OBV: score=-0.5753, params={'sma_period': 43}
2026-01-20 16:13:28,609 - crypto_analysis.vectorbt_optimizer.optimizer - INFO - Optimizing AD: 46 combinations
2026-01-20 16:13:28,609 - crypto_analysis.vectorbt_optimizer.optimizer - INFO - Using grid sampler with 46 trials
2026-01-20 16:13:29,376 - crypto_analysis.vectorbt_optimizer.parallel_runner - INFO - ADA/MA: score=-0.2402, params={'timeperiod': 88, 'matype': 5}
2026-01-20 16:13:29,380 - crypto_analysis.vectorbt_optimizer.optimizer - INFO - Optimizing MAMA: 1 combinations
2026-01-20 16:13:29,381 - crypto_analysis.vectorbt_optimizer.optimizer - INFO - Using grid sampler with 1 trials
2026-01-20 16:13:29,420 - crypto_analysis.vectorbt_optimizer.parallel_runner - INFO - ADA/MAMA: score=-0.6119, params={'fastlimit': 0.1, 'slowlimit': 0.01}
2026-01-20 16:13:29,425 - crypto_analysis.vectorbt_optimizer.optimizer - INFO - Optimizing MIDPOINT: 46 combinations
2026-01-20 16:13:29,426 - crypto_analysis.vectorbt_optimizer.optimizer - INFO - Using grid sampler with 46 trials
2026-01-20 16:13:29,816 - crypto_analysis.vectorbt_optimizer.parallel_runner - INFO - DOT/MIDPRICE: score=-0.6582, params={'timeperiod': 22}
2026-01-20 16:13:29,822 - crypto_analysis.vectorbt_optimizer.optimizer - INFO - Optimizing SAREXT: 1 combinations
2026-01-20 16:13:29,823 - crypto_analysis.vectorbt_optimizer.optimizer - INFO - Using grid sampler with 1 trials
2026-01-20 16:13:29,875 - crypto_analysis.vectorbt_optimizer.parallel_runner - INFO - DOT/SAREXT: score=0.0000, params={'startvalue': 0.0, 'offsetonreverse': 0.0, 'accelerationinitlong': 0.01, 'accelerationlong': 0.01, 'accelerationmaxlong': 0.1, 'accelerationinitshort': 0.01, 'accelerationshort': 0.01, 'accelerationmaxshort': 0.1}
2026-01-20 16:13:29,880 - crypto_analysis.vectorbt_optimizer.optimizer - INFO - Optimizing OBV: 46 combinations
2026-01-20 16:13:29,881 - crypto_analysis.vectorbt_optimizer.optimizer - INFO - Using grid sampler with 46 trials
2026-01-20 16:13:29,954 - crypto_analysis.vectorbt_optimizer.parallel_runner - INFO - ETH/ADOSC: score=0.0000, params={'fastperiod': 9, 'slowperiod': 9}
2026-01-20 16:13:29,970 - crypto_analysis.vectorbt_optimizer.optimizer - INFO - Optimizing ATR: 66 combinations
2026-01-20 16:13:29,970 - crypto_analysis.vectorbt_optimizer.optimizer - INFO - Using grid sampler with 66 trials
2026-01-20 16:13:30,406 - crypto_analysis.vectorbt_optimizer.parallel_runner - INFO - BTC/AD: score=-0.5175, params={'sma_period': 45}
2026-01-20 16:13:30,415 - crypto_analysis.vectorbt_optimizer.optimizer - INFO - Optimizing ADOSC: 144 combinations
2026-01-20 16:13:30,416 - crypto_analysis.vectorbt_optimizer.optimizer - INFO - Using grid sampler with 144 trials
2026-01-20 16:13:30,776 - crypto_analysis.vectorbt_optimizer.parallel_runner - INFO - ADA/MIDPOINT: score=-0.6797, params={'timeperiod': 50}
2026-01-20 16:13:30,783 - crypto_analysis.vectorbt_optimizer.optimizer - INFO - Optimizing MIDPRICE: 46 combinations
2026-01-20 16:13:30,783 - crypto_analysis.vectorbt_optimizer.optimizer - INFO - Using grid sampler with 46 trials
2026-01-20 16:13:31,054 - crypto_analysis.vectorbt_optimizer.parallel_runner - INFO - XRP/MA: score=0.0139, params={'timeperiod': 96, 'matype': 8}
2026-01-20 16:13:31,058 - crypto_analysis.vectorbt_optimizer.optimizer - INFO - Optimizing MAMA: 1 combinations
2026-01-20 16:13:31,058 - crypto_analysis.vectorbt_optimizer.optimizer - INFO - Using grid sampler with 1 trials
2026-01-20 16:13:31,096 - crypto_analysis.vectorbt_optimizer.parallel_runner - INFO - AVAX/ADOSC: score=0.0000, params={'fastperiod': 9, 'slowperiod': 9}
2026-01-20 16:13:31,098 - crypto_analysis.vectorbt_optimizer.parallel_runner - INFO - XRP/MAMA: score=-0.4478, params={'fastlimit': 0.1, 'slowlimit': 0.01}
2026-01-20 16:13:31,103 - crypto_analysis.vectorbt_optimizer.optimizer - INFO - Optimizing MIDPOINT: 46 combinations
2026-01-20 16:13:31,104 - crypto_analysis.vectorbt_optimizer.optimizer - INFO - Using grid sampler with 46 trials
2026-01-20 16:13:31,108 - crypto_analysis.vectorbt_optimizer.optimizer - INFO - Optimizing ATR: 66 combinations
2026-01-20 16:13:31,109 - crypto_analysis.vectorbt_optimizer.optimizer - INFO - Using grid sampler with 66 trials
2026-01-20 16:13:31,291 - crypto_analysis.vectorbt_optimizer.parallel_runner - INFO - DOT/OBV: score=-0.5413, params={'sma_period': 36}
2026-01-20 16:13:31,299 - crypto_analysis.vectorbt_optimizer.optimizer - INFO - Optimizing AD: 46 combinations
2026-01-20 16:13:31,300 - crypto_analysis.vectorbt_optimizer.optimizer - INFO - Using grid sampler with 46 trials
2026-01-20 16:13:31,790 - crypto_analysis.vectorbt_optimizer.parallel_runner - INFO - ETH/ATR: score=1.2141, params={'timeperiod': 7, 'stop_loss_multiplier': 2.5}
2026-01-20 16:13:31,796 - crypto_analysis.vectorbt_optimizer.optimizer - INFO - Optimizing NATR: 110 combinations
2026-01-20 16:13:31,796 - crypto_analysis.vectorbt_optimizer.optimizer - INFO - Using grid sampler with 110 trials
2026-01-20 16:13:32,214 - crypto_analysis.vectorbt_optimizer.parallel_runner - INFO - ADA/MIDPRICE: score=-0.4641, params={'timeperiod': 50}
2026-01-20 16:13:32,220 - crypto_analysis.vectorbt_optimizer.optimizer - INFO - Optimizing SAREXT: 1 combinations
2026-01-20 16:13:32,221 - crypto_analysis.vectorbt_optimizer.optimizer - INFO - Using grid sampler with 1 trials
2026-01-20 16:13:32,283 - crypto_analysis.vectorbt_optimizer.parallel_runner - INFO - ADA/SAREXT: score=0.0000, params={'startvalue': 0.0, 'offsetonreverse': 0.0, 'accelerationinitlong': 0.01, 'accelerationlong': 0.01, 'accelerationmaxlong': 0.1, 'accelerationinitshort': 0.01, 'accelerationshort': 0.01, 'accelerationmaxshort': 0.1}
2026-01-20 16:13:32,288 - crypto_analysis.vectorbt_optimizer.optimizer - INFO - Optimizing OBV: 46 combinations
2026-01-20 16:13:32,289 - crypto_analysis.vectorbt_optimizer.optimizer - INFO - Using grid sampler with 46 trials
2026-01-20 16:13:32,496 - crypto_analysis.vectorbt_optimizer.parallel_runner - INFO - XRP/MIDPOINT: score=-0.3829, params={'timeperiod': 47}
2026-01-20 16:13:32,502 - crypto_analysis.vectorbt_optimizer.optimizer - INFO - Optimizing MIDPRICE: 46 combinations
2026-01-20 16:13:32,503 - crypto_analysis.vectorbt_optimizer.optimizer - INFO - Using grid sampler with 46 trials
2026-01-20 16:13:32,707 - crypto_analysis.vectorbt_optimizer.parallel_runner - INFO - ATOM/ADOSC: score=0.0000, params={'fastperiod': 9, 'slowperiod': 9}
2026-01-20 16:13:32,710 - crypto_analysis.vectorbt_optimizer.parallel_runner - INFO - DOT/AD: score=-0.8216, params={'sma_period': 34}
2026-01-20 16:13:32,717 - crypto_analysis.vectorbt_optimizer.optimizer - INFO - Optimizing ADOSC: 144 combinations
2026-01-20 16:13:32,717 - crypto_analysis.vectorbt_optimizer.optimizer - INFO - Using grid sampler with 144 trials
2026-01-20 16:13:32,720 - crypto_analysis.vectorbt_optimizer.optimizer - INFO - Optimizing ATR: 66 combinations
2026-01-20 16:13:32,720 - crypto_analysis.vectorbt_optimizer.optimizer - INFO - Using grid sampler with 66 trials
2026-01-20 16:13:32,834 - crypto_analysis.vectorbt_optimizer.parallel_runner - INFO - LINK/MA: score=-0.4380, params={'timeperiod': 97, 'matype': 8}
2026-01-20 16:13:32,838 - crypto_analysis.vectorbt_optimizer.optimizer - INFO - Optimizing MAMA: 1 combinations
2026-01-20 16:13:32,839 - crypto_analysis.vectorbt_optimizer.optimizer - INFO - Using grid sampler with 1 trials
2026-01-20 16:13:32,875 - crypto_analysis.vectorbt_optimizer.parallel_runner - INFO - LINK/MAMA: score=-0.4245, params={'fastlimit': 0.1, 'slowlimit': 0.01}
2026-01-20 16:13:32,881 - crypto_analysis.vectorbt_optimizer.optimizer - INFO - Optimizing MIDPOINT: 46 combinations
2026-01-20 16:13:32,881 - crypto_analysis.vectorbt_optimizer.optimizer - INFO - Using grid sampler with 46 trials
2026-01-20 16:13:32,928 - crypto_analysis.vectorbt_optimizer.parallel_runner - INFO - AVAX/ATR: score=0.7185, params={'timeperiod': 28, 'stop_loss_multiplier': 3.5}
2026-01-20 16:13:32,933 - crypto_analysis.vectorbt_optimizer.optimizer - INFO - Optimizing NATR: 110 combinations
2026-01-20 16:13:32,933 - crypto_analysis.vectorbt_optimizer.optimizer - INFO - Using grid sampler with 110 trials
2026-01-20 16:13:33,151 - crypto_analysis.vectorbt_optimizer.parallel_runner - INFO - SOL/ADOSC: score=0.0000, params={'fastperiod': 9, 'slowperiod': 9}
2026-01-20 16:13:33,164 - crypto_analysis.vectorbt_optimizer.optimizer - INFO - Optimizing ATR: 66 combinations
2026-01-20 16:13:33,164 - crypto_analysis.vectorbt_optimizer.optimizer - INFO - Using grid sampler with 66 trials
2026-01-20 16:13:33,626 - crypto_analysis.vectorbt_optimizer.parallel_runner - INFO - BNB/ADOSC: score=0.0905, params={'fastperiod': 7, 'slowperiod': 20}
2026-01-20 16:13:33,637 - crypto_analysis.vectorbt_optimizer.optimizer - INFO - Optimizing ATR: 66 combinations
2026-01-20 16:13:33,638 - crypto_analysis.vectorbt_optimizer.optimizer - INFO - Using grid sampler with 66 trials
2026-01-20 16:13:33,653 - crypto_analysis.vectorbt_optimizer.parallel_runner - INFO - ADA/OBV: score=-0.4607, params={'sma_period': 50}
2026-01-20 16:13:33,659 - crypto_analysis.vectorbt_optimizer.optimizer - INFO - Optimizing AD: 46 combinations
2026-01-20 16:13:33,659 - crypto_analysis.vectorbt_optimizer.optimizer - INFO - Using grid sampler with 46 trials
2026-01-20 16:13:33,806 - crypto_analysis.vectorbt_optimizer.parallel_runner - INFO - XRP/MIDPRICE: score=-0.3128, params={'timeperiod': 22}
2026-01-20 16:13:33,812 - crypto_analysis.vectorbt_optimizer.optimizer - INFO - Optimizing SAREXT: 1 combinations
2026-01-20 16:13:33,813 - crypto_analysis.vectorbt_optimizer.optimizer - INFO - Using grid sampler with 1 trials
2026-01-20 16:13:33,865 - crypto_analysis.vectorbt_optimizer.parallel_runner - INFO - XRP/SAREXT: score=0.0000, params={'startvalue': 0.0, 'offsetonreverse': 0.0, 'accelerationinitlong': 0.01, 'accelerationlong': 0.01, 'accelerationmaxlong': 0.1, 'accelerationinitshort': 0.01, 'accelerationshort': 0.01, 'accelerationmaxshort': 0.1}
2026-01-20 16:13:33,869 - crypto_analysis.vectorbt_optimizer.optimizer - INFO - Optimizing OBV: 46 combinations
2026-01-20 16:13:33,869 - crypto_analysis.vectorbt_optimizer.optimizer - INFO - Using grid sampler with 46 trials
2026-01-20 16:13:34,249 - crypto_analysis.vectorbt_optimizer.parallel_runner - INFO - LINK/MIDPOINT: score=-0.5658, params={'timeperiod': 16}
2026-01-20 16:13:34,255 - crypto_analysis.vectorbt_optimizer.optimizer - INFO - Optimizing MIDPRICE: 46 combinations
2026-01-20 16:13:34,256 - crypto_analysis.vectorbt_optimizer.optimizer - INFO - Using grid sampler with 46 trials
2026-01-20 16:13:34,512 - crypto_analysis.vectorbt_optimizer.parallel_runner - INFO - ATOM/ATR: score=-0.2357, params={'timeperiod': 9, 'stop_loss_multiplier': 2.5}
2026-01-20 16:13:34,518 - crypto_analysis.vectorbt_optimizer.optimizer - INFO - Optimizing NATR: 110 combinations
2026-01-20 16:13:34,519 - crypto_analysis.vectorbt_optimizer.optimizer - INFO - Using grid sampler with 110 trials
2026-01-20 16:13:35,094 - crypto_analysis.vectorbt_optimizer.parallel_runner - INFO - SOL/ATR: score=0.1800, params={'timeperiod': 11, 'stop_loss_multiplier': 3.5}
2026-01-20 16:13:35,100 - crypto_analysis.vectorbt_optimizer.optimizer - INFO - Optimizing NATR: 110 combinations
2026-01-20 16:13:35,101 - crypto_analysis.vectorbt_optimizer.optimizer - INFO - Using grid sampler with 110 trials
2026-01-20 16:13:35,102 - crypto_analysis.vectorbt_optimizer.parallel_runner - INFO - ADA/AD: score=-0.8159, params={'sma_period': 47}
2026-01-20 16:13:35,109 - crypto_analysis.vectorbt_optimizer.optimizer - INFO - Optimizing ADOSC: 144 combinations
2026-01-20 16:13:35,109 - crypto_analysis.vectorbt_optimizer.optimizer - INFO - Using grid sampler with 144 trials
2026-01-20 16:13:35,301 - crypto_analysis.vectorbt_optimizer.parallel_runner - INFO - XRP/OBV: score=-0.3070, params={'sma_period': 24}
2026-01-20 16:13:35,309 - crypto_analysis.vectorbt_optimizer.optimizer - INFO - Optimizing AD: 46 combinations
2026-01-20 16:13:35,309 - crypto_analysis.vectorbt_optimizer.optimizer - INFO - Using grid sampler with 46 trials
2026-01-20 16:13:35,433 - crypto_analysis.vectorbt_optimizer.parallel_runner - INFO - BNB/ATR: score=0.4350, params={'timeperiod': 8, 'stop_loss_multiplier': 3.5}
2026-01-20 16:13:35,438 - crypto_analysis.vectorbt_optimizer.optimizer - INFO - Optimizing NATR: 110 combinations
2026-01-20 16:13:35,439 - crypto_analysis.vectorbt_optimizer.optimizer - INFO - Using grid sampler with 110 trials
2026-01-20 16:13:35,515 - crypto_analysis.vectorbt_optimizer.parallel_runner - INFO - ETH/NATR: score=0.5502, params={'timeperiod': 19, 'entry_constant': 2.0}
2026-01-20 16:13:35,520 - crypto_analysis.vectorbt_optimizer.optimizer - INFO - Optimizing TRANGE: 3 combinations
2026-01-20 16:13:35,521 - crypto_analysis.vectorbt_optimizer.optimizer - INFO - Using grid sampler with 3 trials
2026-01-20 16:13:35,594 - crypto_analysis.vectorbt_optimizer.parallel_runner - INFO - ETH/TRANGE: score=0.1806, params={'entry_multiplier': 3.0, 'exit_multiplier': 0.3}
2026-01-20 16:13:35,601 - crypto_analysis.vectorbt_optimizer.optimizer - INFO - Optimizing HT_DCPERIOD: 961 combinations
2026-01-20 16:13:35,602 - crypto_analysis.vectorbt_optimizer.optimizer - INFO - Using tpe sampler with 1000 trials
2026-01-20 16:13:35,615 - crypto_analysis.vectorbt_optimizer.parallel_runner - INFO - LINK/MIDPRICE: score=-0.6485, params={'timeperiod': 15}
2026-01-20 16:13:35,621 - crypto_analysis.vectorbt_optimizer.optimizer - INFO - Optimizing SAREXT: 1 combinations
2026-01-20 16:13:35,622 - crypto_analysis.vectorbt_optimizer.optimizer - INFO - Using grid sampler with 1 trials
2026-01-20 16:13:35,676 - crypto_analysis.vectorbt_optimizer.parallel_runner - INFO - LINK/SAREXT: score=0.0000, params={'startvalue': 0.0, 'offsetonreverse': 0.0, 'accelerationinitlong': 0.01, 'accelerationlong': 0.01, 'accelerationmaxlong': 0.1, 'accelerationinitshort': 0.01, 'accelerationshort': 0.01, 'accelerationmaxshort': 0.1}
2026-01-20 16:13:35,682 - crypto_analysis.vectorbt_optimizer.optimizer - INFO - Optimizing OBV: 46 combinations
2026-01-20 16:13:35,682 - crypto_analysis.vectorbt_optimizer.optimizer - INFO - Using grid sampler with 46 trials
2026-01-20 16:13:36,129 - crypto_analysis.vectorbt_optimizer.parallel_runner - INFO - AVAX/NATR: score=0.6315, params={'timeperiod': 8, 'entry_constant': 3.0}
2026-01-20 16:13:36,134 - crypto_analysis.vectorbt_optimizer.optimizer - INFO - Optimizing TRANGE: 3 combinations
2026-01-20 16:13:36,135 - crypto_analysis.vectorbt_optimizer.optimizer - INFO - Using grid sampler with 3 trials
2026-01-20 16:13:36,214 - crypto_analysis.vectorbt_optimizer.parallel_runner - INFO - AVAX/TRANGE: score=-0.6675, params={'entry_multiplier': 1.0, 'exit_multiplier': 0.3}
2026-01-20 16:13:36,219 - crypto_analysis.vectorbt_optimizer.optimizer - INFO - Optimizing HT_DCPERIOD: 961 combinations
2026-01-20 16:13:36,220 - crypto_analysis.vectorbt_optimizer.optimizer - INFO - Using tpe sampler with 1000 trials
2026-01-20 16:13:36,746 - crypto_analysis.vectorbt_optimizer.parallel_runner - INFO - XRP/AD: score=-0.3942, params={'sma_period': 36}
2026-01-20 16:13:36,753 - crypto_analysis.vectorbt_optimizer.optimizer - INFO - Optimizing ADOSC: 144 combinations
2026-01-20 16:13:36,754 - crypto_analysis.vectorbt_optimizer.optimizer - INFO - Using grid sampler with 144 trials
2026-01-20 16:13:37,132 - crypto_analysis.vectorbt_optimizer.parallel_runner - INFO - LINK/OBV: score=-0.3905, params={'sma_period': 40}
2026-01-20 16:13:37,139 - crypto_analysis.vectorbt_optimizer.optimizer - INFO - Optimizing AD: 46 combinations
2026-01-20 16:13:37,140 - crypto_analysis.vectorbt_optimizer.optimizer - INFO - Using grid sampler with 46 trials
2026-01-20 16:13:37,672 - crypto_analysis.vectorbt_optimizer.parallel_runner - INFO - BTC/ADOSC: score=0.0000, params={'fastperiod': 9, 'slowperiod': 9}
2026-01-20 16:13:37,685 - crypto_analysis.vectorbt_optimizer.optimizer - INFO - Optimizing ATR: 66 combinations
2026-01-20 16:13:37,686 - crypto_analysis.vectorbt_optimizer.optimizer - INFO - Using grid sampler with 66 trials
2026-01-20 16:13:37,718 - crypto_analysis.vectorbt_optimizer.parallel_runner - INFO - ATOM/NATR: score=0.4795, params={'timeperiod': 7, 'entry_constant': 3.0}
2026-01-20 16:13:37,721 - crypto_analysis.vectorbt_optimizer.optimizer - INFO - Optimizing TRANGE: 3 combinations
2026-01-20 16:13:37,722 - crypto_analysis.vectorbt_optimizer.optimizer - INFO - Using grid sampler with 3 trials
2026-01-20 16:13:37,812 - crypto_analysis.vectorbt_optimizer.parallel_runner - INFO - ATOM/TRANGE: score=-0.5556, params={'entry_multiplier': 3.0, 'exit_multiplier': 0.3}
2026-01-20 16:13:37,818 - crypto_analysis.vectorbt_optimizer.optimizer - INFO - Optimizing HT_DCPERIOD: 961 combinations
2026-01-20 16:13:37,819 - crypto_analysis.vectorbt_optimizer.optimizer - INFO - Using tpe sampler with 1000 trials
2026-01-20 16:13:38,408 - crypto_analysis.vectorbt_optimizer.parallel_runner - INFO - SOL/NATR: score=0.5562, params={'timeperiod': 10, 'entry_constant': 2.0}
2026-01-20 16:13:38,412 - crypto_analysis.vectorbt_optimizer.optimizer - INFO - Optimizing TRANGE: 3 combinations
2026-01-20 16:13:38,413 - crypto_analysis.vectorbt_optimizer.optimizer - INFO - Using grid sampler with 3 trials
2026-01-20 16:13:38,512 - crypto_analysis.vectorbt_optimizer.parallel_runner - INFO - SOL/TRANGE: score=-0.3567, params={'entry_multiplier': 1.0, 'exit_multiplier': 0.3}
2026-01-20 16:13:38,517 - crypto_analysis.vectorbt_optimizer.optimizer - INFO - Optimizing HT_DCPERIOD: 961 combinations
2026-01-20 16:13:38,518 - crypto_analysis.vectorbt_optimizer.optimizer - INFO - Using tpe sampler with 1000 trials
2026-01-20 16:13:38,576 - crypto_analysis.vectorbt_optimizer.parallel_runner - INFO - LINK/AD: score=-0.5946, params={'sma_period': 39}
2026-01-20 16:13:38,583 - crypto_analysis.vectorbt_optimizer.optimizer - INFO - Optimizing ADOSC: 144 combinations
2026-01-20 16:13:38,583 - crypto_analysis.vectorbt_optimizer.optimizer - INFO - Using grid sampler with 144 trials
2026-01-20 16:13:38,655 - crypto_analysis.vectorbt_optimizer.parallel_runner - INFO - BNB/NATR: score=0.3347, params={'timeperiod': 26, 'entry_constant': 1.0}
2026-01-20 16:13:38,659 - crypto_analysis.vectorbt_optimizer.optimizer - INFO - Optimizing TRANGE: 3 combinations
2026-01-20 16:13:38,660 - crypto_analysis.vectorbt_optimizer.optimizer - INFO - Using grid sampler with 3 trials
2026-01-20 16:13:38,742 - crypto_analysis.vectorbt_optimizer.parallel_runner - INFO - BNB/TRANGE: score=0.2935, params={'entry_multiplier': 1.0, 'exit_multiplier': 0.3}
2026-01-20 16:13:38,747 - crypto_analysis.vectorbt_optimizer.optimizer - INFO - Optimizing HT_DCPERIOD: 961 combinations
2026-01-20 16:13:38,748 - crypto_analysis.vectorbt_optimizer.optimizer - INFO - Using tpe sampler with 1000 trials
2026-01-20 16:13:39,496 - crypto_analysis.vectorbt_optimizer.parallel_runner - INFO - BTC/ATR: score=-0.0260, params={'timeperiod': 10, 'stop_loss_multiplier': 3.5}
2026-01-20 16:13:39,501 - crypto_analysis.vectorbt_optimizer.optimizer - INFO - Optimizing NATR: 110 combinations
2026-01-20 16:13:39,501 - crypto_analysis.vectorbt_optimizer.optimizer - INFO - Using grid sampler with 110 trials
2026-01-20 16:13:40,136 - crypto_analysis.vectorbt_optimizer.parallel_runner - INFO - DOT/ADOSC: score=0.0000, params={'fastperiod': 9, 'slowperiod': 9}
2026-01-20 16:13:40,148 - crypto_analysis.vectorbt_optimizer.optimizer - INFO - Optimizing ATR: 66 combinations
2026-01-20 16:13:40,149 - crypto_analysis.vectorbt_optimizer.optimizer - INFO - Using grid sampler with 66 trials
2026-01-20 16:13:42,023 - crypto_analysis.vectorbt_optimizer.parallel_runner - INFO - DOT/ATR: score=0.0023, params={'timeperiod': 7, 'stop_loss_multiplier': 3.5}
2026-01-20 16:13:42,029 - crypto_analysis.vectorbt_optimizer.optimizer - INFO - Optimizing NATR: 110 combinations
2026-01-20 16:13:42,029 - crypto_analysis.vectorbt_optimizer.optimizer - INFO - Using grid sampler with 110 trials
2026-01-20 16:13:42,184 - crypto_analysis.vectorbt_optimizer.parallel_runner - INFO - ADA/ADOSC: score=0.0000, params={'fastperiod': 9, 'slowperiod': 9}
2026-01-20 16:13:42,198 - crypto_analysis.vectorbt_optimizer.optimizer - INFO - Optimizing ATR: 66 combinations
2026-01-20 16:13:42,198 - crypto_analysis.vectorbt_optimizer.optimizer - INFO - Using grid sampler with 66 trials
2026-01-20 16:13:42,882 - crypto_analysis.vectorbt_optimizer.parallel_runner - INFO - BTC/NATR: score=0.1929, params={'timeperiod': 9, 'entry_constant': 2.0}
2026-01-20 16:13:42,886 - crypto_analysis.vectorbt_optimizer.optimizer - INFO - Optimizing TRANGE: 3 combinations
2026-01-20 16:13:42,886 - crypto_analysis.vectorbt_optimizer.optimizer - INFO - Using grid sampler with 3 trials
2026-01-20 16:13:42,975 - crypto_analysis.vectorbt_optimizer.parallel_runner - INFO - BTC/TRANGE: score=-0.0446, params={'entry_multiplier': 3.0, 'exit_multiplier': 0.3}
2026-01-20 16:13:42,980 - crypto_analysis.vectorbt_optimizer.optimizer - INFO - Optimizing HT_DCPERIOD: 961 combinations
2026-01-20 16:13:42,982 - crypto_analysis.vectorbt_optimizer.optimizer - INFO - Using tpe sampler with 1000 trials
2026-01-20 16:13:43,975 - crypto_analysis.vectorbt_optimizer.parallel_runner - INFO - XRP/ADOSC: score=0.0439, params={'fastperiod': 9, 'slowperiod': 17}
2026-01-20 16:13:43,985 - crypto_analysis.vectorbt_optimizer.optimizer - INFO - Optimizing ATR: 66 combinations
2026-01-20 16:13:43,986 - crypto_analysis.vectorbt_optimizer.optimizer - INFO - Using grid sampler with 66 trials
2026-01-20 16:13:44,050 - crypto_analysis.vectorbt_optimizer.parallel_runner - INFO - ADA/ATR: score=0.8168, params={'timeperiod': 7, 'stop_loss_multiplier': 3.5}
2026-01-20 16:13:44,055 - crypto_analysis.vectorbt_optimizer.optimizer - INFO - Optimizing NATR: 110 combinations
2026-01-20 16:13:44,056 - crypto_analysis.vectorbt_optimizer.optimizer - INFO - Using grid sampler with 110 trials
2026-01-20 16:13:45,388 - crypto_analysis.vectorbt_optimizer.parallel_runner - INFO - DOT/NATR: score=0.3762, params={'timeperiod': 9, 'entry_constant': 3.0}
2026-01-20 16:13:45,393 - crypto_analysis.vectorbt_optimizer.optimizer - INFO - Optimizing TRANGE: 3 combinations
2026-01-20 16:13:45,394 - crypto_analysis.vectorbt_optimizer.optimizer - INFO - Using grid sampler with 3 trials
2026-01-20 16:13:45,477 - crypto_analysis.vectorbt_optimizer.parallel_runner - INFO - DOT/TRANGE: score=-0.6775, params={'entry_multiplier': 2.0, 'exit_multiplier': 0.3}
2026-01-20 16:13:45,483 - crypto_analysis.vectorbt_optimizer.optimizer - INFO - Optimizing HT_DCPERIOD: 961 combinations
2026-01-20 16:13:45,484 - crypto_analysis.vectorbt_optimizer.optimizer - INFO - Using tpe sampler with 1000 trials
2026-01-20 16:13:45,877 - crypto_analysis.vectorbt_optimizer.parallel_runner - INFO - LINK/ADOSC: score=0.0000, params={'fastperiod': 9, 'slowperiod': 9}
2026-01-20 16:13:45,882 - crypto_analysis.vectorbt_optimizer.parallel_runner - INFO - XRP/ATR: score=0.1641, params={'timeperiod': 9, 'stop_loss_multiplier': 3.5}
2026-01-20 16:13:45,887 - crypto_analysis.vectorbt_optimizer.optimizer - INFO - Optimizing NATR: 110 combinations
2026-01-20 16:13:45,887 - crypto_analysis.vectorbt_optimizer.optimizer - INFO - Using grid sampler with 110 trials
2026-01-20 16:13:45,888 - crypto_analysis.vectorbt_optimizer.optimizer - INFO - Optimizing ATR: 66 combinations
2026-01-20 16:13:45,889 - crypto_analysis.vectorbt_optimizer.optimizer - INFO - Using grid sampler with 66 trials
2026-01-20 16:13:47,671 - crypto_analysis.vectorbt_optimizer.parallel_runner - INFO - ADA/NATR: score=0.3258, params={'timeperiod': 23, 'entry_constant': 5.0}
2026-01-20 16:13:47,675 - crypto_analysis.vectorbt_optimizer.optimizer - INFO - Optimizing TRANGE: 3 combinations
2026-01-20 16:13:47,675 - crypto_analysis.vectorbt_optimizer.optimizer - INFO - Using grid sampler with 3 trials
2026-01-20 16:13:47,678 - crypto_analysis.vectorbt_optimizer.parallel_runner - INFO - LINK/ATR: score=0.3343, params={'timeperiod': 12, 'stop_loss_multiplier': 3.5}
2026-01-20 16:13:47,684 - crypto_analysis.vectorbt_optimizer.optimizer - INFO - Optimizing NATR: 110 combinations
2026-01-20 16:13:47,684 - crypto_analysis.vectorbt_optimizer.optimizer - INFO - Using grid sampler with 110 trials
2026-01-20 16:13:47,740 - crypto_analysis.vectorbt_optimizer.parallel_runner - INFO - ADA/TRANGE: score=-0.3813, params={'entry_multiplier': 3.0, 'exit_multiplier': 0.3}
2026-01-20 16:13:47,745 - crypto_analysis.vectorbt_optimizer.optimizer - INFO - Optimizing HT_DCPERIOD: 961 combinations
2026-01-20 16:13:47,745 - crypto_analysis.vectorbt_optimizer.optimizer - INFO - Using tpe sampler with 1000 trials
2026-01-20 16:13:49,473 - crypto_analysis.vectorbt_optimizer.parallel_runner - INFO - XRP/NATR: score=1.5792, params={'timeperiod': 16, 'entry_constant': 2.0}
2026-01-20 16:13:49,478 - crypto_analysis.vectorbt_optimizer.optimizer - INFO - Optimizing TRANGE: 3 combinations
2026-01-20 16:13:49,478 - crypto_analysis.vectorbt_optimizer.optimizer - INFO - Using grid sampler with 3 trials
2026-01-20 16:13:49,561 - crypto_analysis.vectorbt_optimizer.parallel_runner - INFO - XRP/TRANGE: score=0.2085, params={'entry_multiplier': 3.0, 'exit_multiplier': 0.3}
2026-01-20 16:13:49,568 - crypto_analysis.vectorbt_optimizer.optimizer - INFO - Optimizing HT_DCPERIOD: 961 combinations
2026-01-20 16:13:49,569 - crypto_analysis.vectorbt_optimizer.optimizer - INFO - Using tpe sampler with 1000 trials
2026-01-20 16:13:51,377 - crypto_analysis.vectorbt_optimizer.parallel_runner - INFO - LINK/NATR: score=0.4548, params={'timeperiod': 13, 'entry_constant': 3.0}
2026-01-20 16:13:51,381 - crypto_analysis.vectorbt_optimizer.optimizer - INFO - Optimizing TRANGE: 3 combinations
2026-01-20 16:13:51,381 - crypto_analysis.vectorbt_optimizer.optimizer - INFO - Using grid sampler with 3 trials
2026-01-20 16:13:51,468 - crypto_analysis.vectorbt_optimizer.parallel_runner - INFO - LINK/TRANGE: score=-0.3829, params={'entry_multiplier': 1.0, 'exit_multiplier': 0.3}
2026-01-20 16:13:51,474 - crypto_analysis.vectorbt_optimizer.optimizer - INFO - Optimizing HT_DCPERIOD: 961 combinations
2026-01-20 16:13:51,475 - crypto_analysis.vectorbt_optimizer.optimizer - INFO - Using tpe sampler with 1000 trials
2026-01-20 16:14:14,806 - crypto_analysis.vectorbt_optimizer.parallel_runner - INFO - ETH/HT_DCPERIOD: score=1.6029, params={'entry_constant': 13.48610811225492, 'exit_constant': 38.334940696575636}
2026-01-20 16:14:14,810 - crypto_analysis.vectorbt_optimizer.optimizer - INFO - Optimizing HT_DCPHASE: 8281 combinations
2026-01-20 16:14:14,811 - crypto_analysis.vectorbt_optimizer.optimizer - INFO - Using tpe sampler with 1000 trials
2026-01-20 16:14:15,516 - crypto_analysis.vectorbt_optimizer.parallel_runner - INFO - AVAX/HT_DCPERIOD: score=0.4668, params={'entry_constant': 13.468455493174822, 'exit_constant': 32.87870071800337}
2026-01-20 16:14:15,520 - crypto_analysis.vectorbt_optimizer.optimizer - INFO - Optimizing HT_DCPHASE: 8281 combinations
2026-01-20 16:14:15,521 - crypto_analysis.vectorbt_optimizer.optimizer - INFO - Using tpe sampler with 1000 trials
2026-01-20 16:14:16,741 - crypto_analysis.vectorbt_optimizer.parallel_runner - INFO - ATOM/HT_DCPERIOD: score=0.4899, params={'entry_constant': 16.58495884220032, 'exit_constant': 20.029367085574652}
2026-01-20 16:14:16,745 - crypto_analysis.vectorbt_optimizer.optimizer - INFO - Optimizing HT_DCPHASE: 8281 combinations
2026-01-20 16:14:16,745 - crypto_analysis.vectorbt_optimizer.optimizer - INFO - Using tpe sampler with 1000 trials
2026-01-20 16:14:17,588 - crypto_analysis.vectorbt_optimizer.parallel_runner - INFO - BNB/HT_DCPERIOD: score=0.6542, params={'entry_constant': 14.632476430359766, 'exit_constant': 46.031120074477}
2026-01-20 16:14:17,592 - crypto_analysis.vectorbt_optimizer.optimizer - INFO - Optimizing HT_DCPHASE: 8281 combinations
2026-01-20 16:14:17,593 - crypto_analysis.vectorbt_optimizer.optimizer - INFO - Using tpe sampler with 1000 trials
2026-01-20 16:14:17,868 - crypto_analysis.vectorbt_optimizer.parallel_runner - INFO - SOL/HT_DCPERIOD: score=0.5955, params={'entry_constant': 11.197289107058504, 'exit_constant': 42.906049005729784}
2026-01-20 16:14:17,872 - crypto_analysis.vectorbt_optimizer.optimizer - INFO - Optimizing HT_DCPHASE: 8281 combinations
2026-01-20 16:14:17,872 - crypto_analysis.vectorbt_optimizer.optimizer - INFO - Using tpe sampler with 1000 trials
2026-01-20 16:14:21,254 - crypto_analysis.vectorbt_optimizer.parallel_runner - INFO - BTC/HT_DCPERIOD: score=0.2810, params={'entry_constant': 13.106698913717949, 'exit_constant': 33.315327709073}
2026-01-20 16:14:21,258 - crypto_analysis.vectorbt_optimizer.optimizer - INFO - Optimizing HT_DCPHASE: 8281 combinations
2026-01-20 16:14:21,259 - crypto_analysis.vectorbt_optimizer.optimizer - INFO - Using tpe sampler with 1000 trials
2026-01-20 16:14:24,842 - crypto_analysis.vectorbt_optimizer.parallel_runner - INFO - DOT/HT_DCPERIOD: score=0.5296, params={'entry_constant': 12.90562515273103, 'exit_constant': 37.85529190474065}
2026-01-20 16:14:24,845 - crypto_analysis.vectorbt_optimizer.optimizer - INFO - Optimizing HT_DCPHASE: 8281 combinations
2026-01-20 16:14:24,846 - crypto_analysis.vectorbt_optimizer.optimizer - INFO - Using tpe sampler with 1000 trials
2026-01-20 16:14:26,268 - crypto_analysis.vectorbt_optimizer.parallel_runner - INFO - ADA/HT_DCPERIOD: score=0.0000, params={'entry_constant': 10.60626414858263, 'exit_constant': 20.287139238631312}
2026-01-20 16:14:26,272 - crypto_analysis.vectorbt_optimizer.optimizer - INFO - Optimizing HT_DCPHASE: 8281 combinations
2026-01-20 16:14:26,273 - crypto_analysis.vectorbt_optimizer.optimizer - INFO - Using tpe sampler with 1000 trials
2026-01-20 16:14:28,163 - crypto_analysis.vectorbt_optimizer.parallel_runner - INFO - XRP/HT_DCPERIOD: score=0.2798, params={'entry_constant': 13.041214561543738, 'exit_constant': 40.48523126671574}
2026-01-20 16:14:28,167 - crypto_analysis.vectorbt_optimizer.optimizer - INFO - Optimizing HT_DCPHASE: 8281 combinations
2026-01-20 16:14:28,168 - crypto_analysis.vectorbt_optimizer.optimizer - INFO - Using tpe sampler with 1000 trials
2026-01-20 16:14:30,520 - crypto_analysis.vectorbt_optimizer.parallel_runner - INFO - LINK/HT_DCPERIOD: score=0.2833, params={'entry_constant': 15.01768180909725, 'exit_constant': 31.852684008137896}
2026-01-20 16:14:30,524 - crypto_analysis.vectorbt_optimizer.optimizer - INFO - Optimizing HT_DCPHASE: 8281 combinations
2026-01-20 16:14:30,524 - crypto_analysis.vectorbt_optimizer.optimizer - INFO - Using tpe sampler with 1000 trials
2026-01-20 16:15:07,087 - crypto_analysis.vectorbt_optimizer.parallel_runner - INFO - ETH/HT_DCPHASE: score=0.0704, params={'entry_constant': -44.42807898735299, 'exit_constant': 47.10392750925871}
2026-01-20 16:15:07,098 - crypto_analysis.vectorbt_optimizer.optimizer - INFO - Optimizing HT_PHASOR: 1 combinations
2026-01-20 16:15:07,098 - crypto_analysis.vectorbt_optimizer.optimizer - INFO - Using grid sampler with 1 trials
2026-01-20 16:15:07,138 - crypto_analysis.vectorbt_optimizer.parallel_runner - INFO - ETH/HT_PHASOR: score=-0.8739, params={}
2026-01-20 16:15:07,143 - crypto_analysis.vectorbt_optimizer.optimizer - INFO - Optimizing HT_SINE: 1 combinations
2026-01-20 16:15:07,144 - crypto_analysis.vectorbt_optimizer.optimizer - INFO - Using grid sampler with 1 trials
2026-01-20 16:15:07,202 - crypto_analysis.vectorbt_optimizer.parallel_runner - INFO - ETH/HT_SINE: score=-0.4749, params={}
2026-01-20 16:15:07,216 - crypto_analysis.vectorbt_optimizer.optimizer - INFO - Optimizing HT_TRENDMODE: 1 combinations
2026-01-20 16:15:07,216 - crypto_analysis.vectorbt_optimizer.optimizer - INFO - Using grid sampler with 1 trials
2026-01-20 16:15:07,272 - crypto_analysis.vectorbt_optimizer.parallel_runner - INFO - ETH/HT_TRENDMODE: score=-0.7826, params={}
2026-01-20 16:15:08,411 - crypto_analysis.vectorbt_optimizer.parallel_runner - INFO - AVAX/HT_DCPHASE: score=0.2496, params={'entry_constant': -43.80461836430217, 'exit_constant': 86.53897731494025}
2026-01-20 16:15:08,422 - crypto_analysis.vectorbt_optimizer.optimizer - INFO - Optimizing HT_PHASOR: 1 combinations
2026-01-20 16:15:08,422 - crypto_analysis.vectorbt_optimizer.optimizer - INFO - Using grid sampler with 1 trials
2026-01-20 16:15:08,459 - crypto_analysis.vectorbt_optimizer.parallel_runner - INFO - AVAX/HT_PHASOR: score=-0.8413, params={}
2026-01-20 16:15:08,464 - crypto_analysis.vectorbt_optimizer.optimizer - INFO - Optimizing HT_SINE: 1 combinations
2026-01-20 16:15:08,464 - crypto_analysis.vectorbt_optimizer.optimizer - INFO - Using grid sampler with 1 trials
2026-01-20 16:15:08,516 - crypto_analysis.vectorbt_optimizer.parallel_runner - INFO - AVAX/HT_SINE: score=-0.5119, params={}
2026-01-20 16:15:08,530 - crypto_analysis.vectorbt_optimizer.optimizer - INFO - Optimizing HT_TRENDMODE: 1 combinations
2026-01-20 16:15:08,531 - crypto_analysis.vectorbt_optimizer.optimizer - INFO - Using grid sampler with 1 trials
2026-01-20 16:15:08,585 - crypto_analysis.vectorbt_optimizer.parallel_runner - INFO - AVAX/HT_TRENDMODE: score=-0.8172, params={}
2026-01-20 16:15:09,193 - crypto_analysis.vectorbt_optimizer.parallel_runner - INFO - ATOM/HT_DCPHASE: score=0.2262, params={'entry_constant': -44.240175848816165, 'exit_constant': 70.0102943004701}
2026-01-20 16:15:09,203 - crypto_analysis.vectorbt_optimizer.optimizer - INFO - Optimizing HT_PHASOR: 1 combinations
2026-01-20 16:15:09,204 - crypto_analysis.vectorbt_optimizer.optimizer - INFO - Using grid sampler with 1 trials
2026-01-20 16:15:09,242 - crypto_analysis.vectorbt_optimizer.parallel_runner - INFO - ATOM/HT_PHASOR: score=-0.8855, params={}
2026-01-20 16:15:09,247 - crypto_analysis.vectorbt_optimizer.optimizer - INFO - Optimizing HT_SINE: 1 combinations
2026-01-20 16:15:09,248 - crypto_analysis.vectorbt_optimizer.optimizer - INFO - Using grid sampler with 1 trials
2026-01-20 16:15:09,304 - crypto_analysis.vectorbt_optimizer.parallel_runner - INFO - ATOM/HT_SINE: score=-0.4984, params={}
2026-01-20 16:15:09,316 - crypto_analysis.vectorbt_optimizer.optimizer - INFO - Optimizing HT_TRENDMODE: 1 combinations
2026-01-20 16:15:09,317 - crypto_analysis.vectorbt_optimizer.optimizer - INFO - Using grid sampler with 1 trials
2026-01-20 16:15:09,372 - crypto_analysis.vectorbt_optimizer.parallel_runner - INFO - ATOM/HT_TRENDMODE: score=-0.8158, params={}
2026-01-20 16:15:10,721 - crypto_analysis.vectorbt_optimizer.parallel_runner - INFO - Processing NEAR...
2026-01-20 16:15:10,740 - crypto_analysis.vectorbt_optimizer.optimizer - INFO - Optimizing RSI: 12789 combinations
2026-01-20 16:15:10,741 - crypto_analysis.vectorbt_optimizer.optimizer - INFO - Using tpe sampler with 1000 trials
2026-01-20 16:15:11,493 - crypto_analysis.vectorbt_optimizer.parallel_runner - INFO - SOL/HT_DCPHASE: score=0.1420, params={'entry_constant': -43.543130332753776, 'exit_constant': 18.53092587210292}
2026-01-20 16:15:11,504 - crypto_analysis.vectorbt_optimizer.optimizer - INFO - Optimizing HT_PHASOR: 1 combinations
2026-01-20 16:15:11,504 - crypto_analysis.vectorbt_optimizer.optimizer - INFO - Using grid sampler with 1 trials
2026-01-20 16:15:11,542 - crypto_analysis.vectorbt_optimizer.parallel_runner - INFO - SOL/HT_PHASOR: score=-0.9040, params={}
2026-01-20 16:15:11,547 - crypto_analysis.vectorbt_optimizer.optimizer - INFO - Optimizing HT_SINE: 1 combinations
2026-01-20 16:15:11,547 - crypto_analysis.vectorbt_optimizer.optimizer - INFO - Using grid sampler with 1 trials
2026-01-20 16:15:11,600 - crypto_analysis.vectorbt_optimizer.parallel_runner - INFO - SOL/HT_SINE: score=-0.2796, params={}
2026-01-20 16:15:11,612 - crypto_analysis.vectorbt_optimizer.optimizer - INFO - Optimizing HT_TRENDMODE: 1 combinations
2026-01-20 16:15:11,612 - crypto_analysis.vectorbt_optimizer.optimizer - INFO - Using grid sampler with 1 trials
2026-01-20 16:15:11,666 - crypto_analysis.vectorbt_optimizer.parallel_runner - INFO - SOL/HT_TRENDMODE: score=-0.6903, params={}
2026-01-20 16:15:11,729 - crypto_analysis.vectorbt_optimizer.parallel_runner - INFO - BNB/HT_DCPHASE: score=0.0612, params={'entry_constant': -41.04513450462993, 'exit_constant': 65.78496169355218}
2026-01-20 16:15:11,741 - crypto_analysis.vectorbt_optimizer.optimizer - INFO - Optimizing HT_PHASOR: 1 combinations
2026-01-20 16:15:11,742 - crypto_analysis.vectorbt_optimizer.optimizer - INFO - Using grid sampler with 1 trials
2026-01-20 16:15:11,781 - crypto_analysis.vectorbt_optimizer.parallel_runner - INFO - BNB/HT_PHASOR: score=-0.8202, params={}
2026-01-20 16:15:11,787 - crypto_analysis.vectorbt_optimizer.optimizer - INFO - Optimizing HT_SINE: 1 combinations
2026-01-20 16:15:11,787 - crypto_analysis.vectorbt_optimizer.optimizer - INFO - Using grid sampler with 1 trials
2026-01-20 16:15:11,843 - crypto_analysis.vectorbt_optimizer.parallel_runner - INFO - BNB/HT_SINE: score=-0.2645, params={}
2026-01-20 16:15:11,856 - crypto_analysis.vectorbt_optimizer.optimizer - INFO - Optimizing HT_TRENDMODE: 1 combinations
2026-01-20 16:15:11,856 - crypto_analysis.vectorbt_optimizer.optimizer - INFO - Using grid sampler with 1 trials
2026-01-20 16:15:11,914 - crypto_analysis.vectorbt_optimizer.parallel_runner - INFO - BNB/HT_TRENDMODE: score=-0.5943, params={}
2026-01-20 16:15:12,520 - crypto_analysis.vectorbt_optimizer.parallel_runner - INFO - Processing LTC...
2026-01-20 16:15:12,548 - crypto_analysis.vectorbt_optimizer.optimizer - INFO - Optimizing RSI: 12789 combinations
2026-01-20 16:15:12,550 - crypto_analysis.vectorbt_optimizer.optimizer - INFO - Using tpe sampler with 1000 trials
2026-01-20 16:15:12,568 - crypto_analysis.vectorbt_optimizer.output_builder - INFO - Exported notebooks/csvs/ETH_optimized.csv
2026-01-20 16:15:12,568 - crypto_analysis.vectorbt_optimizer.parallel_runner - INFO - Completed ETH
2026-01-20 16:15:13,068 - crypto_analysis.vectorbt_optimizer.parallel_runner - INFO - BTC/HT_DCPHASE: score=0.0000, params={'entry_constant': -73.52336341176448, 'exit_constant': 57.668357571066984}
2026-01-20 16:15:13,077 - crypto_analysis.vectorbt_optimizer.optimizer - INFO - Optimizing HT_PHASOR: 1 combinations
2026-01-20 16:15:13,078 - crypto_analysis.vectorbt_optimizer.optimizer - INFO - Using grid sampler with 1 trials
2026-01-20 16:15:13,111 - crypto_analysis.vectorbt_optimizer.parallel_runner - INFO - BTC/HT_PHASOR: score=-0.8608, params={}
2026-01-20 16:15:13,116 - crypto_analysis.vectorbt_optimizer.optimizer - INFO - Optimizing HT_SINE: 1 combinations
2026-01-20 16:15:13,116 - crypto_analysis.vectorbt_optimizer.optimizer - INFO - Using grid sampler with 1 trials
2026-01-20 16:15:13,163 - crypto_analysis.vectorbt_optimizer.parallel_runner - INFO - BTC/HT_SINE: score=-0.5350, params={}
2026-01-20 16:15:13,174 - crypto_analysis.vectorbt_optimizer.optimizer - INFO - Optimizing HT_TRENDMODE: 1 combinations
2026-01-20 16:15:13,174 - crypto_analysis.vectorbt_optimizer.optimizer - INFO - Using grid sampler with 1 trials
2026-01-20 16:15:13,223 - crypto_analysis.vectorbt_optimizer.parallel_runner - INFO - BTC/HT_TRENDMODE: score=-0.6297, params={}
2026-01-20 16:15:13,527 - crypto_analysis.vectorbt_optimizer.parallel_runner - INFO - Processing ARB...
2026-01-20 16:15:13,558 - crypto_analysis.vectorbt_optimizer.optimizer - INFO - Optimizing RSI: 12789 combinations
2026-01-20 16:15:13,559 - crypto_analysis.vectorbt_optimizer.optimizer - INFO - Using tpe sampler with 1000 trials
2026-01-20 16:15:14,259 - crypto_analysis.vectorbt_optimizer.output_builder - INFO - Exported notebooks/csvs/AVAX_optimized.csv
2026-01-20 16:15:14,259 - crypto_analysis.vectorbt_optimizer.parallel_runner - INFO - Completed AVAX
2026-01-20 16:15:15,800 - crypto_analysis.vectorbt_optimizer.parallel_runner - INFO - Processing OP...
2026-01-20 16:15:15,824 - crypto_analysis.vectorbt_optimizer.optimizer - INFO - Optimizing RSI: 12789 combinations
2026-01-20 16:15:15,826 - crypto_analysis.vectorbt_optimizer.optimizer - INFO - Using tpe sampler with 1000 trials
2026-01-20 16:15:15,921 - crypto_analysis.vectorbt_optimizer.output_builder - INFO - Exported notebooks/csvs/ATOM_optimized.csv
2026-01-20 16:15:15,921 - crypto_analysis.vectorbt_optimizer.parallel_runner - INFO - Completed ATOM
2026-01-20 16:15:16,272 - crypto_analysis.vectorbt_optimizer.parallel_runner - INFO - Processing LRC...
2026-01-20 16:15:16,314 - crypto_analysis.vectorbt_optimizer.optimizer - INFO - Optimizing RSI: 12789 combinations
2026-01-20 16:15:16,317 - crypto_analysis.vectorbt_optimizer.optimizer - INFO - Using tpe sampler with 1000 trials
2026-01-20 16:15:17,023 - crypto_analysis.vectorbt_optimizer.parallel_runner - INFO - Processing TRX...
2026-01-20 16:15:17,044 - crypto_analysis.vectorbt_optimizer.optimizer - INFO - Optimizing RSI: 12789 combinations
2026-01-20 16:15:17,045 - crypto_analysis.vectorbt_optimizer.optimizer - INFO - Using tpe sampler with 1000 trials
2026-01-20 16:15:17,180 - crypto_analysis.vectorbt_optimizer.parallel_runner - INFO - DOT/HT_DCPHASE: score=0.0720, params={'entry_constant': -37.662782987629036, 'exit_constant': 23.05160173250424}
2026-01-20 16:15:17,190 - crypto_analysis.vectorbt_optimizer.optimizer - INFO - Optimizing HT_PHASOR: 1 combinations
2026-01-20 16:15:17,191 - crypto_analysis.vectorbt_optimizer.optimizer - INFO - Using grid sampler with 1 trials
2026-01-20 16:15:17,228 - crypto_analysis.vectorbt_optimizer.parallel_runner - INFO - DOT/HT_PHASOR: score=-0.9537, params={}
2026-01-20 16:15:17,233 - crypto_analysis.vectorbt_optimizer.optimizer - INFO - Optimizing HT_SINE: 1 combinations
2026-01-20 16:15:17,233 - crypto_analysis.vectorbt_optimizer.optimizer - INFO - Using grid sampler with 1 trials
2026-01-20 16:15:17,291 - crypto_analysis.vectorbt_optimizer.parallel_runner - INFO - DOT/HT_SINE: score=-0.7184, params={}
2026-01-20 16:15:17,304 - crypto_analysis.vectorbt_optimizer.optimizer - INFO - Optimizing HT_TRENDMODE: 1 combinations
2026-01-20 16:15:17,304 - crypto_analysis.vectorbt_optimizer.optimizer - INFO - Using grid sampler with 1 trials
2026-01-20 16:15:17,356 - crypto_analysis.vectorbt_optimizer.parallel_runner - INFO - DOT/HT_TRENDMODE: score=-0.8607, params={}
2026-01-20 16:15:17,582 - crypto_analysis.vectorbt_optimizer.output_builder - INFO - Exported notebooks/csvs/SOL_optimized.csv
2026-01-20 16:15:17,583 - crypto_analysis.vectorbt_optimizer.parallel_runner - INFO - Completed SOL
2026-01-20 16:15:18,289 - crypto_analysis.vectorbt_optimizer.parallel_runner - INFO - ADA/HT_DCPHASE: score=0.2882, params={'entry_constant': -43.057381441986415, 'exit_constant': 89.80935198486256}
2026-01-20 16:15:18,300 - crypto_analysis.vectorbt_optimizer.optimizer - INFO - Optimizing HT_PHASOR: 1 combinations
2026-01-20 16:15:18,300 - crypto_analysis.vectorbt_optimizer.optimizer - INFO - Using grid sampler with 1 trials
2026-01-20 16:15:18,339 - crypto_analysis.vectorbt_optimizer.parallel_runner - INFO - ADA/HT_PHASOR: score=-0.9527, params={}
2026-01-20 16:15:18,343 - crypto_analysis.vectorbt_optimizer.optimizer - INFO - Optimizing HT_SINE: 1 combinations
2026-01-20 16:15:18,344 - crypto_analysis.vectorbt_optimizer.optimizer - INFO - Using grid sampler with 1 trials
2026-01-20 16:15:18,397 - crypto_analysis.vectorbt_optimizer.parallel_runner - INFO - ADA/HT_SINE: score=-0.6884, params={}
2026-01-20 16:15:18,409 - crypto_analysis.vectorbt_optimizer.optimizer - INFO - Optimizing HT_TRENDMODE: 1 combinations
2026-01-20 16:15:18,410 - crypto_analysis.vectorbt_optimizer.optimizer - INFO - Using grid sampler with 1 trials
2026-01-20 16:15:18,466 - crypto_analysis.vectorbt_optimizer.parallel_runner - INFO - ADA/HT_TRENDMODE: score=-0.8211, params={}
2026-01-20 16:15:19,236 - crypto_analysis.vectorbt_optimizer.output_builder - INFO - Exported notebooks/csvs/BNB_optimized.csv
2026-01-20 16:15:19,237 - crypto_analysis.vectorbt_optimizer.parallel_runner - INFO - Completed BNB
2026-01-20 16:15:20,011 - crypto_analysis.vectorbt_optimizer.parallel_runner - INFO - XRP/HT_DCPHASE: score=0.2086, params={'entry_constant': -44.61014667894596, 'exit_constant': 79.18787504551597}
2026-01-20 16:15:20,021 - crypto_analysis.vectorbt_optimizer.optimizer - INFO - Optimizing HT_PHASOR: 1 combinations
2026-01-20 16:15:20,022 - crypto_analysis.vectorbt_optimizer.optimizer - INFO - Using grid sampler with 1 trials
2026-01-20 16:15:20,059 - crypto_analysis.vectorbt_optimizer.parallel_runner - INFO - XRP/HT_PHASOR: score=-0.8567, params={}
2026-01-20 16:15:20,064 - crypto_analysis.vectorbt_optimizer.optimizer - INFO - Optimizing HT_SINE: 1 combinations
2026-01-20 16:15:20,064 - crypto_analysis.vectorbt_optimizer.optimizer - INFO - Using grid sampler with 1 trials
2026-01-20 16:15:20,125 - crypto_analysis.vectorbt_optimizer.parallel_runner - INFO - XRP/HT_SINE: score=-0.2444, params={}
2026-01-20 16:15:20,137 - crypto_analysis.vectorbt_optimizer.optimizer - INFO - Optimizing HT_TRENDMODE: 1 combinations
2026-01-20 16:15:20,138 - crypto_analysis.vectorbt_optimizer.optimizer - INFO - Using grid sampler with 1 trials
2026-01-20 16:15:20,190 - crypto_analysis.vectorbt_optimizer.parallel_runner - INFO - XRP/HT_TRENDMODE: score=-0.4623, params={}
2026-01-20 16:15:20,815 - crypto_analysis.vectorbt_optimizer.output_builder - INFO - Exported notebooks/csvs/BTC_optimized.csv
2026-01-20 16:15:20,815 - crypto_analysis.vectorbt_optimizer.parallel_runner - INFO - Completed BTC
2026-01-20 16:15:20,965 - crypto_analysis.vectorbt_optimizer.parallel_runner - INFO - Processing XLM...
2026-01-20 16:15:20,981 - crypto_analysis.vectorbt_optimizer.optimizer - INFO - Optimizing RSI: 12789 combinations
2026-01-20 16:15:20,982 - crypto_analysis.vectorbt_optimizer.optimizer - INFO - Using tpe sampler with 1000 trials
2026-01-20 16:15:22,392 - crypto_analysis.vectorbt_optimizer.parallel_runner - INFO - LINK/HT_DCPHASE: score=0.3136, params={'entry_constant': -40.61517886592789, 'exit_constant': 62.3301976215523}
2026-01-20 16:15:22,403 - crypto_analysis.vectorbt_optimizer.optimizer - INFO - Optimizing HT_PHASOR: 1 combinations
2026-01-20 16:15:22,403 - crypto_analysis.vectorbt_optimizer.optimizer - INFO - Using grid sampler with 1 trials
2026-01-20 16:15:22,444 - crypto_analysis.vectorbt_optimizer.parallel_runner - INFO - LINK/HT_PHASOR: score=-0.8557, params={}
2026-01-20 16:15:22,450 - crypto_analysis.vectorbt_optimizer.optimizer - INFO - Optimizing HT_SINE: 1 combinations
2026-01-20 16:15:22,450 - crypto_analysis.vectorbt_optimizer.optimizer - INFO - Using grid sampler with 1 trials
2026-01-20 16:15:22,511 - crypto_analysis.vectorbt_optimizer.parallel_runner - INFO - LINK/HT_SINE: score=-0.4939, params={}
2026-01-20 16:15:22,524 - crypto_analysis.vectorbt_optimizer.optimizer - INFO - Optimizing HT_TRENDMODE: 1 combinations
2026-01-20 16:15:22,524 - crypto_analysis.vectorbt_optimizer.optimizer - INFO - Using grid sampler with 1 trials
2026-01-20 16:15:22,555 - crypto_analysis.vectorbt_optimizer.parallel_runner - INFO - Processing DOGE...
2026-01-20 16:15:22,577 - crypto_analysis.vectorbt_optimizer.parallel_runner - INFO - LINK/HT_TRENDMODE: score=-0.8005, params={}
2026-01-20 16:15:22,583 - crypto_analysis.vectorbt_optimizer.optimizer - INFO - Optimizing RSI: 12789 combinations
2026-01-20 16:15:22,585 - crypto_analysis.vectorbt_optimizer.optimizer - INFO - Using tpe sampler with 1000 trials
2026-01-20 16:15:22,585 - crypto_analysis.vectorbt_optimizer.output_builder - INFO - Exported notebooks/csvs/DOT_optimized.csv
2026-01-20 16:15:22,586 - crypto_analysis.vectorbt_optimizer.parallel_runner - INFO - Completed DOT
2026-01-20 16:15:24,212 - crypto_analysis.vectorbt_optimizer.output_builder - INFO - Exported notebooks/csvs/ADA_optimized.csv
2026-01-20 16:15:24,212 - crypto_analysis.vectorbt_optimizer.parallel_runner - INFO - Completed ADA
2026-01-20 16:15:24,220 - crypto_analysis.vectorbt_optimizer.parallel_runner - INFO - Processing VET...
2026-01-20 16:15:24,239 - crypto_analysis.vectorbt_optimizer.optimizer - INFO - Optimizing RSI: 12789 combinations
2026-01-20 16:15:24,240 - crypto_analysis.vectorbt_optimizer.optimizer - INFO - Using tpe sampler with 1000 trials
2026-01-20 16:15:25,841 - crypto_analysis.vectorbt_optimizer.output_builder - INFO - Exported notebooks/csvs/XRP_optimized.csv
2026-01-20 16:15:25,841 - crypto_analysis.vectorbt_optimizer.parallel_runner - INFO - Completed XRP
2026-01-20 16:15:26,128 - crypto_analysis.vectorbt_optimizer.parallel_runner - INFO - Processing ALGO...
2026-01-20 16:15:26,144 - crypto_analysis.vectorbt_optimizer.optimizer - INFO - Optimizing RSI: 12789 combinations
2026-01-20 16:15:26,145 - crypto_analysis.vectorbt_optimizer.optimizer - INFO - Using tpe sampler with 1000 trials
2026-01-20 16:15:27,760 - crypto_analysis.vectorbt_optimizer.output_builder - INFO - Exported notebooks/csvs/LINK_optimized.csv
2026-01-20 16:15:27,760 - crypto_analysis.vectorbt_optimizer.parallel_runner - INFO - Completed LINK
2026-01-20 16:15:56,828 - crypto_analysis.vectorbt_optimizer.parallel_runner - INFO - NEAR/RSI: score=0.6324, params={'timeperiod': 30, 'entry_constant': 30.78878898895891, 'exit_constant': 61.39956485900399}
2026-01-20 16:15:56,832 - crypto_analysis.vectorbt_optimizer.optimizer - INFO - Optimizing MACD: 4576 combinations
2026-01-20 16:15:56,833 - crypto_analysis.vectorbt_optimizer.optimizer - INFO - Using tpe sampler with 1000 trials
2026-01-20 16:15:57,999 - crypto_analysis.vectorbt_optimizer.parallel_runner - INFO - LTC/RSI: score=1.9326, params={'timeperiod': 17, 'entry_constant': 20.144515014244888, 'exit_constant': 76.21572580175494}
2026-01-20 16:15:58,002 - crypto_analysis.vectorbt_optimizer.optimizer - INFO - Optimizing MACD: 4576 combinations
2026-01-20 16:15:58,002 - crypto_analysis.vectorbt_optimizer.optimizer - INFO - Using tpe sampler with 1000 trials
2026-01-20 16:15:59,174 - crypto_analysis.vectorbt_optimizer.parallel_runner - INFO - ARB/RSI: score=0.9326, params={'timeperiod': 28, 'entry_constant': 25.062694250216623, 'exit_constant': 64.43446102216156}
2026-01-20 16:15:59,177 - crypto_analysis.vectorbt_optimizer.optimizer - INFO - Optimizing MACD: 4576 combinations
2026-01-20 16:15:59,178 - crypto_analysis.vectorbt_optimizer.optimizer - INFO - Using tpe sampler with 1000 trials
2026-01-20 16:16:01,946 - crypto_analysis.vectorbt_optimizer.parallel_runner - INFO - OP/RSI: score=0.2082, params={'timeperiod': 23, 'entry_constant': 32.75354849700315, 'exit_constant': 64.4007393909008}
2026-01-20 16:16:01,949 - crypto_analysis.vectorbt_optimizer.optimizer - INFO - Optimizing MACD: 4576 combinations
2026-01-20 16:16:01,950 - crypto_analysis.vectorbt_optimizer.optimizer - INFO - Using tpe sampler with 1000 trials
2026-01-20 16:16:03,262 - crypto_analysis.vectorbt_optimizer.parallel_runner - INFO - LRC/RSI: score=3.1080, params={'timeperiod': 7, 'entry_constant': 26.73322152324942, 'exit_constant': 75.98272709772274}
2026-01-20 16:16:03,264 - crypto_analysis.vectorbt_optimizer.optimizer - INFO - Optimizing MACD: 4576 combinations
2026-01-20 16:16:03,265 - crypto_analysis.vectorbt_optimizer.optimizer - INFO - Using tpe sampler with 1000 trials
2026-01-20 16:16:03,492 - crypto_analysis.vectorbt_optimizer.parallel_runner - INFO - TRX/RSI: score=0.8231, params={'timeperiod': 28, 'entry_constant': 38.70287364325046, 'exit_constant': 67.28000083634612}
2026-01-20 16:16:03,495 - crypto_analysis.vectorbt_optimizer.optimizer - INFO - Optimizing MACD: 4576 combinations
2026-01-20 16:16:03,496 - crypto_analysis.vectorbt_optimizer.optimizer - INFO - Using tpe sampler with 1000 trials
2026-01-20 16:16:07,619 - crypto_analysis.vectorbt_optimizer.parallel_runner - INFO - XLM/RSI: score=1.5158, params={'timeperiod': 24, 'entry_constant': 22.91623730899981, 'exit_constant': 72.34864636093313}
2026-01-20 16:16:07,622 - crypto_analysis.vectorbt_optimizer.optimizer - INFO - Optimizing MACD: 4576 combinations
2026-01-20 16:16:07,623 - crypto_analysis.vectorbt_optimizer.optimizer - INFO - Using tpe sampler with 1000 trials
2026-01-20 16:16:10,976 - crypto_analysis.vectorbt_optimizer.parallel_runner - INFO - DOGE/RSI: score=1.3533, params={'timeperiod': 26, 'entry_constant': 22.190631283701315, 'exit_constant': 68.14097216380648}
2026-01-20 16:16:10,979 - crypto_analysis.vectorbt_optimizer.optimizer - INFO - Optimizing MACD: 4576 combinations
2026-01-20 16:16:10,980 - crypto_analysis.vectorbt_optimizer.optimizer - INFO - Using tpe sampler with 1000 trials
2026-01-20 16:16:11,448 - crypto_analysis.vectorbt_optimizer.parallel_runner - INFO - VET/RSI: score=1.1888, params={'timeperiod': 23, 'entry_constant': 24.686863353724895, 'exit_constant': 62.706038353740006}
2026-01-20 16:16:11,451 - crypto_analysis.vectorbt_optimizer.optimizer - INFO - Optimizing MACD: 4576 combinations
2026-01-20 16:16:11,452 - crypto_analysis.vectorbt_optimizer.optimizer - INFO - Using tpe sampler with 1000 trials
2026-01-20 16:16:13,673 - crypto_analysis.vectorbt_optimizer.parallel_runner - INFO - ALGO/RSI: score=1.3073, params={'timeperiod': 23, 'entry_constant': 24.03075806639999, 'exit_constant': 62.18779587115028}
2026-01-20 16:16:13,677 - crypto_analysis.vectorbt_optimizer.optimizer - INFO - Optimizing MACD: 4576 combinations
2026-01-20 16:16:13,678 - crypto_analysis.vectorbt_optimizer.optimizer - INFO - Using tpe sampler with 1000 trials
2026-01-20 16:16:48,586 - crypto_analysis.vectorbt_optimizer.parallel_runner - INFO - NEAR/MACD: score=-0.3164, params={'fastperiod': 7, 'slowperiod': 20, 'signalperiod': 7}
2026-01-20 16:16:48,591 - crypto_analysis.vectorbt_optimizer.optimizer - INFO - Optimizing STOCH: 187425 combinations
2026-01-20 16:16:48,592 - crypto_analysis.vectorbt_optimizer.optimizer - INFO - Using tpe sampler with 1000 trials
2026-01-20 16:16:49,234 - crypto_analysis.vectorbt_optimizer.parallel_runner - INFO - LTC/MACD: score=0.0000, params={'fastperiod': 19, 'slowperiod': 19, 'signalperiod': 14}
2026-01-20 16:16:49,239 - crypto_analysis.vectorbt_optimizer.optimizer - INFO - Optimizing STOCH: 187425 combinations
2026-01-20 16:16:49,239 - crypto_analysis.vectorbt_optimizer.optimizer - INFO - Using tpe sampler with 1000 trials
2026-01-20 16:16:50,302 - crypto_analysis.vectorbt_optimizer.parallel_runner - INFO - ARB/MACD: score=0.0000, params={'fastperiod': 15, 'slowperiod': 15, 'signalperiod': 15}
2026-01-20 16:16:50,307 - crypto_analysis.vectorbt_optimizer.optimizer - INFO - Optimizing STOCH: 187425 combinations
2026-01-20 16:16:50,308 - crypto_analysis.vectorbt_optimizer.optimizer - INFO - Using tpe sampler with 1000 trials
2026-01-20 16:16:52,758 - crypto_analysis.vectorbt_optimizer.parallel_runner - INFO - OP/MACD: score=0.0980, params={'fastperiod': 19, 'slowperiod': 37, 'signalperiod': 14}
2026-01-20 16:16:52,764 - crypto_analysis.vectorbt_optimizer.optimizer - INFO - Optimizing STOCH: 187425 combinations
2026-01-20 16:16:52,765 - crypto_analysis.vectorbt_optimizer.optimizer - INFO - Using tpe sampler with 1000 trials
2026-01-20 16:16:54,392 - crypto_analysis.vectorbt_optimizer.parallel_runner - INFO - TRX/MACD: score=0.0000, params={'fastperiod': 17, 'slowperiod': 17, 'signalperiod': 9}
2026-01-20 16:16:54,397 - crypto_analysis.vectorbt_optimizer.optimizer - INFO - Optimizing STOCH: 187425 combinations
2026-01-20 16:16:54,397 - crypto_analysis.vectorbt_optimizer.optimizer - INFO - Using tpe sampler with 1000 trials
2026-01-20 16:16:55,335 - crypto_analysis.vectorbt_optimizer.parallel_runner - INFO - LRC/MACD: score=0.0000, params={'fastperiod': 15, 'slowperiod': 15, 'signalperiod': 5}
2026-01-20 16:16:55,340 - crypto_analysis.vectorbt_optimizer.optimizer - INFO - Optimizing STOCH: 187425 combinations
2026-01-20 16:16:55,341 - crypto_analysis.vectorbt_optimizer.optimizer - INFO - Using tpe sampler with 1000 trials
2026-01-20 16:16:59,722 - crypto_analysis.vectorbt_optimizer.parallel_runner - INFO - XLM/MACD: score=0.0000, params={'fastperiod': 19, 'slowperiod': 19, 'signalperiod': 12}
2026-01-20 16:16:59,728 - crypto_analysis.vectorbt_optimizer.optimizer - INFO - Optimizing STOCH: 187425 combinations
2026-01-20 16:16:59,728 - crypto_analysis.vectorbt_optimizer.optimizer - INFO - Using tpe sampler with 1000 trials
2026-01-20 16:17:03,072 - crypto_analysis.vectorbt_optimizer.parallel_runner - INFO - VET/MACD: score=0.0000, params={'fastperiod': 19, 'slowperiod': 19, 'signalperiod': 15}
2026-01-20 16:17:03,077 - crypto_analysis.vectorbt_optimizer.optimizer - INFO - Optimizing STOCH: 187425 combinations
2026-01-20 16:17:03,078 - crypto_analysis.vectorbt_optimizer.optimizer - INFO - Using tpe sampler with 1000 trials
2026-01-20 16:17:03,779 - crypto_analysis.vectorbt_optimizer.parallel_runner - INFO - DOGE/MACD: score=0.0000, params={'fastperiod': 15, 'slowperiod': 15, 'signalperiod': 8}
2026-01-20 16:17:03,785 - crypto_analysis.vectorbt_optimizer.optimizer - INFO - Optimizing STOCH: 187425 combinations
2026-01-20 16:17:03,786 - crypto_analysis.vectorbt_optimizer.optimizer - INFO - Using tpe sampler with 1000 trials
2026-01-20 16:17:05,908 - crypto_analysis.vectorbt_optimizer.parallel_runner - INFO - ALGO/MACD: score=0.0000, params={'fastperiod': 15, 'slowperiod': 15, 'signalperiod': 6}
2026-01-20 16:17:05,914 - crypto_analysis.vectorbt_optimizer.optimizer - INFO - Optimizing STOCH: 187425 combinations
2026-01-20 16:17:05,915 - crypto_analysis.vectorbt_optimizer.optimizer - INFO - Using tpe sampler with 1000 trials
2026-01-20 16:17:54,953 - crypto_analysis.vectorbt_optimizer.parallel_runner - INFO - NEAR/STOCH: score=0.0652, params={'fastk_period': 16, 'slowk_period': 3, 'slowd_period': 2, 'entry_constant': 13.266328679191371, 'exit_constant': 70.43270352618951}
2026-01-20 16:17:54,957 - crypto_analysis.vectorbt_optimizer.optimizer - INFO - Optimizing STOCHRSI: 299880 combinations
2026-01-20 16:17:54,958 - crypto_analysis.vectorbt_optimizer.optimizer - INFO - Using tpe sampler with 1000 trials
2026-01-20 16:17:56,584 - crypto_analysis.vectorbt_optimizer.parallel_runner - INFO - ARB/STOCH: score=-0.0470, params={'fastk_period': 11, 'slowk_period': 5, 'slowd_period': 4, 'entry_constant': 10.406588979691202, 'exit_constant': 81.7297653334091}
2026-01-20 16:17:56,588 - crypto_analysis.vectorbt_optimizer.optimizer - INFO - Optimizing STOCHRSI: 299880 combinations
2026-01-20 16:17:56,589 - crypto_analysis.vectorbt_optimizer.optimizer - INFO - Using tpe sampler with 1000 trials
2026-01-20 16:17:56,669 - crypto_analysis.vectorbt_optimizer.parallel_runner - INFO - LTC/STOCH: score=0.2525, params={'fastk_period': 21, 'slowk_period': 5, 'slowd_period': 1, 'entry_constant': 15.947580899529203, 'exit_constant': 82.80822289038109}
2026-01-20 16:17:56,673 - crypto_analysis.vectorbt_optimizer.optimizer - INFO - Optimizing STOCHRSI: 299880 combinations
2026-01-20 16:17:56,674 - crypto_analysis.vectorbt_optimizer.optimizer - INFO - Using tpe sampler with 1000 trials
2026-01-20 16:17:59,287 - crypto_analysis.vectorbt_optimizer.parallel_runner - INFO - OP/STOCH: score=0.1550, params={'fastk_period': 5, 'slowk_period': 5, 'slowd_period': 4, 'entry_constant': 10.294194071657458, 'exit_constant': 77.6997073270846}
2026-01-20 16:17:59,292 - crypto_analysis.vectorbt_optimizer.optimizer - INFO - Optimizing STOCHRSI: 299880 combinations
2026-01-20 16:17:59,293 - crypto_analysis.vectorbt_optimizer.optimizer - INFO - Using tpe sampler with 1000 trials
2026-01-20 16:18:00,914 - crypto_analysis.vectorbt_optimizer.parallel_runner - INFO - TRX/STOCH: score=0.5741, params={'fastk_period': 15, 'slowk_period': 5, 'slowd_period': 3, 'entry_constant': 13.795568727480774, 'exit_constant': 84.92473528410241}
2026-01-20 16:18:00,918 - crypto_analysis.vectorbt_optimizer.optimizer - INFO - Optimizing STOCHRSI: 299880 combinations
2026-01-20 16:18:00,919 - crypto_analysis.vectorbt_optimizer.optimizer - INFO - Using tpe sampler with 1000 trials
2026-01-20 16:18:03,435 - crypto_analysis.vectorbt_optimizer.parallel_runner - INFO - LRC/STOCH: score=0.7990, params={'fastk_period': 21, 'slowk_period': 1, 'slowd_period': 3, 'entry_constant': 10.002079674557029, 'exit_constant': 88.62840050271276}
2026-01-20 16:18:03,439 - crypto_analysis.vectorbt_optimizer.optimizer - INFO - Optimizing STOCHRSI: 299880 combinations
2026-01-20 16:18:03,440 - crypto_analysis.vectorbt_optimizer.optimizer - INFO - Using tpe sampler with 1000 trials
2026-01-20 16:18:07,356 - crypto_analysis.vectorbt_optimizer.parallel_runner - INFO - XLM/STOCH: score=0.2586, params={'fastk_period': 15, 'slowk_period': 3, 'slowd_period': 2, 'entry_constant': 10.818747920324176, 'exit_constant': 70.48836393077148}
2026-01-20 16:18:07,360 - crypto_analysis.vectorbt_optimizer.optimizer - INFO - Optimizing STOCHRSI: 299880 combinations
2026-01-20 16:18:07,361 - crypto_analysis.vectorbt_optimizer.optimizer - INFO - Using tpe sampler with 1000 trials
2026-01-20 16:18:11,300 - crypto_analysis.vectorbt_optimizer.parallel_runner - INFO - VET/STOCH: score=0.1404, params={'fastk_period': 8, 'slowk_period': 5, 'slowd_period': 2, 'entry_constant': 10.003405725649001, 'exit_constant': 75.66729660195998}
2026-01-20 16:18:11,304 - crypto_analysis.vectorbt_optimizer.optimizer - INFO - Optimizing STOCHRSI: 299880 combinations
2026-01-20 16:18:11,304 - crypto_analysis.vectorbt_optimizer.optimizer - INFO - Using tpe sampler with 1000 trials
2026-01-20 16:18:11,443 - crypto_analysis.vectorbt_optimizer.parallel_runner - INFO - DOGE/STOCH: score=0.5215, params={'fastk_period': 20, 'slowk_period': 5, 'slowd_period': 2, 'entry_constant': 11.868396773304518, 'exit_constant': 78.11158947262386}
2026-01-20 16:18:11,447 - crypto_analysis.vectorbt_optimizer.optimizer - INFO - Optimizing STOCHRSI: 299880 combinations
2026-01-20 16:18:11,448 - crypto_analysis.vectorbt_optimizer.optimizer - INFO - Using tpe sampler with 1000 trials
2026-01-20 16:18:13,346 - crypto_analysis.vectorbt_optimizer.parallel_runner - INFO - ALGO/STOCH: score=0.3107, params={'fastk_period': 21, 'slowk_period': 5, 'slowd_period': 5, 'entry_constant': 10.68097851323121, 'exit_constant': 71.41474786425603}
2026-01-20 16:18:13,349 - crypto_analysis.vectorbt_optimizer.optimizer - INFO - Optimizing STOCHRSI: 299880 combinations
2026-01-20 16:18:13,350 - crypto_analysis.vectorbt_optimizer.optimizer - INFO - Using tpe sampler with 1000 trials
2026-01-20 16:19:02,509 - crypto_analysis.vectorbt_optimizer.parallel_runner - INFO - NEAR/STOCHRSI: score=-0.7647, params={'timeperiod': 5, 'fastk_period': 8, 'fastd_period': 4, 'entry_constant': 15.278935650111798, 'exit_constant': 73.2787536260936}
2026-01-20 16:19:02,513 - crypto_analysis.vectorbt_optimizer.optimizer - INFO - Optimizing CCI: 592826 combinations
2026-01-20 16:19:02,514 - crypto_analysis.vectorbt_optimizer.optimizer - INFO - Using tpe sampler with 1000 trials
2026-01-20 16:19:03,464 - crypto_analysis.vectorbt_optimizer.parallel_runner - INFO - LTC/STOCHRSI: score=-0.3970, params={'timeperiod': 5, 'fastk_period': 10, 'fastd_period': 1, 'entry_constant': 10.000770316624582, 'exit_constant': 74.85876605497694}
2026-01-20 16:19:03,468 - crypto_analysis.vectorbt_optimizer.optimizer - INFO - Optimizing CCI: 592826 combinations
2026-01-20 16:19:03,469 - crypto_analysis.vectorbt_optimizer.optimizer - INFO - Using tpe sampler with 1000 trials
2026-01-20 16:19:04,728 - crypto_analysis.vectorbt_optimizer.parallel_runner - INFO - ARB/STOCHRSI: score=-0.8435, params={'timeperiod': 8, 'fastk_period': 6, 'fastd_period': 1, 'entry_constant': 28.38334526916052, 'exit_constant': 86.80114939938726}
2026-01-20 16:19:04,732 - crypto_analysis.vectorbt_optimizer.optimizer - INFO - Optimizing CCI: 592826 combinations
2026-01-20 16:19:04,733 - crypto_analysis.vectorbt_optimizer.optimizer - INFO - Using tpe sampler with 1000 trials
2026-01-20 16:19:06,518 - crypto_analysis.vectorbt_optimizer.parallel_runner - INFO - OP/STOCHRSI: score=-0.7652, params={'timeperiod': 5, 'fastk_period': 7, 'fastd_period': 5, 'entry_constant': 23.51052444086724, 'exit_constant': 89.49394040921673}
2026-01-20 16:19:06,522 - crypto_analysis.vectorbt_optimizer.optimizer - INFO - Optimizing CCI: 592826 combinations
2026-01-20 16:19:06,523 - crypto_analysis.vectorbt_optimizer.optimizer - INFO - Using tpe sampler with 1000 trials
2026-01-20 16:19:09,119 - crypto_analysis.vectorbt_optimizer.parallel_runner - INFO - TRX/STOCHRSI: score=-0.7288, params={'timeperiod': 21, 'fastk_period': 10, 'fastd_period': 2, 'entry_constant': 12.937803244432445, 'exit_constant': 86.87505744064626}
2026-01-20 16:19:09,123 - crypto_analysis.vectorbt_optimizer.optimizer - INFO - Optimizing CCI: 592826 combinations
2026-01-20 16:19:09,124 - crypto_analysis.vectorbt_optimizer.optimizer - INFO - Using tpe sampler with 1000 trials
2026-01-20 16:19:11,327 - crypto_analysis.vectorbt_optimizer.parallel_runner - INFO - LRC/STOCHRSI: score=-0.7594, params={'timeperiod': 5, 'fastk_period': 7, 'fastd_period': 1, 'entry_constant': 10.99345106097235, 'exit_constant': 75.77495698676039}
2026-01-20 16:19:11,331 - crypto_analysis.vectorbt_optimizer.optimizer - INFO - Optimizing CCI: 592826 combinations
2026-01-20 16:19:11,332 - crypto_analysis.vectorbt_optimizer.optimizer - INFO - Using tpe sampler with 1000 trials
2026-01-20 16:19:14,926 - crypto_analysis.vectorbt_optimizer.parallel_runner - INFO - XLM/STOCHRSI: score=-0.5904, params={'timeperiod': 17, 'fastk_period': 9, 'fastd_period': 5, 'entry_constant': 16.35810211960605, 'exit_constant': 89.99055807932183}
2026-01-20 16:19:14,931 - crypto_analysis.vectorbt_optimizer.optimizer - INFO - Optimizing CCI: 592826 combinations
2026-01-20 16:19:14,932 - crypto_analysis.vectorbt_optimizer.optimizer - INFO - Using tpe sampler with 1000 trials
2026-01-20 16:19:18,785 - crypto_analysis.vectorbt_optimizer.parallel_runner - INFO - VET/STOCHRSI: score=-0.6550, params={'timeperiod': 5, 'fastk_period': 10, 'fastd_period': 2, 'entry_constant': 14.658527629035033, 'exit_constant': 88.00839661364115}
2026-01-20 16:19:18,789 - crypto_analysis.vectorbt_optimizer.optimizer - INFO - Optimizing CCI: 592826 combinations
2026-01-20 16:19:18,790 - crypto_analysis.vectorbt_optimizer.optimizer - INFO - Using tpe sampler with 1000 trials
2026-01-20 16:19:19,270 - crypto_analysis.vectorbt_optimizer.parallel_runner - INFO - DOGE/STOCHRSI: score=-0.5829, params={'timeperiod': 9, 'fastk_period': 8, 'fastd_period': 4, 'entry_constant': 10.036575977031623, 'exit_constant': 87.554912883784}
2026-01-20 16:19:19,273 - crypto_analysis.vectorbt_optimizer.optimizer - INFO - Optimizing CCI: 592826 combinations
2026-01-20 16:19:19,274 - crypto_analysis.vectorbt_optimizer.optimizer - INFO - Using tpe sampler with 1000 trials
2026-01-20 16:19:20,903 - crypto_analysis.vectorbt_optimizer.parallel_runner - INFO - ALGO/STOCHRSI: score=-0.4351, params={'timeperiod': 8, 'fastk_period': 8, 'fastd_period': 4, 'entry_constant': 10.914966034729744, 'exit_constant': 89.55025413185804}
2026-01-20 16:19:20,906 - crypto_analysis.vectorbt_optimizer.optimizer - INFO - Optimizing CCI: 592826 combinations
2026-01-20 16:19:20,907 - crypto_analysis.vectorbt_optimizer.optimizer - INFO - Using tpe sampler with 1000 trials
2026-01-20 16:19:51,904 - crypto_analysis.vectorbt_optimizer.parallel_runner - INFO - NEAR/CCI: score=0.2286, params={'timeperiod': 28, 'entry_constant': -199.909425941299, 'exit_constant': 58.26208463936328}
2026-01-20 16:19:51,908 - crypto_analysis.vectorbt_optimizer.optimizer - INFO - Optimizing MFI: 11466 combinations
2026-01-20 16:19:51,908 - crypto_analysis.vectorbt_optimizer.optimizer - INFO - Using tpe sampler with 1000 trials
2026-01-20 16:19:52,152 - crypto_analysis.vectorbt_optimizer.parallel_runner - INFO - ARB/CCI: score=0.0000, params={'timeperiod': 5, 'entry_constant': -196.43381662846508, 'exit_constant': 198.8776563629084}
2026-01-20 16:19:52,155 - crypto_analysis.vectorbt_optimizer.optimizer - INFO - Optimizing MFI: 11466 combinations
2026-01-20 16:19:52,155 - crypto_analysis.vectorbt_optimizer.optimizer - INFO - Using tpe sampler with 1000 trials
2026-01-20 16:19:52,914 - crypto_analysis.vectorbt_optimizer.parallel_runner - INFO - LTC/CCI: score=0.5947, params={'timeperiod': 21, 'entry_constant': -145.31313218058162, 'exit_constant': 167.946348340674}
2026-01-20 16:19:52,918 - crypto_analysis.vectorbt_optimizer.optimizer - INFO - Optimizing MFI: 11466 combinations
2026-01-20 16:19:52,919 - crypto_analysis.vectorbt_optimizer.optimizer - INFO - Using tpe sampler with 1000 trials
2026-01-20 16:19:54,864 - crypto_analysis.vectorbt_optimizer.parallel_runner - INFO - OP/CCI: score=0.2634, params={'timeperiod': 28, 'entry_constant': -195.98577164661472, 'exit_constant': 50.41917289524998}
2026-01-20 16:19:54,868 - crypto_analysis.vectorbt_optimizer.optimizer - INFO - Optimizing MFI: 11466 combinations
2026-01-20 16:19:54,869 - crypto_analysis.vectorbt_optimizer.optimizer - INFO - Using tpe sampler with 1000 trials
2026-01-20 16:19:56,758 - crypto_analysis.vectorbt_optimizer.parallel_runner - INFO - TRX/CCI: score=0.2180, params={'timeperiod': 5, 'entry_constant': -161.06788942859737, 'exit_constant': 168.62821065420488}
2026-01-20 16:19:56,762 - crypto_analysis.vectorbt_optimizer.optimizer - INFO - Optimizing MFI: 11466 combinations
2026-01-20 16:19:56,763 - crypto_analysis.vectorbt_optimizer.optimizer - INFO - Using tpe sampler with 1000 trials
2026-01-20 16:20:00,232 - crypto_analysis.vectorbt_optimizer.parallel_runner - INFO - LRC/CCI: score=0.8389, params={'timeperiod': 29, 'entry_constant': -186.91483192343304, 'exit_constant': 179.25344710416147}
2026-01-20 16:20:00,236 - crypto_analysis.vectorbt_optimizer.optimizer - INFO - Optimizing MFI: 11466 combinations
2026-01-20 16:20:00,236 - crypto_analysis.vectorbt_optimizer.optimizer - INFO - Using tpe sampler with 1000 trials
2026-01-20 16:20:04,318 - crypto_analysis.vectorbt_optimizer.parallel_runner - INFO - XLM/CCI: score=0.6520, params={'timeperiod': 26, 'entry_constant': -197.3279752479379, 'exit_constant': 80.37176657931003}
2026-01-20 16:20:04,322 - crypto_analysis.vectorbt_optimizer.optimizer - INFO - Optimizing MFI: 11466 combinations
2026-01-20 16:20:04,323 - crypto_analysis.vectorbt_optimizer.optimizer - INFO - Using tpe sampler with 1000 trials
2026-01-20 16:20:06,789 - crypto_analysis.vectorbt_optimizer.parallel_runner - INFO - VET/CCI: score=0.0000, params={'timeperiod': 5, 'entry_constant': -197.91091631679717, 'exit_constant': 198.69501338162922}
2026-01-20 16:20:06,792 - crypto_analysis.vectorbt_optimizer.optimizer - INFO - Optimizing MFI: 11466 combinations
2026-01-20 16:20:06,793 - crypto_analysis.vectorbt_optimizer.optimizer - INFO - Using tpe sampler with 1000 trials
2026-01-20 16:20:07,028 - crypto_analysis.vectorbt_optimizer.parallel_runner - INFO - DOGE/CCI: score=0.0978, params={'timeperiod': 6, 'entry_constant': -168.74371224895813, 'exit_constant': 142.61316571403805}
2026-01-20 16:20:07,031 - crypto_analysis.vectorbt_optimizer.optimizer - INFO - Optimizing MFI: 11466 combinations
2026-01-20 16:20:07,032 - crypto_analysis.vectorbt_optimizer.optimizer - INFO - Using tpe sampler with 1000 trials
2026-01-20 16:20:08,920 - crypto_analysis.vectorbt_optimizer.parallel_runner - INFO - ALGO/CCI: score=1.5204, params={'timeperiod': 6, 'entry_constant': -175.5657033141685, 'exit_constant': 152.53314175105763}
2026-01-20 16:20:08,923 - crypto_analysis.vectorbt_optimizer.optimizer - INFO - Optimizing MFI: 11466 combinations
2026-01-20 16:20:08,924 - crypto_analysis.vectorbt_optimizer.optimizer - INFO - Using tpe sampler with 1000 trials
2026-01-20 16:20:39,274 - crypto_analysis.vectorbt_optimizer.parallel_runner - INFO - NEAR/MFI: score=0.8755, params={'timeperiod': 27, 'entry_constant': 15.235176320416139, 'exit_constant': 81.10216200608262}
2026-01-20 16:20:39,277 - crypto_analysis.vectorbt_optimizer.optimizer - INFO - Optimizing WILLR: 11466 combinations
2026-01-20 16:20:39,278 - crypto_analysis.vectorbt_optimizer.optimizer - INFO - Using tpe sampler with 1000 trials
2026-01-20 16:20:39,344 - crypto_analysis.vectorbt_optimizer.parallel_runner - INFO - ARB/MFI: score=0.7403, params={'timeperiod': 23, 'entry_constant': 12.61002996233005, 'exit_constant': 78.77565167859781}
2026-01-20 16:20:39,347 - crypto_analysis.vectorbt_optimizer.optimizer - INFO - Optimizing WILLR: 11466 combinations
2026-01-20 16:20:39,348 - crypto_analysis.vectorbt_optimizer.optimizer - INFO - Using tpe sampler with 1000 trials
2026-01-20 16:20:41,626 - crypto_analysis.vectorbt_optimizer.parallel_runner - INFO - LTC/MFI: score=1.0313, params={'timeperiod': 27, 'entry_constant': 26.238328662566232, 'exit_constant': 76.33717685350828}
2026-01-20 16:20:41,629 - crypto_analysis.vectorbt_optimizer.optimizer - INFO - Optimizing WILLR: 11466 combinations
2026-01-20 16:20:41,630 - crypto_analysis.vectorbt_optimizer.optimizer - INFO - Using tpe sampler with 1000 trials
2026-01-20 16:20:42,376 - crypto_analysis.vectorbt_optimizer.parallel_runner - INFO - OP/MFI: score=0.6140, params={'timeperiod': 29, 'entry_constant': 25.213130445554288, 'exit_constant': 70.920316789708}
2026-01-20 16:20:42,379 - crypto_analysis.vectorbt_optimizer.optimizer - INFO - Optimizing WILLR: 11466 combinations
2026-01-20 16:20:42,380 - crypto_analysis.vectorbt_optimizer.optimizer - INFO - Using tpe sampler with 1000 trials
2026-01-20 16:20:44,135 - crypto_analysis.vectorbt_optimizer.parallel_runner - INFO - TRX/MFI: score=0.7713, params={'timeperiod': 26, 'entry_constant': 16.17045133790542, 'exit_constant': 83.07810691095436}
2026-01-20 16:20:44,138 - crypto_analysis.vectorbt_optimizer.optimizer - INFO - Optimizing WILLR: 11466 combinations
2026-01-20 16:20:44,139 - crypto_analysis.vectorbt_optimizer.optimizer - INFO - Using tpe sampler with 1000 trials
2026-01-20 16:20:48,646 - crypto_analysis.vectorbt_optimizer.parallel_runner - INFO - LRC/MFI: score=2.9410, params={'timeperiod': 21, 'entry_constant': 24.249188238358435, 'exit_constant': 73.00172245578362}
2026-01-20 16:20:48,649 - crypto_analysis.vectorbt_optimizer.optimizer - INFO - Optimizing WILLR: 11466 combinations
2026-01-20 16:20:48,650 - crypto_analysis.vectorbt_optimizer.optimizer - INFO - Using tpe sampler with 1000 trials
2026-01-20 16:20:52,448 - crypto_analysis.vectorbt_optimizer.parallel_runner - INFO - XLM/MFI: score=3.1126, params={'timeperiod': 18, 'entry_constant': 13.858436956693616, 'exit_constant': 84.20450214674065}
2026-01-20 16:20:52,451 - crypto_analysis.vectorbt_optimizer.optimizer - INFO - Optimizing WILLR: 11466 combinations
2026-01-20 16:20:52,452 - crypto_analysis.vectorbt_optimizer.optimizer - INFO - Using tpe sampler with 1000 trials
2026-01-20 16:20:55,092 - crypto_analysis.vectorbt_optimizer.parallel_runner - INFO - VET/MFI: score=1.3836, params={'timeperiod': 30, 'entry_constant': 16.692436254020762, 'exit_constant': 78.85211173587808}
2026-01-20 16:20:55,095 - crypto_analysis.vectorbt_optimizer.optimizer - INFO - Optimizing WILLR: 11466 combinations
2026-01-20 16:20:55,096 - crypto_analysis.vectorbt_optimizer.optimizer - INFO - Using tpe sampler with 1000 trials
2026-01-20 16:20:55,634 - crypto_analysis.vectorbt_optimizer.parallel_runner - INFO - DOGE/MFI: score=0.5428, params={'timeperiod': 18, 'entry_constant': 10.012935680636463, 'exit_constant': 83.11659696943565}
2026-01-20 16:20:55,637 - crypto_analysis.vectorbt_optimizer.optimizer - INFO - Optimizing WILLR: 11466 combinations
2026-01-20 16:20:55,638 - crypto_analysis.vectorbt_optimizer.optimizer - INFO - Using tpe sampler with 1000 trials
2026-01-20 16:20:56,963 - crypto_analysis.vectorbt_optimizer.parallel_runner - INFO - ALGO/MFI: score=1.2607, params={'timeperiod': 18, 'entry_constant': 13.764079961687766, 'exit_constant': 71.90471916309296}
2026-01-20 16:20:56,967 - crypto_analysis.vectorbt_optimizer.optimizer - INFO - Optimizing WILLR: 11466 combinations
2026-01-20 16:20:56,968 - crypto_analysis.vectorbt_optimizer.optimizer - INFO - Using tpe sampler with 1000 trials
2026-01-20 16:21:26,852 - crypto_analysis.vectorbt_optimizer.parallel_runner - INFO - NEAR/WILLR: score=-0.0341, params={'timeperiod': 17, 'entry_constant': -88.73590506429434, 'exit_constant': -27.740854687996357}
2026-01-20 16:21:26,855 - crypto_analysis.vectorbt_optimizer.optimizer - INFO - Optimizing CMO: 43706 combinations
2026-01-20 16:21:26,856 - crypto_analysis.vectorbt_optimizer.optimizer - INFO - Using tpe sampler with 1000 trials
2026-01-20 16:21:27,532 - crypto_analysis.vectorbt_optimizer.parallel_runner - INFO - ARB/WILLR: score=-0.5467, params={'timeperiod': 23, 'entry_constant': -89.99702234809783, 'exit_constant': -19.6855136641127}
2026-01-20 16:21:27,535 - crypto_analysis.vectorbt_optimizer.optimizer - INFO - Optimizing CMO: 43706 combinations
2026-01-20 16:21:27,536 - crypto_analysis.vectorbt_optimizer.optimizer - INFO - Using tpe sampler with 1000 trials
2026-01-20 16:21:29,776 - crypto_analysis.vectorbt_optimizer.parallel_runner - INFO - OP/WILLR: score=-0.5057, params={'timeperiod': 29, 'entry_constant': -89.99135857689032, 'exit_constant': -24.98773115023863}
2026-01-20 16:21:29,779 - crypto_analysis.vectorbt_optimizer.optimizer - INFO - Optimizing CMO: 43706 combinations
2026-01-20 16:21:29,780 - crypto_analysis.vectorbt_optimizer.optimizer - INFO - Using tpe sampler with 1000 trials
2026-01-20 16:21:30,658 - crypto_analysis.vectorbt_optimizer.parallel_runner - INFO - LTC/WILLR: score=0.8307, params={'timeperiod': 25, 'entry_constant': -82.43749835819293, 'exit_constant': -10.998601603558669}
2026-01-20 16:21:30,663 - crypto_analysis.vectorbt_optimizer.optimizer - INFO - Optimizing CMO: 43706 combinations
2026-01-20 16:21:30,664 - crypto_analysis.vectorbt_optimizer.optimizer - INFO - Using tpe sampler with 1000 trials
2026-01-20 16:21:31,721 - crypto_analysis.vectorbt_optimizer.parallel_runner - INFO - TRX/WILLR: score=0.1575, params={'timeperiod': 27, 'entry_constant': -87.7456465393419, 'exit_constant': -13.776070386122163}
2026-01-20 16:21:31,724 - crypto_analysis.vectorbt_optimizer.optimizer - INFO - Optimizing CMO: 43706 combinations
2026-01-20 16:21:31,724 - crypto_analysis.vectorbt_optimizer.optimizer - INFO - Using tpe sampler with 1000 trials
2026-01-20 16:21:36,928 - crypto_analysis.vectorbt_optimizer.parallel_runner - INFO - LRC/WILLR: score=1.1251, params={'timeperiod': 25, 'entry_constant': -86.81193217894892, 'exit_constant': -16.995523263983884}
2026-01-20 16:21:36,932 - crypto_analysis.vectorbt_optimizer.optimizer - INFO - Optimizing CMO: 43706 combinations
2026-01-20 16:21:36,933 - crypto_analysis.vectorbt_optimizer.optimizer - INFO - Using tpe sampler with 1000 trials
2026-01-20 16:21:40,768 - crypto_analysis.vectorbt_optimizer.parallel_runner - INFO - XLM/WILLR: score=-0.1774, params={'timeperiod': 12, 'entry_constant': -85.77774688895903, 'exit_constant': -23.570711479409344}
2026-01-20 16:21:40,772 - crypto_analysis.vectorbt_optimizer.optimizer - INFO - Optimizing CMO: 43706 combinations
2026-01-20 16:21:40,772 - crypto_analysis.vectorbt_optimizer.optimizer - INFO - Using tpe sampler with 1000 trials
2026-01-20 16:21:43,395 - crypto_analysis.vectorbt_optimizer.parallel_runner - INFO - DOGE/WILLR: score=-0.2244, params={'timeperiod': 28, 'entry_constant': -89.33737747028256, 'exit_constant': -27.90308602341482}
2026-01-20 16:21:43,398 - crypto_analysis.vectorbt_optimizer.optimizer - INFO - Optimizing CMO: 43706 combinations
2026-01-20 16:21:43,399 - crypto_analysis.vectorbt_optimizer.optimizer - INFO - Using tpe sampler with 1000 trials
2026-01-20 16:21:43,407 - crypto_analysis.vectorbt_optimizer.parallel_runner - INFO - VET/WILLR: score=-0.1755, params={'timeperiod': 15, 'entry_constant': -88.65852958041194, 'exit_constant': -26.17781820536123}
2026-01-20 16:21:43,409 - crypto_analysis.vectorbt_optimizer.optimizer - INFO - Optimizing CMO: 43706 combinations
2026-01-20 16:21:43,410 - crypto_analysis.vectorbt_optimizer.optimizer - INFO - Using tpe sampler with 1000 trials
2026-01-20 16:21:45,577 - crypto_analysis.vectorbt_optimizer.parallel_runner - INFO - ALGO/WILLR: score=-0.2202, params={'timeperiod': 16, 'entry_constant': -84.38673036602378, 'exit_constant': -23.027220445275802}
2026-01-20 16:21:45,581 - crypto_analysis.vectorbt_optimizer.optimizer - INFO - Optimizing CMO: 43706 combinations
2026-01-20 16:21:45,582 - crypto_analysis.vectorbt_optimizer.optimizer - INFO - Using tpe sampler with 1000 trials
2026-01-20 16:22:14,661 - crypto_analysis.vectorbt_optimizer.parallel_runner - INFO - ARB/CMO: score=0.9236, params={'timeperiod': 20, 'entry_constant': -55.39172535575017, 'exit_constant': 37.36914883756193}
2026-01-20 16:22:14,663 - crypto_analysis.vectorbt_optimizer.optimizer - INFO - Optimizing ADX: 5082 combinations
2026-01-20 16:22:14,664 - crypto_analysis.vectorbt_optimizer.optimizer - INFO - Using tpe sampler with 1000 trials
2026-01-20 16:22:14,962 - crypto_analysis.vectorbt_optimizer.parallel_runner - INFO - NEAR/CMO: score=0.8791, params={'timeperiod': 14, 'entry_constant': -69.3906931838788, 'exit_constant': 60.48588447774664}
2026-01-20 16:22:14,965 - crypto_analysis.vectorbt_optimizer.optimizer - INFO - Optimizing ADX: 5082 combinations
2026-01-20 16:22:14,966 - crypto_analysis.vectorbt_optimizer.optimizer - INFO - Using tpe sampler with 1000 trials
2026-01-20 16:22:16,538 - crypto_analysis.vectorbt_optimizer.parallel_runner - INFO - OP/CMO: score=0.6240, params={'timeperiod': 26, 'entry_constant': -62.33812377529248, 'exit_constant': 34.53287436308553}
2026-01-20 16:22:16,541 - crypto_analysis.vectorbt_optimizer.optimizer - INFO - Optimizing ADX: 5082 combinations
2026-01-20 16:22:16,542 - crypto_analysis.vectorbt_optimizer.optimizer - INFO - Using tpe sampler with 1000 trials
2026-01-20 16:22:18,568 - crypto_analysis.vectorbt_optimizer.parallel_runner - INFO - TRX/CMO: score=0.6872, params={'timeperiod': 12, 'entry_constant': -41.574989082198115, 'exit_constant': 63.298295351352735}
2026-01-20 16:22:18,570 - crypto_analysis.vectorbt_optimizer.optimizer - INFO - Optimizing ADX: 5082 combinations
2026-01-20 16:22:18,571 - crypto_analysis.vectorbt_optimizer.optimizer - INFO - Using tpe sampler with 1000 trials
2026-01-20 16:22:19,743 - crypto_analysis.vectorbt_optimizer.parallel_runner - INFO - LTC/CMO: score=1.9326, params={'timeperiod': 16, 'entry_constant': -61.7330675854614, 'exit_constant': 56.47780398832022}
2026-01-20 16:22:19,746 - crypto_analysis.vectorbt_optimizer.optimizer - INFO - Optimizing ADX: 5082 combinations
2026-01-20 16:22:19,747 - crypto_analysis.vectorbt_optimizer.optimizer - INFO - Using tpe sampler with 1000 trials
2026-01-20 16:22:24,967 - crypto_analysis.vectorbt_optimizer.parallel_runner - INFO - LRC/CMO: score=2.8644, params={'timeperiod': 8, 'entry_constant': -45.386759555541396, 'exit_constant': 47.92208754648945}
2026-01-20 16:22:24,970 - crypto_analysis.vectorbt_optimizer.optimizer - INFO - Optimizing ADX: 5082 combinations
2026-01-20 16:22:24,971 - crypto_analysis.vectorbt_optimizer.optimizer - INFO - Using tpe sampler with 1000 trials
2026-01-20 16:22:28,564 - crypto_analysis.vectorbt_optimizer.parallel_runner - INFO - XLM/CMO: score=1.4175, params={'timeperiod': 24, 'entry_constant': -54.068047970965075, 'exit_constant': 44.50815151940681}
2026-01-20 16:22:28,566 - crypto_analysis.vectorbt_optimizer.optimizer - INFO - Optimizing ADX: 5082 combinations
2026-01-20 16:22:28,567 - crypto_analysis.vectorbt_optimizer.optimizer - INFO - Using tpe sampler with 1000 trials
2026-01-20 16:22:31,095 - crypto_analysis.vectorbt_optimizer.parallel_runner - INFO - DOGE/CMO: score=1.3533, params={'timeperiod': 30, 'entry_constant': -51.55375567885312, 'exit_constant': 33.4481945195453}
2026-01-20 16:22:31,099 - crypto_analysis.vectorbt_optimizer.optimizer - INFO - Optimizing ADX: 5082 combinations
2026-01-20 16:22:31,100 - crypto_analysis.vectorbt_optimizer.optimizer - INFO - Using tpe sampler with 1000 trials
2026-01-20 16:22:31,167 - crypto_analysis.vectorbt_optimizer.parallel_runner - INFO - VET/CMO: score=1.1098, params={'timeperiod': 17, 'entry_constant': -56.77035719665412, 'exit_constant': 33.558871665434964}
2026-01-20 16:22:31,170 - crypto_analysis.vectorbt_optimizer.optimizer - INFO - Optimizing ADX: 5082 combinations
2026-01-20 16:22:31,171 - crypto_analysis.vectorbt_optimizer.optimizer - INFO - Using tpe sampler with 1000 trials
2026-01-20 16:22:33,196 - crypto_analysis.vectorbt_optimizer.parallel_runner - INFO - ALGO/CMO: score=1.1771, params={'timeperiod': 29, 'entry_constant': -45.95729420975228, 'exit_constant': 46.311105824342526}
2026-01-20 16:22:33,198 - crypto_analysis.vectorbt_optimizer.optimizer - INFO - Optimizing ADX: 5082 combinations
2026-01-20 16:22:33,199 - crypto_analysis.vectorbt_optimizer.optimizer - INFO - Using tpe sampler with 1000 trials
2026-01-20 16:23:02,454 - crypto_analysis.vectorbt_optimizer.parallel_runner - INFO - NEAR/ADX: score=1.8615, params={'timeperiod': 28, 'entry_constant': 24.569167800849154, 'exit_constant': 24.432937918565294}
2026-01-20 16:23:02,457 - crypto_analysis.vectorbt_optimizer.optimizer - INFO - Optimizing MOM: 26 combinations
2026-01-20 16:23:02,457 - crypto_analysis.vectorbt_optimizer.optimizer - INFO - Using grid sampler with 26 trials
2026-01-20 16:23:02,654 - crypto_analysis.vectorbt_optimizer.parallel_runner - INFO - ARB/ADX: score=1.2011, params={'timeperiod': 28, 'entry_constant': 28.670795193371006, 'exit_constant': 24.48719278200437}
2026-01-20 16:23:02,657 - crypto_analysis.vectorbt_optimizer.optimizer - INFO - Optimizing MOM: 26 combinations
2026-01-20 16:23:02,658 - crypto_analysis.vectorbt_optimizer.optimizer - INFO - Using grid sampler with 26 trials
2026-01-20 16:23:03,481 - crypto_analysis.vectorbt_optimizer.parallel_runner - INFO - NEAR/MOM: score=-0.4837, params={'timeperiod': 8}
2026-01-20 16:23:03,495 - crypto_analysis.vectorbt_optimizer.optimizer - INFO - Optimizing ROC: 26 combinations
2026-01-20 16:23:03,496 - crypto_analysis.vectorbt_optimizer.optimizer - INFO - Using grid sampler with 26 trials
2026-01-20 16:23:03,680 - crypto_analysis.vectorbt_optimizer.parallel_runner - INFO - ARB/MOM: score=-0.4651, params={'timeperiod': 8}
2026-01-20 16:23:03,694 - crypto_analysis.vectorbt_optimizer.optimizer - INFO - Optimizing ROC: 26 combinations
2026-01-20 16:23:03,695 - crypto_analysis.vectorbt_optimizer.optimizer - INFO - Using grid sampler with 26 trials
2026-01-20 16:23:04,263 - crypto_analysis.vectorbt_optimizer.parallel_runner - INFO - OP/ADX: score=1.7433, params={'timeperiod': 27, 'entry_constant': 36.01885202225285, 'exit_constant': 23.629266487341805}
2026-01-20 16:23:04,266 - crypto_analysis.vectorbt_optimizer.optimizer - INFO - Optimizing MOM: 26 combinations
2026-01-20 16:23:04,266 - crypto_analysis.vectorbt_optimizer.optimizer - INFO - Using grid sampler with 26 trials
2026-01-20 16:23:04,527 - crypto_analysis.vectorbt_optimizer.parallel_runner - INFO - NEAR/ROC: score=-0.4837, params={'timeperiod': 8}
2026-01-20 16:23:04,540 - crypto_analysis.vectorbt_optimizer.optimizer - INFO - Optimizing TRIX: 26 combinations
2026-01-20 16:23:04,540 - crypto_analysis.vectorbt_optimizer.optimizer - INFO - Using grid sampler with 26 trials
2026-01-20 16:23:04,741 - crypto_analysis.vectorbt_optimizer.parallel_runner - INFO - ARB/ROC: score=-0.4651, params={'timeperiod': 8}
2026-01-20 16:23:04,755 - crypto_analysis.vectorbt_optimizer.optimizer - INFO - Optimizing TRIX: 26 combinations
2026-01-20 16:23:04,756 - crypto_analysis.vectorbt_optimizer.optimizer - INFO - Using grid sampler with 26 trials
2026-01-20 16:23:05,270 - crypto_analysis.vectorbt_optimizer.parallel_runner - INFO - OP/MOM: score=-0.5283, params={'timeperiod': 18}
2026-01-20 16:23:05,283 - crypto_analysis.vectorbt_optimizer.optimizer - INFO - Optimizing ROC: 26 combinations
2026-01-20 16:23:05,283 - crypto_analysis.vectorbt_optimizer.optimizer - INFO - Using grid sampler with 26 trials
2026-01-20 16:23:05,565 - crypto_analysis.vectorbt_optimizer.parallel_runner - INFO - NEAR/TRIX: score=-0.4991, params={'timeperiod': 11}
2026-01-20 16:23:05,581 - crypto_analysis.vectorbt_optimizer.optimizer - INFO - Optimizing ULTOSC: 5006232 combinations
2026-01-20 16:23:05,582 - crypto_analysis.vectorbt_optimizer.optimizer - INFO - Using tpe sampler with 1000 trials
2026-01-20 16:23:05,755 - crypto_analysis.vectorbt_optimizer.parallel_runner - INFO - ARB/TRIX: score=-0.3191, params={'timeperiod': 15}
2026-01-20 16:23:05,766 - crypto_analysis.vectorbt_optimizer.optimizer - INFO - Optimizing ULTOSC: 5006232 combinations
2026-01-20 16:23:05,767 - crypto_analysis.vectorbt_optimizer.optimizer - INFO - Using tpe sampler with 1000 trials
2026-01-20 16:23:06,313 - crypto_analysis.vectorbt_optimizer.parallel_runner - INFO - OP/ROC: score=-0.5283, params={'timeperiod': 18}
2026-01-20 16:23:06,328 - crypto_analysis.vectorbt_optimizer.optimizer - INFO - Optimizing TRIX: 26 combinations
2026-01-20 16:23:06,328 - crypto_analysis.vectorbt_optimizer.optimizer - INFO - Using grid sampler with 26 trials
2026-01-20 16:23:06,488 - crypto_analysis.vectorbt_optimizer.parallel_runner - INFO - TRX/ADX: score=0.3471, params={'timeperiod': 8, 'entry_constant': 30.232401610197314, 'exit_constant': 18.7797732607282}
2026-01-20 16:23:06,490 - crypto_analysis.vectorbt_optimizer.optimizer - INFO - Optimizing MOM: 26 combinations
2026-01-20 16:23:06,491 - crypto_analysis.vectorbt_optimizer.optimizer - INFO - Using grid sampler with 26 trials
2026-01-20 16:23:07,316 - crypto_analysis.vectorbt_optimizer.parallel_runner - INFO - OP/TRIX: score=-0.4288, params={'timeperiod': 5}
2026-01-20 16:23:07,329 - crypto_analysis.vectorbt_optimizer.optimizer - INFO - Optimizing ULTOSC: 5006232 combinations
2026-01-20 16:23:07,330 - crypto_analysis.vectorbt_optimizer.optimizer - INFO - Using tpe sampler with 1000 trials
2026-01-20 16:23:07,483 - crypto_analysis.vectorbt_optimizer.parallel_runner - INFO - TRX/MOM: score=-0.2599, params={'timeperiod': 20}
2026-01-20 16:23:07,497 - crypto_analysis.vectorbt_optimizer.optimizer - INFO - Optimizing ROC: 26 combinations
2026-01-20 16:23:07,498 - crypto_analysis.vectorbt_optimizer.optimizer - INFO - Using grid sampler with 26 trials
2026-01-20 16:23:08,586 - crypto_analysis.vectorbt_optimizer.parallel_runner - INFO - TRX/ROC: score=-0.2599, params={'timeperiod': 20}
2026-01-20 16:23:08,600 - crypto_analysis.vectorbt_optimizer.optimizer - INFO - Optimizing TRIX: 26 combinations
2026-01-20 16:23:08,600 - crypto_analysis.vectorbt_optimizer.optimizer - INFO - Using grid sampler with 26 trials
2026-01-20 16:23:08,889 - crypto_analysis.vectorbt_optimizer.parallel_runner - INFO - LTC/ADX: score=0.5456, params={'timeperiod': 19, 'entry_constant': 36.88253611245745, 'exit_constant': 24.787184504525147}
2026-01-20 16:23:08,893 - crypto_analysis.vectorbt_optimizer.optimizer - INFO - Optimizing MOM: 26 combinations
2026-01-20 16:23:08,893 - crypto_analysis.vectorbt_optimizer.optimizer - INFO - Using grid sampler with 26 trials
2026-01-20 16:23:09,610 - crypto_analysis.vectorbt_optimizer.parallel_runner - INFO - TRX/TRIX: score=-0.0102, params={'timeperiod': 21}
2026-01-20 16:23:09,622 - crypto_analysis.vectorbt_optimizer.optimizer - INFO - Optimizing ULTOSC: 5006232 combinations
2026-01-20 16:23:09,623 - crypto_analysis.vectorbt_optimizer.optimizer - INFO - Using tpe sampler with 1000 trials
2026-01-20 16:23:09,901 - crypto_analysis.vectorbt_optimizer.parallel_runner - INFO - LTC/MOM: score=-0.6124, params={'timeperiod': 18}
2026-01-20 16:23:09,914 - crypto_analysis.vectorbt_optimizer.optimizer - INFO - Optimizing ROC: 26 combinations
2026-01-20 16:23:09,915 - crypto_analysis.vectorbt_optimizer.optimizer - INFO - Using grid sampler with 26 trials
2026-01-20 16:23:11,014 - crypto_analysis.vectorbt_optimizer.parallel_runner - INFO - LTC/ROC: score=-0.6124, params={'timeperiod': 18}
2026-01-20 16:23:11,026 - crypto_analysis.vectorbt_optimizer.optimizer - INFO - Optimizing TRIX: 26 combinations
2026-01-20 16:23:11,027 - crypto_analysis.vectorbt_optimizer.optimizer - INFO - Using grid sampler with 26 trials
2026-01-20 16:23:12,108 - crypto_analysis.vectorbt_optimizer.parallel_runner - INFO - LTC/TRIX: score=-0.3540, params={'timeperiod': 30}
2026-01-20 16:23:12,120 - crypto_analysis.vectorbt_optimizer.optimizer - INFO - Optimizing ULTOSC: 5006232 combinations
2026-01-20 16:23:12,120 - crypto_analysis.vectorbt_optimizer.optimizer - INFO - Using tpe sampler with 1000 trials
2026-01-20 16:23:12,934 - crypto_analysis.vectorbt_optimizer.parallel_runner - INFO - LRC/ADX: score=0.7344, params={'timeperiod': 24, 'entry_constant': 36.54983047477784, 'exit_constant': 20.219655064397692}
2026-01-20 16:23:12,938 - crypto_analysis.vectorbt_optimizer.optimizer - INFO - Optimizing MOM: 26 combinations
2026-01-20 16:23:12,938 - crypto_analysis.vectorbt_optimizer.optimizer - INFO - Using grid sampler with 26 trials
2026-01-20 16:23:14,018 - crypto_analysis.vectorbt_optimizer.parallel_runner - INFO - LRC/MOM: score=-0.7508, params={'timeperiod': 17}
2026-01-20 16:23:14,034 - crypto_analysis.vectorbt_optimizer.optimizer - INFO - Optimizing ROC: 26 combinations
2026-01-20 16:23:14,034 - crypto_analysis.vectorbt_optimizer.optimizer - INFO - Using grid sampler with 26 trials
2026-01-20 16:23:15,116 - crypto_analysis.vectorbt_optimizer.parallel_runner - INFO - LRC/ROC: score=-0.7508, params={'timeperiod': 17}
2026-01-20 16:23:15,130 - crypto_analysis.vectorbt_optimizer.optimizer - INFO - Optimizing TRIX: 26 combinations
2026-01-20 16:23:15,130 - crypto_analysis.vectorbt_optimizer.optimizer - INFO - Using grid sampler with 26 trials
2026-01-20 16:23:16,174 - crypto_analysis.vectorbt_optimizer.parallel_runner - INFO - LRC/TRIX: score=-0.7252, params={'timeperiod': 5}
2026-01-20 16:23:16,186 - crypto_analysis.vectorbt_optimizer.optimizer - INFO - Optimizing ULTOSC: 5006232 combinations
2026-01-20 16:23:16,187 - crypto_analysis.vectorbt_optimizer.optimizer - INFO - Using tpe sampler with 1000 trials
2026-01-20 16:23:16,499 - crypto_analysis.vectorbt_optimizer.parallel_runner - INFO - XLM/ADX: score=3.5810, params={'timeperiod': 26, 'entry_constant': 34.813565216398196, 'exit_constant': 19.00710131574412}
2026-01-20 16:23:16,502 - crypto_analysis.vectorbt_optimizer.optimizer - INFO - Optimizing MOM: 26 combinations
2026-01-20 16:23:16,503 - crypto_analysis.vectorbt_optimizer.optimizer - INFO - Using grid sampler with 26 trials
2026-01-20 16:23:17,556 - crypto_analysis.vectorbt_optimizer.parallel_runner - INFO - XLM/MOM: score=-0.5500, params={'timeperiod': 17}
2026-01-20 16:23:17,569 - crypto_analysis.vectorbt_optimizer.optimizer - INFO - Optimizing ROC: 26 combinations
2026-01-20 16:23:17,570 - crypto_analysis.vectorbt_optimizer.optimizer - INFO - Using grid sampler with 26 trials
2026-01-20 16:23:18,602 - crypto_analysis.vectorbt_optimizer.parallel_runner - INFO - XLM/ROC: score=-0.5500, params={'timeperiod': 17}
2026-01-20 16:23:18,616 - crypto_analysis.vectorbt_optimizer.optimizer - INFO - Optimizing TRIX: 26 combinations
2026-01-20 16:23:18,616 - crypto_analysis.vectorbt_optimizer.optimizer - INFO - Using grid sampler with 26 trials
2026-01-20 16:23:19,075 - crypto_analysis.vectorbt_optimizer.parallel_runner - INFO - VET/ADX: score=1.8290, params={'timeperiod': 28, 'entry_constant': 34.07765399874205, 'exit_constant': 24.993767129704267}
2026-01-20 16:23:19,078 - crypto_analysis.vectorbt_optimizer.optimizer - INFO - Optimizing MOM: 26 combinations
2026-01-20 16:23:19,078 - crypto_analysis.vectorbt_optimizer.optimizer - INFO - Using grid sampler with 26 trials
2026-01-20 16:23:19,681 - crypto_analysis.vectorbt_optimizer.parallel_runner - INFO - DOGE/ADX: score=2.7082, params={'timeperiod': 21, 'entry_constant': 29.187123599979046, 'exit_constant': 22.83339405211421}
2026-01-20 16:23:19,684 - crypto_analysis.vectorbt_optimizer.optimizer - INFO - Optimizing MOM: 26 combinations
2026-01-20 16:23:19,685 - crypto_analysis.vectorbt_optimizer.optimizer - INFO - Using grid sampler with 26 trials
2026-01-20 16:23:19,970 - crypto_analysis.vectorbt_optimizer.parallel_runner - INFO - XLM/TRIX: score=-0.0938, params={'timeperiod': 30}
2026-01-20 16:23:19,983 - crypto_analysis.vectorbt_optimizer.optimizer - INFO - Optimizing ULTOSC: 5006232 combinations
2026-01-20 16:23:19,984 - crypto_analysis.vectorbt_optimizer.optimizer - INFO - Using tpe sampler with 1000 trials
2026-01-20 16:23:20,083 - crypto_analysis.vectorbt_optimizer.parallel_runner - INFO - VET/MOM: score=-0.7590, params={'timeperiod': 18}
2026-01-20 16:23:20,097 - crypto_analysis.vectorbt_optimizer.optimizer - INFO - Optimizing ROC: 26 combinations
2026-01-20 16:23:20,098 - crypto_analysis.vectorbt_optimizer.optimizer - INFO - Using grid sampler with 26 trials
2026-01-20 16:23:20,672 - crypto_analysis.vectorbt_optimizer.parallel_runner - INFO - DOGE/MOM: score=-0.4033, params={'timeperiod': 20}
2026-01-20 16:23:20,684 - crypto_analysis.vectorbt_optimizer.optimizer - INFO - Optimizing ROC: 26 combinations
2026-01-20 16:23:20,685 - crypto_analysis.vectorbt_optimizer.optimizer - INFO - Using grid sampler with 26 trials
2026-01-20 16:23:21,039 - crypto_analysis.vectorbt_optimizer.parallel_runner - INFO - ALGO/ADX: score=2.3546, params={'timeperiod': 28, 'entry_constant': 31.024707194653132, 'exit_constant': 20.21994629938878}
2026-01-20 16:23:21,042 - crypto_analysis.vectorbt_optimizer.optimizer - INFO - Optimizing MOM: 26 combinations
2026-01-20 16:23:21,042 - crypto_analysis.vectorbt_optimizer.optimizer - INFO - Using grid sampler with 26 trials
2026-01-20 16:23:21,138 - crypto_analysis.vectorbt_optimizer.parallel_runner - INFO - VET/ROC: score=-0.7590, params={'timeperiod': 18}
2026-01-20 16:23:21,152 - crypto_analysis.vectorbt_optimizer.optimizer - INFO - Optimizing TRIX: 26 combinations
2026-01-20 16:23:21,152 - crypto_analysis.vectorbt_optimizer.optimizer - INFO - Using grid sampler with 26 trials
2026-01-20 16:23:21,703 - crypto_analysis.vectorbt_optimizer.parallel_runner - INFO - DOGE/ROC: score=-0.4033, params={'timeperiod': 20}
2026-01-20 16:23:21,717 - crypto_analysis.vectorbt_optimizer.optimizer - INFO - Optimizing TRIX: 26 combinations
2026-01-20 16:23:21,718 - crypto_analysis.vectorbt_optimizer.optimizer - INFO - Using grid sampler with 26 trials
2026-01-20 16:23:22,046 - crypto_analysis.vectorbt_optimizer.parallel_runner - INFO - ALGO/MOM: score=-0.7303, params={'timeperiod': 8}
2026-01-20 16:23:22,058 - crypto_analysis.vectorbt_optimizer.optimizer - INFO - Optimizing ROC: 26 combinations
2026-01-20 16:23:22,059 - crypto_analysis.vectorbt_optimizer.optimizer - INFO - Using grid sampler with 26 trials
2026-01-20 16:23:22,167 - crypto_analysis.vectorbt_optimizer.parallel_runner - INFO - VET/TRIX: score=-0.5338, params={'timeperiod': 28}
2026-01-20 16:23:22,182 - crypto_analysis.vectorbt_optimizer.optimizer - INFO - Optimizing ULTOSC: 5006232 combinations
2026-01-20 16:23:22,183 - crypto_analysis.vectorbt_optimizer.optimizer - INFO - Using tpe sampler with 1000 trials
2026-01-20 16:23:22,780 - crypto_analysis.vectorbt_optimizer.parallel_runner - INFO - DOGE/TRIX: score=0.0323, params={'timeperiod': 9}
2026-01-20 16:23:22,793 - crypto_analysis.vectorbt_optimizer.optimizer - INFO - Optimizing ULTOSC: 5006232 combinations
2026-01-20 16:23:22,794 - crypto_analysis.vectorbt_optimizer.optimizer - INFO - Using tpe sampler with 1000 trials
2026-01-20 16:23:23,075 - crypto_analysis.vectorbt_optimizer.parallel_runner - INFO - ALGO/ROC: score=-0.7303, params={'timeperiod': 8}
2026-01-20 16:23:23,090 - crypto_analysis.vectorbt_optimizer.optimizer - INFO - Optimizing TRIX: 26 combinations
2026-01-20 16:23:23,091 - crypto_analysis.vectorbt_optimizer.optimizer - INFO - Using grid sampler with 26 trials
2026-01-20 16:23:24,152 - crypto_analysis.vectorbt_optimizer.parallel_runner - INFO - ALGO/TRIX: score=-0.4385, params={'timeperiod': 13}
2026-01-20 16:23:24,167 - crypto_analysis.vectorbt_optimizer.optimizer - INFO - Optimizing ULTOSC: 5006232 combinations
2026-01-20 16:23:24,168 - crypto_analysis.vectorbt_optimizer.optimizer - INFO - Using tpe sampler with 1000 trials
2026-01-20 16:24:11,954 - crypto_analysis.vectorbt_optimizer.parallel_runner - INFO - NEAR/ULTOSC: score=0.5452, params={'timeperiod1': 14, 'timeperiod2': 18, 'timeperiod3': 15, 'entry_constant': 26.57746622118129, 'exit_constant': 64.94908742061577}
2026-01-20 16:24:11,957 - crypto_analysis.vectorbt_optimizer.optimizer - INFO - Optimizing APO: 416 combinations
2026-01-20 16:24:11,958 - crypto_analysis.vectorbt_optimizer.optimizer - INFO - Using grid sampler with 416 trials
2026-01-20 16:24:12,377 - crypto_analysis.vectorbt_optimizer.parallel_runner - INFO - ARB/ULTOSC: score=0.5625, params={'timeperiod1': 14, 'timeperiod2': 15, 'timeperiod3': 49, 'entry_constant': 28.865994301308394, 'exit_constant': 65.80025580555959}
2026-01-20 16:24:12,380 - crypto_analysis.vectorbt_optimizer.optimizer - INFO - Optimizing APO: 416 combinations
2026-01-20 16:24:12,381 - crypto_analysis.vectorbt_optimizer.optimizer - INFO - Using grid sampler with 416 trials
2026-01-20 16:24:14,172 - crypto_analysis.vectorbt_optimizer.parallel_runner - INFO - OP/ULTOSC: score=0.5547, params={'timeperiod1': 3, 'timeperiod2': 18, 'timeperiod3': 19, 'entry_constant': 22.70442356456693, 'exit_constant': 64.50939230882771}
2026-01-20 16:24:14,175 - crypto_analysis.vectorbt_optimizer.optimizer - INFO - Optimizing APO: 416 combinations
2026-01-20 16:24:14,176 - crypto_analysis.vectorbt_optimizer.optimizer - INFO - Using grid sampler with 416 trials
2026-01-20 16:24:16,829 - crypto_analysis.vectorbt_optimizer.parallel_runner - INFO - TRX/ULTOSC: score=0.5585, params={'timeperiod1': 14, 'timeperiod2': 16, 'timeperiod3': 20, 'entry_constant': 22.646203804509728, 'exit_constant': 69.79893812828651}
2026-01-20 16:24:16,833 - crypto_analysis.vectorbt_optimizer.optimizer - INFO - Optimizing APO: 416 combinations
2026-01-20 16:24:16,833 - crypto_analysis.vectorbt_optimizer.optimizer - INFO - Using grid sampler with 416 trials
2026-01-20 16:24:20,842 - crypto_analysis.vectorbt_optimizer.parallel_runner - INFO - LTC/ULTOSC: score=0.8899, params={'timeperiod1': 3, 'timeperiod2': 24, 'timeperiod3': 34, 'entry_constant': 24.128705887532494, 'exit_constant': 73.76205050946068}
2026-01-20 16:24:20,845 - crypto_analysis.vectorbt_optimizer.optimizer - INFO - Optimizing APO: 416 combinations
2026-01-20 16:24:20,845 - crypto_analysis.vectorbt_optimizer.optimizer - INFO - Using grid sampler with 416 trials
2026-01-20 16:24:24,594 - crypto_analysis.vectorbt_optimizer.parallel_runner - INFO - LRC/ULTOSC: score=0.9132, params={'timeperiod1': 12, 'timeperiod2': 12, 'timeperiod3': 54, 'entry_constant': 21.343323730767253, 'exit_constant': 73.92873912027113}
2026-01-20 16:24:24,598 - crypto_analysis.vectorbt_optimizer.optimizer - INFO - Optimizing APO: 416 combinations
2026-01-20 16:24:24,598 - crypto_analysis.vectorbt_optimizer.optimizer - INFO - Using grid sampler with 416 trials
2026-01-20 16:24:27,800 - crypto_analysis.vectorbt_optimizer.parallel_runner - INFO - XLM/ULTOSC: score=1.1112, params={'timeperiod1': 4, 'timeperiod2': 24, 'timeperiod3': 24, 'entry_constant': 29.236675053211997, 'exit_constant': 62.250695197881306}
2026-01-20 16:24:27,803 - crypto_analysis.vectorbt_optimizer.optimizer - INFO - Optimizing APO: 416 combinations
2026-01-20 16:24:27,803 - crypto_analysis.vectorbt_optimizer.optimizer - INFO - Using grid sampler with 416 trials
2026-01-20 16:24:29,895 - crypto_analysis.vectorbt_optimizer.parallel_runner - INFO - DOGE/ULTOSC: score=0.4858, params={'timeperiod1': 4, 'timeperiod2': 24, 'timeperiod3': 20, 'entry_constant': 24.57676694646895, 'exit_constant': 71.27381611492243}
2026-01-20 16:24:29,898 - crypto_analysis.vectorbt_optimizer.optimizer - INFO - Optimizing APO: 416 combinations
2026-01-20 16:24:29,899 - crypto_analysis.vectorbt_optimizer.optimizer - INFO - Using grid sampler with 416 trials
2026-01-20 16:24:29,925 - crypto_analysis.vectorbt_optimizer.parallel_runner - INFO - VET/ULTOSC: score=0.7726, params={'timeperiod1': 4, 'timeperiod2': 24, 'timeperiod3': 26, 'entry_constant': 25.985715929749997, 'exit_constant': 66.21031937989258}
2026-01-20 16:24:29,928 - crypto_analysis.vectorbt_optimizer.optimizer - INFO - Optimizing APO: 416 combinations
2026-01-20 16:24:29,929 - crypto_analysis.vectorbt_optimizer.optimizer - INFO - Using grid sampler with 416 trials
2026-01-20 16:24:32,063 - crypto_analysis.vectorbt_optimizer.parallel_runner - INFO - ALGO/ULTOSC: score=3.3286, params={'timeperiod1': 8, 'timeperiod2': 10, 'timeperiod3': 36, 'entry_constant': 29.007580136243153, 'exit_constant': 64.79824000634187}
2026-01-20 16:24:32,066 - crypto_analysis.vectorbt_optimizer.optimizer - INFO - Optimizing APO: 416 combinations
2026-01-20 16:24:32,066 - crypto_analysis.vectorbt_optimizer.optimizer - INFO - Using grid sampler with 416 trials
2026-01-20 16:24:51,626 - crypto_analysis.vectorbt_optimizer.parallel_runner - INFO - ARB/APO: score=0.0000, params={'fastperiod': 20, 'slowperiod': 20}
2026-01-20 16:24:51,636 - crypto_analysis.vectorbt_optimizer.optimizer - INFO - Optimizing PPO: 416 combinations
2026-01-20 16:24:51,637 - crypto_analysis.vectorbt_optimizer.optimizer - INFO - Using grid sampler with 416 trials
2026-01-20 16:24:51,982 - crypto_analysis.vectorbt_optimizer.parallel_runner - INFO - NEAR/APO: score=0.0000, params={'fastperiod': 20, 'slowperiod': 20}
2026-01-20 16:24:51,992 - crypto_analysis.vectorbt_optimizer.optimizer - INFO - Optimizing PPO: 416 combinations
2026-01-20 16:24:51,993 - crypto_analysis.vectorbt_optimizer.optimizer - INFO - Using grid sampler with 416 trials
2026-01-20 16:24:53,855 - crypto_analysis.vectorbt_optimizer.parallel_runner - INFO - OP/APO: score=0.0000, params={'fastperiod': 20, 'slowperiod': 20}
2026-01-20 16:24:53,866 - crypto_analysis.vectorbt_optimizer.optimizer - INFO - Optimizing PPO: 416 combinations
2026-01-20 16:24:53,866 - crypto_analysis.vectorbt_optimizer.optimizer - INFO - Using grid sampler with 416 trials
2026-01-20 16:24:55,748 - crypto_analysis.vectorbt_optimizer.parallel_runner - INFO - TRX/APO: score=0.0000, params={'fastperiod': 20, 'slowperiod': 20}
2026-01-20 16:24:55,758 - crypto_analysis.vectorbt_optimizer.optimizer - INFO - Optimizing PPO: 416 combinations
2026-01-20 16:24:55,759 - crypto_analysis.vectorbt_optimizer.optimizer - INFO - Using grid sampler with 416 trials
2026-01-20 16:25:00,151 - crypto_analysis.vectorbt_optimizer.parallel_runner - INFO - LTC/APO: score=0.0000, params={'fastperiod': 20, 'slowperiod': 20}
2026-01-20 16:25:00,166 - crypto_analysis.vectorbt_optimizer.optimizer - INFO - Optimizing PPO: 416 combinations
2026-01-20 16:25:00,167 - crypto_analysis.vectorbt_optimizer.optimizer - INFO - Using grid sampler with 416 trials
2026-01-20 16:25:03,222 - crypto_analysis.vectorbt_optimizer.parallel_runner - INFO - LRC/APO: score=0.0000, params={'fastperiod': 20, 'slowperiod': 20}
2026-01-20 16:25:03,232 - crypto_analysis.vectorbt_optimizer.optimizer - INFO - Optimizing PPO: 416 combinations
2026-01-20 16:25:03,233 - crypto_analysis.vectorbt_optimizer.optimizer - INFO - Using grid sampler with 416 trials
2026-01-20 16:25:06,331 - crypto_analysis.vectorbt_optimizer.parallel_runner - INFO - XLM/APO: score=0.0000, params={'fastperiod': 20, 'slowperiod': 20}
2026-01-20 16:25:06,341 - crypto_analysis.vectorbt_optimizer.optimizer - INFO - Optimizing PPO: 416 combinations
2026-01-20 16:25:06,342 - crypto_analysis.vectorbt_optimizer.optimizer - INFO - Using grid sampler with 416 trials
2026-01-20 16:25:09,032 - crypto_analysis.vectorbt_optimizer.parallel_runner - INFO - DOGE/APO: score=0.0791, params={'fastperiod': 5, 'slowperiod': 34}
2026-01-20 16:25:09,042 - crypto_analysis.vectorbt_optimizer.optimizer - INFO - Optimizing PPO: 416 combinations
2026-01-20 16:25:09,043 - crypto_analysis.vectorbt_optimizer.optimizer - INFO - Using grid sampler with 416 trials
2026-01-20 16:25:09,112 - crypto_analysis.vectorbt_optimizer.parallel_runner - INFO - VET/APO: score=0.0000, params={'fastperiod': 20, 'slowperiod': 20}
2026-01-20 16:25:09,122 - crypto_analysis.vectorbt_optimizer.optimizer - INFO - Optimizing PPO: 416 combinations
2026-01-20 16:25:09,123 - crypto_analysis.vectorbt_optimizer.optimizer - INFO - Using grid sampler with 416 trials
2026-01-20 16:25:11,082 - crypto_analysis.vectorbt_optimizer.parallel_runner - INFO - ALGO/APO: score=0.0000, params={'fastperiod': 20, 'slowperiod': 20}
2026-01-20 16:25:11,094 - crypto_analysis.vectorbt_optimizer.optimizer - INFO - Optimizing PPO: 416 combinations
2026-01-20 16:25:11,094 - crypto_analysis.vectorbt_optimizer.optimizer - INFO - Using grid sampler with 416 trials
2026-01-20 16:25:30,518 - crypto_analysis.vectorbt_optimizer.parallel_runner - INFO - ARB/PPO: score=0.0000, params={'fastperiod': 20, 'slowperiod': 20}
2026-01-20 16:25:30,532 - crypto_analysis.vectorbt_optimizer.optimizer - INFO - Optimizing BOP: 1 combinations
2026-01-20 16:25:30,533 - crypto_analysis.vectorbt_optimizer.optimizer - INFO - Using grid sampler with 1 trials
2026-01-20 16:25:30,592 - crypto_analysis.vectorbt_optimizer.parallel_runner - INFO - ARB/BOP: score=-0.9929, params={}
2026-01-20 16:25:30,606 - crypto_analysis.vectorbt_optimizer.optimizer - INFO - Optimizing AROON: 26 combinations
2026-01-20 16:25:30,607 - crypto_analysis.vectorbt_optimizer.optimizer - INFO - Using grid sampler with 26 trials
2026-01-20 16:25:31,070 - crypto_analysis.vectorbt_optimizer.parallel_runner - INFO - NEAR/PPO: score=0.0000, params={'fastperiod': 20, 'slowperiod': 20}
2026-01-20 16:25:31,080 - crypto_analysis.vectorbt_optimizer.optimizer - INFO - Optimizing BOP: 1 combinations
2026-01-20 16:25:31,081 - crypto_analysis.vectorbt_optimizer.optimizer - INFO - Using grid sampler with 1 trials
2026-01-20 16:25:31,133 - crypto_analysis.vectorbt_optimizer.parallel_runner - INFO - NEAR/BOP: score=-0.9898, params={}
2026-01-20 16:25:31,143 - crypto_analysis.vectorbt_optimizer.optimizer - INFO - Optimizing AROON: 26 combinations
2026-01-20 16:25:31,143 - crypto_analysis.vectorbt_optimizer.optimizer - INFO - Using grid sampler with 26 trials
2026-01-20 16:25:31,252 - crypto_analysis.vectorbt_optimizer.parallel_runner - INFO - ARB/AROON: score=-0.0609, params={'timeperiod': 14}
2026-01-20 16:25:31,257 - crypto_analysis.vectorbt_optimizer.optimizer - INFO - Optimizing AROONOSC: 26 combinations
2026-01-20 16:25:31,258 - crypto_analysis.vectorbt_optimizer.optimizer - INFO - Using grid sampler with 26 trials
2026-01-20 16:25:31,799 - crypto_analysis.vectorbt_optimizer.parallel_runner - INFO - NEAR/AROON: score=-0.3100, params={'timeperiod': 7}
2026-01-20 16:25:31,805 - crypto_analysis.vectorbt_optimizer.optimizer - INFO - Optimizing AROONOSC: 26 combinations
2026-01-20 16:25:31,806 - crypto_analysis.vectorbt_optimizer.optimizer - INFO - Using grid sampler with 26 trials
2026-01-20 16:25:32,574 - crypto_analysis.vectorbt_optimizer.parallel_runner - INFO - OP/PPO: score=0.0000, params={'fastperiod': 20, 'slowperiod': 20}
2026-01-20 16:25:32,586 - crypto_analysis.vectorbt_optimizer.optimizer - INFO - Optimizing BOP: 1 combinations
2026-01-20 16:25:32,586 - crypto_analysis.vectorbt_optimizer.optimizer - INFO - Using grid sampler with 1 trials
2026-01-20 16:25:32,590 - crypto_analysis.vectorbt_optimizer.parallel_runner - INFO - ARB/AROONOSC: score=-0.0609, params={'timeperiod': 14}
2026-01-20 16:25:32,602 - crypto_analysis.vectorbt_optimizer.optimizer - INFO - Optimizing ADXR: 5082 combinations
2026-01-20 16:25:32,603 - crypto_analysis.vectorbt_optimizer.optimizer - INFO - Using tpe sampler with 1000 trials
2026-01-20 16:25:32,641 - crypto_analysis.vectorbt_optimizer.parallel_runner - INFO - OP/BOP: score=-0.9912, params={}
2026-01-20 16:25:32,652 - crypto_analysis.vectorbt_optimizer.optimizer - INFO - Optimizing AROON: 26 combinations
2026-01-20 16:25:32,652 - crypto_analysis.vectorbt_optimizer.optimizer - INFO - Using grid sampler with 26 trials
2026-01-20 16:25:32,810 - crypto_analysis.vectorbt_optimizer.parallel_runner - INFO - NEAR/AROONOSC: score=-0.3100, params={'timeperiod': 7}
2026-01-20 16:25:32,822 - crypto_analysis.vectorbt_optimizer.optimizer - INFO - Optimizing ADXR: 5082 combinations
2026-01-20 16:25:32,823 - crypto_analysis.vectorbt_optimizer.optimizer - INFO - Using tpe sampler with 1000 trials
2026-01-20 16:25:33,319 - crypto_analysis.vectorbt_optimizer.parallel_runner - INFO - OP/AROON: score=-0.3729, params={'timeperiod': 14}
2026-01-20 16:25:33,326 - crypto_analysis.vectorbt_optimizer.optimizer - INFO - Optimizing AROONOSC: 26 combinations
2026-01-20 16:25:33,327 - crypto_analysis.vectorbt_optimizer.optimizer - INFO - Using grid sampler with 26 trials
2026-01-20 16:25:34,296 - crypto_analysis.vectorbt_optimizer.parallel_runner - INFO - TRX/PPO: score=0.0000, params={'fastperiod': 20, 'slowperiod': 20}
2026-01-20 16:25:34,306 - crypto_analysis.vectorbt_optimizer.optimizer - INFO - Optimizing BOP: 1 combinations
2026-01-20 16:25:34,307 - crypto_analysis.vectorbt_optimizer.optimizer - INFO - Using grid sampler with 1 trials
2026-01-20 16:25:34,360 - crypto_analysis.vectorbt_optimizer.parallel_runner - INFO - TRX/BOP: score=-0.9724, params={}
2026-01-20 16:25:34,367 - crypto_analysis.vectorbt_optimizer.parallel_runner - INFO - OP/AROONOSC: score=-0.3729, params={'timeperiod': 14}
2026-01-20 16:25:34,370 - crypto_analysis.vectorbt_optimizer.optimizer - INFO - Optimizing AROON: 26 combinations
2026-01-20 16:25:34,370 - crypto_analysis.vectorbt_optimizer.optimizer - INFO - Using grid sampler with 26 trials
2026-01-20 16:25:34,380 - crypto_analysis.vectorbt_optimizer.optimizer - INFO - Optimizing ADXR: 5082 combinations
2026-01-20 16:25:34,381 - crypto_analysis.vectorbt_optimizer.optimizer - INFO - Using tpe sampler with 1000 trials
2026-01-20 16:25:35,040 - crypto_analysis.vectorbt_optimizer.parallel_runner - INFO - TRX/AROON: score=-0.1087, params={'timeperiod': 24}
2026-01-20 16:25:35,046 - crypto_analysis.vectorbt_optimizer.optimizer - INFO - Optimizing AROONOSC: 26 combinations
2026-01-20 16:25:35,047 - crypto_analysis.vectorbt_optimizer.optimizer - INFO - Using grid sampler with 26 trials
2026-01-20 16:25:36,119 - crypto_analysis.vectorbt_optimizer.parallel_runner - INFO - TRX/AROONOSC: score=-0.1087, params={'timeperiod': 24}
2026-01-20 16:25:36,133 - crypto_analysis.vectorbt_optimizer.optimizer - INFO - Optimizing ADXR: 5082 combinations
2026-01-20 16:25:36,134 - crypto_analysis.vectorbt_optimizer.optimizer - INFO - Using tpe sampler with 1000 trials
2026-01-20 16:25:38,667 - crypto_analysis.vectorbt_optimizer.parallel_runner - INFO - LTC/PPO: score=0.0000, params={'fastperiod': 20, 'slowperiod': 20}
2026-01-20 16:25:38,677 - crypto_analysis.vectorbt_optimizer.optimizer - INFO - Optimizing BOP: 1 combinations
2026-01-20 16:25:38,678 - crypto_analysis.vectorbt_optimizer.optimizer - INFO - Using grid sampler with 1 trials
2026-01-20 16:25:38,729 - crypto_analysis.vectorbt_optimizer.parallel_runner - INFO - LTC/BOP: score=-0.9960, params={}
2026-01-20 16:25:38,739 - crypto_analysis.vectorbt_optimizer.optimizer - INFO - Optimizing AROON: 26 combinations
2026-01-20 16:25:38,740 - crypto_analysis.vectorbt_optimizer.optimizer - INFO - Using grid sampler with 26 trials
2026-01-20 16:25:39,433 - crypto_analysis.vectorbt_optimizer.parallel_runner - INFO - LTC/AROON: score=-0.6055, params={'timeperiod': 8}
2026-01-20 16:25:39,440 - crypto_analysis.vectorbt_optimizer.optimizer - INFO - Optimizing AROONOSC: 26 combinations
2026-01-20 16:25:39,440 - crypto_analysis.vectorbt_optimizer.optimizer - INFO - Using grid sampler with 26 trials
2026-01-20 16:25:40,555 - crypto_analysis.vectorbt_optimizer.parallel_runner - INFO - LTC/AROONOSC: score=-0.6055, params={'timeperiod': 8}
2026-01-20 16:25:40,570 - crypto_analysis.vectorbt_optimizer.optimizer - INFO - Optimizing ADXR: 5082 combinations
2026-01-20 16:25:40,571 - crypto_analysis.vectorbt_optimizer.optimizer - INFO - Using tpe sampler with 1000 trials
2026-01-20 16:25:42,219 - crypto_analysis.vectorbt_optimizer.parallel_runner - INFO - LRC/PPO: score=0.0000, params={'fastperiod': 20, 'slowperiod': 20}
2026-01-20 16:25:42,229 - crypto_analysis.vectorbt_optimizer.optimizer - INFO - Optimizing BOP: 1 combinations
2026-01-20 16:25:42,230 - crypto_analysis.vectorbt_optimizer.optimizer - INFO - Using grid sampler with 1 trials
2026-01-20 16:25:42,290 - crypto_analysis.vectorbt_optimizer.parallel_runner - INFO - LRC/BOP: score=-0.9974, params={}
2026-01-20 16:25:42,301 - crypto_analysis.vectorbt_optimizer.optimizer - INFO - Optimizing AROON: 26 combinations
2026-01-20 16:25:42,302 - crypto_analysis.vectorbt_optimizer.optimizer - INFO - Using grid sampler with 26 trials
2026-01-20 16:25:42,957 - crypto_analysis.vectorbt_optimizer.parallel_runner - INFO - LRC/AROON: score=-0.6655, params={'timeperiod': 16}
2026-01-20 16:25:42,963 - crypto_analysis.vectorbt_optimizer.optimizer - INFO - Optimizing AROONOSC: 26 combinations
2026-01-20 16:25:42,964 - crypto_analysis.vectorbt_optimizer.optimizer - INFO - Using grid sampler with 26 trials
2026-01-20 16:25:43,992 - crypto_analysis.vectorbt_optimizer.parallel_runner - INFO - LRC/AROONOSC: score=-0.6655, params={'timeperiod': 16}
2026-01-20 16:25:44,006 - crypto_analysis.vectorbt_optimizer.optimizer - INFO - Optimizing ADXR: 5082 combinations
2026-01-20 16:25:44,007 - crypto_analysis.vectorbt_optimizer.optimizer - INFO - Using tpe sampler with 1000 trials
2026-01-20 16:25:44,976 - crypto_analysis.vectorbt_optimizer.parallel_runner - INFO - XLM/PPO: score=0.0000, params={'fastperiod': 20, 'slowperiod': 20}
2026-01-20 16:25:44,987 - crypto_analysis.vectorbt_optimizer.optimizer - INFO - Optimizing BOP: 1 combinations
2026-01-20 16:25:44,987 - crypto_analysis.vectorbt_optimizer.optimizer - INFO - Using grid sampler with 1 trials
2026-01-20 16:25:45,041 - crypto_analysis.vectorbt_optimizer.parallel_runner - INFO - XLM/BOP: score=-0.9927, params={}
2026-01-20 16:25:45,052 - crypto_analysis.vectorbt_optimizer.optimizer - INFO - Optimizing AROON: 26 combinations
2026-01-20 16:25:45,052 - crypto_analysis.vectorbt_optimizer.optimizer - INFO - Using grid sampler with 26 trials
2026-01-20 16:25:45,745 - crypto_analysis.vectorbt_optimizer.parallel_runner - INFO - XLM/AROON: score=-0.2218, params={'timeperiod': 28}
2026-01-20 16:25:45,751 - crypto_analysis.vectorbt_optimizer.optimizer - INFO - Optimizing AROONOSC: 26 combinations
2026-01-20 16:25:45,752 - crypto_analysis.vectorbt_optimizer.optimizer - INFO - Using grid sampler with 26 trials
2026-01-20 16:25:46,764 - crypto_analysis.vectorbt_optimizer.parallel_runner - INFO - XLM/AROONOSC: score=-0.2218, params={'timeperiod': 28}
2026-01-20 16:25:46,778 - crypto_analysis.vectorbt_optimizer.optimizer - INFO - Optimizing ADXR: 5082 combinations
2026-01-20 16:25:46,779 - crypto_analysis.vectorbt_optimizer.optimizer - INFO - Using tpe sampler with 1000 trials
2026-01-20 16:25:48,621 - crypto_analysis.vectorbt_optimizer.parallel_runner - INFO - DOGE/PPO: score=0.0791, params={'fastperiod': 5, 'slowperiod': 34}
2026-01-20 16:25:48,632 - crypto_analysis.vectorbt_optimizer.optimizer - INFO - Optimizing BOP: 1 combinations
2026-01-20 16:25:48,633 - crypto_analysis.vectorbt_optimizer.optimizer - INFO - Using grid sampler with 1 trials
2026-01-20 16:25:48,659 - crypto_analysis.vectorbt_optimizer.parallel_runner - INFO - VET/PPO: score=0.0000, params={'fastperiod': 20, 'slowperiod': 20}
2026-01-20 16:25:48,669 - crypto_analysis.vectorbt_optimizer.optimizer - INFO - Optimizing BOP: 1 combinations
2026-01-20 16:25:48,670 - crypto_analysis.vectorbt_optimizer.optimizer - INFO - Using grid sampler with 1 trials
2026-01-20 16:25:48,687 - crypto_analysis.vectorbt_optimizer.parallel_runner - INFO - DOGE/BOP: score=-0.9899, params={}
2026-01-20 16:25:48,698 - crypto_analysis.vectorbt_optimizer.optimizer - INFO - Optimizing AROON: 26 combinations
2026-01-20 16:25:48,698 - crypto_analysis.vectorbt_optimizer.optimizer - INFO - Using grid sampler with 26 trials
2026-01-20 16:25:48,722 - crypto_analysis.vectorbt_optimizer.parallel_runner - INFO - VET/BOP: score=-0.9952, params={}
2026-01-20 16:25:48,732 - crypto_analysis.vectorbt_optimizer.optimizer - INFO - Optimizing AROON: 26 combinations
2026-01-20 16:25:48,732 - crypto_analysis.vectorbt_optimizer.optimizer - INFO - Using grid sampler with 26 trials
2026-01-20 16:25:49,351 - crypto_analysis.vectorbt_optimizer.parallel_runner - INFO - DOGE/AROON: score=-0.1778, params={'timeperiod': 27}
2026-01-20 16:25:49,358 - crypto_analysis.vectorbt_optimizer.optimizer - INFO - Optimizing AROONOSC: 26 combinations
2026-01-20 16:25:49,358 - crypto_analysis.vectorbt_optimizer.optimizer - INFO - Using grid sampler with 26 trials
2026-01-20 16:25:49,419 - crypto_analysis.vectorbt_optimizer.parallel_runner - INFO - VET/AROON: score=-0.6528, params={'timeperiod': 29}
2026-01-20 16:25:49,426 - crypto_analysis.vectorbt_optimizer.optimizer - INFO - Optimizing AROONOSC: 26 combinations
2026-01-20 16:25:49,427 - crypto_analysis.vectorbt_optimizer.optimizer - INFO - Using grid sampler with 26 trials
2026-01-20 16:25:50,294 - crypto_analysis.vectorbt_optimizer.parallel_runner - INFO - ALGO/PPO: score=0.0000, params={'fastperiod': 20, 'slowperiod': 20}
2026-01-20 16:25:50,305 - crypto_analysis.vectorbt_optimizer.optimizer - INFO - Optimizing BOP: 1 combinations
2026-01-20 16:25:50,306 - crypto_analysis.vectorbt_optimizer.optimizer - INFO - Using grid sampler with 1 trials
2026-01-20 16:25:50,344 - crypto_analysis.vectorbt_optimizer.parallel_runner - INFO - DOGE/AROONOSC: score=-0.1778, params={'timeperiod': 27}
2026-01-20 16:25:50,356 - crypto_analysis.vectorbt_optimizer.optimizer - INFO - Optimizing ADXR: 5082 combinations
2026-01-20 16:25:50,357 - crypto_analysis.vectorbt_optimizer.optimizer - INFO - Using tpe sampler with 1000 trials
2026-01-20 16:25:50,369 - crypto_analysis.vectorbt_optimizer.parallel_runner - INFO - ALGO/BOP: score=-0.9911, params={}
2026-01-20 16:25:50,380 - crypto_analysis.vectorbt_optimizer.optimizer - INFO - Optimizing AROON: 26 combinations
2026-01-20 16:25:50,380 - crypto_analysis.vectorbt_optimizer.optimizer - INFO - Using grid sampler with 26 trials
2026-01-20 16:25:50,462 - crypto_analysis.vectorbt_optimizer.parallel_runner - INFO - VET/AROONOSC: score=-0.6528, params={'timeperiod': 29}
2026-01-20 16:25:50,476 - crypto_analysis.vectorbt_optimizer.optimizer - INFO - Optimizing ADXR: 5082 combinations
2026-01-20 16:25:50,478 - crypto_analysis.vectorbt_optimizer.optimizer - INFO - Using tpe sampler with 1000 trials
2026-01-20 16:25:51,029 - crypto_analysis.vectorbt_optimizer.parallel_runner - INFO - ALGO/AROON: score=-0.5497, params={'timeperiod': 20}
2026-01-20 16:25:51,036 - crypto_analysis.vectorbt_optimizer.optimizer - INFO - Optimizing AROONOSC: 26 combinations
2026-01-20 16:25:51,037 - crypto_analysis.vectorbt_optimizer.optimizer - INFO - Using grid sampler with 26 trials
2026-01-20 16:25:52,087 - crypto_analysis.vectorbt_optimizer.parallel_runner - INFO - ALGO/AROONOSC: score=-0.5497, params={'timeperiod': 20}
2026-01-20 16:25:52,102 - crypto_analysis.vectorbt_optimizer.optimizer - INFO - Optimizing ADXR: 5082 combinations
2026-01-20 16:25:52,103 - crypto_analysis.vectorbt_optimizer.optimizer - INFO - Using tpe sampler with 1000 trials
2026-01-20 16:26:20,478 - crypto_analysis.vectorbt_optimizer.parallel_runner - INFO - ARB/ADXR: score=1.9609, params={'timeperiod': 28, 'entry_constant': 23.6981487523248, 'exit_constant': 19.12564281268571}
2026-01-20 16:26:20,481 - crypto_analysis.vectorbt_optimizer.optimizer - INFO - Optimizing DX: 8736 combinations
2026-01-20 16:26:20,481 - crypto_analysis.vectorbt_optimizer.optimizer - INFO - Using tpe sampler with 1000 trials
2026-01-20 16:26:20,855 - crypto_analysis.vectorbt_optimizer.parallel_runner - INFO - NEAR/ADXR: score=2.0308, params={'timeperiod': 28, 'entry_constant': 27.92311553443473, 'exit_constant': 21.796918789373358}
2026-01-20 16:26:20,858 - crypto_analysis.vectorbt_optimizer.optimizer - INFO - Optimizing DX: 8736 combinations
2026-01-20 16:26:20,859 - crypto_analysis.vectorbt_optimizer.optimizer - INFO - Using tpe sampler with 1000 trials
2026-01-20 16:26:22,269 - crypto_analysis.vectorbt_optimizer.parallel_runner - INFO - OP/ADXR: score=1.7065, params={'timeperiod': 21, 'entry_constant': 32.872984456726115, 'exit_constant': 23.927238703747065}
2026-01-20 16:26:22,272 - crypto_analysis.vectorbt_optimizer.optimizer - INFO - Optimizing DX: 8736 combinations
2026-01-20 16:26:22,273 - crypto_analysis.vectorbt_optimizer.optimizer - INFO - Using tpe sampler with 1000 trials
2026-01-20 16:26:24,053 - crypto_analysis.vectorbt_optimizer.parallel_runner - INFO - TRX/ADXR: score=0.4032, params={'timeperiod': 8, 'entry_constant': 39.1732355500103, 'exit_constant': 16.419029239785726}
2026-01-20 16:26:24,056 - crypto_analysis.vectorbt_optimizer.optimizer - INFO - Optimizing DX: 8736 combinations
2026-01-20 16:26:24,057 - crypto_analysis.vectorbt_optimizer.optimizer - INFO - Using tpe sampler with 1000 trials
2026-01-20 16:26:28,042 - crypto_analysis.vectorbt_optimizer.parallel_runner - INFO - LTC/ADXR: score=1.4105, params={'timeperiod': 23, 'entry_constant': 35.53986702607076, 'exit_constant': 15.00765483924896}
2026-01-20 16:26:28,045 - crypto_analysis.vectorbt_optimizer.optimizer - INFO - Optimizing DX: 8736 combinations
2026-01-20 16:26:28,046 - crypto_analysis.vectorbt_optimizer.optimizer - INFO - Using tpe sampler with 1000 trials
2026-01-20 16:26:32,228 - crypto_analysis.vectorbt_optimizer.parallel_runner - INFO - LRC/ADXR: score=0.8846, params={'timeperiod': 26, 'entry_constant': 26.398370925717764, 'exit_constant': 21.300891205231252}
2026-01-20 16:26:32,231 - crypto_analysis.vectorbt_optimizer.optimizer - INFO - Optimizing DX: 8736 combinations
2026-01-20 16:26:32,232 - crypto_analysis.vectorbt_optimizer.optimizer - INFO - Using tpe sampler with 1000 trials
2026-01-20 16:26:34,985 - crypto_analysis.vectorbt_optimizer.parallel_runner - INFO - XLM/ADXR: score=3.6142, params={'timeperiod': 24, 'entry_constant': 31.230533763436913, 'exit_constant': 20.088466742348427}
2026-01-20 16:26:34,988 - crypto_analysis.vectorbt_optimizer.optimizer - INFO - Optimizing DX: 8736 combinations
2026-01-20 16:26:34,989 - crypto_analysis.vectorbt_optimizer.optimizer - INFO - Using tpe sampler with 1000 trials
2026-01-20 16:26:37,835 - crypto_analysis.vectorbt_optimizer.parallel_runner - INFO - DOGE/ADXR: score=1.9266, params={'timeperiod': 27, 'entry_constant': 31.863257402333446, 'exit_constant': 24.99775085681484}
2026-01-20 16:26:37,838 - crypto_analysis.vectorbt_optimizer.optimizer - INFO - Optimizing DX: 8736 combinations
2026-01-20 16:26:37,839 - crypto_analysis.vectorbt_optimizer.optimizer - INFO - Using tpe sampler with 1000 trials
2026-01-20 16:26:38,670 - crypto_analysis.vectorbt_optimizer.parallel_runner - INFO - VET/ADXR: score=2.1832, params={'timeperiod': 26, 'entry_constant': 29.12150393717474, 'exit_constant': 20.717128150374403}
2026-01-20 16:26:38,673 - crypto_analysis.vectorbt_optimizer.optimizer - INFO - Optimizing DX: 8736 combinations
2026-01-20 16:26:38,674 - crypto_analysis.vectorbt_optimizer.optimizer - INFO - Using tpe sampler with 1000 trials
2026-01-20 16:26:40,138 - crypto_analysis.vectorbt_optimizer.parallel_runner - INFO - ALGO/ADXR: score=1.8333, params={'timeperiod': 22, 'entry_constant': 33.50939756104069, 'exit_constant': 23.558435815075093}
2026-01-20 16:26:40,141 - crypto_analysis.vectorbt_optimizer.optimizer - INFO - Optimizing DX: 8736 combinations
2026-01-20 16:26:40,142 - crypto_analysis.vectorbt_optimizer.optimizer - INFO - Using tpe sampler with 1000 trials
2026-01-20 16:27:07,718 - crypto_analysis.vectorbt_optimizer.parallel_runner - INFO - ARB/DX: score=0.1526, params={'timeperiod': 29, 'entry_constant': 34.594360528579955, 'exit_constant': 20.711145315907526}
2026-01-20 16:27:07,721 - crypto_analysis.vectorbt_optimizer.optimizer - INFO - Optimizing MACDEXT: 3335904 combinations
2026-01-20 16:27:07,722 - crypto_analysis.vectorbt_optimizer.optimizer - INFO - Using tpe sampler with 1000 trials
2026-01-20 16:27:09,893 - crypto_analysis.vectorbt_optimizer.parallel_runner - INFO - OP/DX: score=0.0044, params={'timeperiod': 30, 'entry_constant': 39.42643031725736, 'exit_constant': 17.82842783684887}
2026-01-20 16:27:09,897 - crypto_analysis.vectorbt_optimizer.optimizer - INFO - Optimizing MACDEXT: 3335904 combinations
2026-01-20 16:27:09,897 - crypto_analysis.vectorbt_optimizer.optimizer - INFO - Using tpe sampler with 1000 trials
2026-01-20 16:27:10,644 - crypto_analysis.vectorbt_optimizer.parallel_runner - INFO - NEAR/DX: score=0.9005, params={'timeperiod': 30, 'entry_constant': 33.357452155933075, 'exit_constant': 14.746294354296339}
2026-01-20 16:27:10,647 - crypto_analysis.vectorbt_optimizer.optimizer - INFO - Optimizing MACDEXT: 3335904 combinations
2026-01-20 16:27:10,648 - crypto_analysis.vectorbt_optimizer.optimizer - INFO - Using tpe sampler with 1000 trials
2026-01-20 16:27:12,101 - crypto_analysis.vectorbt_optimizer.parallel_runner - INFO - TRX/DX: score=-0.0401, params={'timeperiod': 14, 'entry_constant': 39.65145828574381, 'exit_constant': 10.472703090594965}
2026-01-20 16:27:12,104 - crypto_analysis.vectorbt_optimizer.optimizer - INFO - Optimizing MACDEXT: 3335904 combinations
2026-01-20 16:27:12,105 - crypto_analysis.vectorbt_optimizer.optimizer - INFO - Using tpe sampler with 1000 trials
2026-01-20 16:27:16,353 - crypto_analysis.vectorbt_optimizer.parallel_runner - INFO - LTC/DX: score=0.2468, params={'timeperiod': 30, 'entry_constant': 39.99051564455489, 'exit_constant': 12.481695564428612}
2026-01-20 16:27:16,356 - crypto_analysis.vectorbt_optimizer.optimizer - INFO - Optimizing MACDEXT: 3335904 combinations
2026-01-20 16:27:16,357 - crypto_analysis.vectorbt_optimizer.optimizer - INFO - Using tpe sampler with 1000 trials
2026-01-20 16:27:20,391 - crypto_analysis.vectorbt_optimizer.parallel_runner - INFO - LRC/DX: score=-0.2779, params={'timeperiod': 30, 'entry_constant': 39.982334776506235, 'exit_constant': 13.394241361330174}
2026-01-20 16:27:20,394 - crypto_analysis.vectorbt_optimizer.optimizer - INFO - Optimizing MACDEXT: 3335904 combinations
2026-01-20 16:27:20,395 - crypto_analysis.vectorbt_optimizer.optimizer - INFO - Using tpe sampler with 1000 trials
2026-01-20 16:27:23,543 - crypto_analysis.vectorbt_optimizer.parallel_runner - INFO - XLM/DX: score=1.0362, params={'timeperiod': 30, 'entry_constant': 38.53037999162298, 'exit_constant': 11.455622367760103}
2026-01-20 16:27:23,546 - crypto_analysis.vectorbt_optimizer.optimizer - INFO - Optimizing MACDEXT: 3335904 combinations
2026-01-20 16:27:23,547 - crypto_analysis.vectorbt_optimizer.optimizer - INFO - Using tpe sampler with 1000 trials
2026-01-20 16:27:25,719 - crypto_analysis.vectorbt_optimizer.parallel_runner - INFO - DOGE/DX: score=1.9222, params={'timeperiod': 27, 'entry_constant': 35.71333557746412, 'exit_constant': 10.873878307687256}
2026-01-20 16:27:25,723 - crypto_analysis.vectorbt_optimizer.optimizer - INFO - Optimizing MACDEXT: 3335904 combinations
2026-01-20 16:27:25,723 - crypto_analysis.vectorbt_optimizer.optimizer - INFO - Using tpe sampler with 1000 trials
2026-01-20 16:27:26,795 - crypto_analysis.vectorbt_optimizer.parallel_runner - INFO - VET/DX: score=-0.2220, params={'timeperiod': 30, 'entry_constant': 39.663729851428585, 'exit_constant': 23.940971784167793}
2026-01-20 16:27:26,798 - crypto_analysis.vectorbt_optimizer.optimizer - INFO - Optimizing MACDEXT: 3335904 combinations
2026-01-20 16:27:26,799 - crypto_analysis.vectorbt_optimizer.optimizer - INFO - Using tpe sampler with 1000 trials
2026-01-20 16:27:28,367 - crypto_analysis.vectorbt_optimizer.parallel_runner - INFO - ALGO/DX: score=1.0952, params={'timeperiod': 30, 'entry_constant': 37.419276113283, 'exit_constant': 15.119694801357234}
2026-01-20 16:27:28,370 - crypto_analysis.vectorbt_optimizer.optimizer - INFO - Optimizing MACDEXT: 3335904 combinations
2026-01-20 16:27:28,370 - crypto_analysis.vectorbt_optimizer.optimizer - INFO - Using tpe sampler with 1000 trials
2026-01-20 16:28:28,091 - crypto_analysis.vectorbt_optimizer.parallel_runner - INFO - ARB/MACDEXT: score=0.0000, params={'fastperiod': 13, 'slowperiod': 18, 'signalperiod': 7, 'fastmatype': 7, 'slowmatype': 7, 'signalmatype': 0}
2026-01-20 16:28:28,099 - crypto_analysis.vectorbt_optimizer.optimizer - INFO - Optimizing MACDFIX: 11 combinations
2026-01-20 16:28:28,100 - crypto_analysis.vectorbt_optimizer.optimizer - INFO - Using grid sampler with 11 trials
2026-01-20 16:28:28,356 - crypto_analysis.vectorbt_optimizer.parallel_runner - INFO - ARB/MACDFIX: score=-0.2320, params={'signalperiod': 14}
2026-01-20 16:28:28,362 - crypto_analysis.vectorbt_optimizer.optimizer - INFO - Optimizing MINUS_DI: 14196 combinations
2026-01-20 16:28:28,363 - crypto_analysis.vectorbt_optimizer.optimizer - INFO - Using tpe sampler with 1000 trials
2026-01-20 16:28:28,521 - crypto_analysis.vectorbt_optimizer.parallel_runner - INFO - OP/MACDEXT: score=0.1404, params={'fastperiod': 18, 'slowperiod': 32, 'signalperiod': 8, 'fastmatype': 5, 'slowmatype': 5, 'signalmatype': 8}
2026-01-20 16:28:28,526 - crypto_analysis.vectorbt_optimizer.optimizer - INFO - Optimizing MACDFIX: 11 combinations
2026-01-20 16:28:28,527 - crypto_analysis.vectorbt_optimizer.optimizer - INFO - Using grid sampler with 11 trials
2026-01-20 16:28:28,816 - crypto_analysis.vectorbt_optimizer.parallel_runner - INFO - OP/MACDFIX: score=-0.3746, params={'signalperiod': 14}
2026-01-20 16:28:28,823 - crypto_analysis.vectorbt_optimizer.optimizer - INFO - Optimizing MINUS_DI: 14196 combinations
2026-01-20 16:28:28,824 - crypto_analysis.vectorbt_optimizer.optimizer - INFO - Using tpe sampler with 1000 trials
2026-01-20 16:28:30,499 - crypto_analysis.vectorbt_optimizer.parallel_runner - INFO - TRX/MACDEXT: score=0.0801, params={'fastperiod': 11, 'slowperiod': 40, 'signalperiod': 7, 'fastmatype': 3, 'slowmatype': 6, 'signalmatype': 6}
2026-01-20 16:28:30,504 - crypto_analysis.vectorbt_optimizer.optimizer - INFO - Optimizing MACDFIX: 11 combinations
2026-01-20 16:28:30,505 - crypto_analysis.vectorbt_optimizer.optimizer - INFO - Using grid sampler with 11 trials
2026-01-20 16:28:30,773 - crypto_analysis.vectorbt_optimizer.parallel_runner - INFO - TRX/MACDFIX: score=-0.1946, params={'signalperiod': 12}
2026-01-20 16:28:30,781 - crypto_analysis.vectorbt_optimizer.optimizer - INFO - Optimizing MINUS_DI: 14196 combinations
2026-01-20 16:28:30,782 - crypto_analysis.vectorbt_optimizer.optimizer - INFO - Using tpe sampler with 1000 trials
2026-01-20 16:28:33,825 - crypto_analysis.vectorbt_optimizer.parallel_runner - INFO - NEAR/MACDEXT: score=0.0000, params={'fastperiod': 11, 'slowperiod': 31, 'signalperiod': 10, 'fastmatype': 7, 'slowmatype': 7, 'signalmatype': 6}
2026-01-20 16:28:33,833 - crypto_analysis.vectorbt_optimizer.optimizer - INFO - Optimizing MACDFIX: 11 combinations
2026-01-20 16:28:33,833 - crypto_analysis.vectorbt_optimizer.optimizer - INFO - Using grid sampler with 11 trials
2026-01-20 16:28:34,113 - crypto_analysis.vectorbt_optimizer.parallel_runner - INFO - NEAR/MACDFIX: score=-0.4050, params={'signalperiod': 11}
2026-01-20 16:28:34,121 - crypto_analysis.vectorbt_optimizer.optimizer - INFO - Optimizing MINUS_DI: 14196 combinations
2026-01-20 16:28:34,122 - crypto_analysis.vectorbt_optimizer.optimizer - INFO - Using tpe sampler with 1000 trials
2026-01-20 16:28:34,853 - crypto_analysis.vectorbt_optimizer.parallel_runner - INFO - LTC/MACDEXT: score=0.3495, params={'fastperiod': 16, 'slowperiod': 25, 'signalperiod': 11, 'fastmatype': 0, 'slowmatype': 8, 'signalmatype': 0}
2026-01-20 16:28:34,858 - crypto_analysis.vectorbt_optimizer.optimizer - INFO - Optimizing MACDFIX: 11 combinations
2026-01-20 16:28:34,859 - crypto_analysis.vectorbt_optimizer.optimizer - INFO - Using grid sampler with 11 trials
2026-01-20 16:28:35,141 - crypto_analysis.vectorbt_optimizer.parallel_runner - INFO - LTC/MACDFIX: score=-0.3342, params={'signalperiod': 14}
2026-01-20 16:28:35,149 - crypto_analysis.vectorbt_optimizer.optimizer - INFO - Optimizing MINUS_DI: 14196 combinations
2026-01-20 16:28:35,150 - crypto_analysis.vectorbt_optimizer.optimizer - INFO - Using tpe sampler with 1000 trials
2026-01-20 16:28:42,403 - crypto_analysis.vectorbt_optimizer.parallel_runner - INFO - LRC/MACDEXT: score=0.0000, params={'fastperiod': 13, 'slowperiod': 22, 'signalperiod': 14, 'fastmatype': 7, 'slowmatype': 7, 'signalmatype': 6}
2026-01-20 16:28:42,411 - crypto_analysis.vectorbt_optimizer.optimizer - INFO - Optimizing MACDFIX: 11 combinations
2026-01-20 16:28:42,411 - crypto_analysis.vectorbt_optimizer.optimizer - INFO - Using grid sampler with 11 trials
2026-01-20 16:28:42,702 - crypto_analysis.vectorbt_optimizer.parallel_runner - INFO - LRC/MACDFIX: score=-0.6622, params={'signalperiod': 6}
2026-01-20 16:28:42,709 - crypto_analysis.vectorbt_optimizer.optimizer - INFO - Optimizing MINUS_DI: 14196 combinations
2026-01-20 16:28:42,710 - crypto_analysis.vectorbt_optimizer.optimizer - INFO - Using tpe sampler with 1000 trials
2026-01-20 16:28:46,486 - crypto_analysis.vectorbt_optimizer.parallel_runner - INFO - XLM/MACDEXT: score=0.0000, params={'fastperiod': 18, 'slowperiod': 27, 'signalperiod': 9, 'fastmatype': 7, 'slowmatype': 7, 'signalmatype': 2}
2026-01-20 16:28:46,493 - crypto_analysis.vectorbt_optimizer.optimizer - INFO - Optimizing MACDFIX: 11 combinations
2026-01-20 16:28:46,494 - crypto_analysis.vectorbt_optimizer.optimizer - INFO - Using grid sampler with 11 trials
2026-01-20 16:28:46,728 - crypto_analysis.vectorbt_optimizer.parallel_runner - INFO - VET/MACDEXT: score=0.0000, params={'fastperiod': 15, 'slowperiod': 15, 'signalperiod': 15, 'fastmatype': 3, 'slowmatype': 3, 'signalmatype': 8}
2026-01-20 16:28:46,733 - crypto_analysis.vectorbt_optimizer.optimizer - INFO - Optimizing MACDFIX: 11 combinations
2026-01-20 16:28:46,734 - crypto_analysis.vectorbt_optimizer.optimizer - INFO - Using grid sampler with 11 trials
2026-01-20 16:28:46,759 - crypto_analysis.vectorbt_optimizer.parallel_runner - INFO - XLM/MACDFIX: score=-0.7275, params={'signalperiod': 15}
2026-01-20 16:28:46,768 - crypto_analysis.vectorbt_optimizer.optimizer - INFO - Optimizing MINUS_DI: 14196 combinations
2026-01-20 16:28:46,770 - crypto_analysis.vectorbt_optimizer.optimizer - INFO - Using tpe sampler with 1000 trials
2026-01-20 16:28:46,869 - crypto_analysis.vectorbt_optimizer.parallel_runner - INFO - DOGE/MACDEXT: score=-0.1970, params={'fastperiod': 8, 'slowperiod': 24, 'signalperiod': 11, 'fastmatype': 2, 'slowmatype': 2, 'signalmatype': 1}
2026-01-20 16:28:46,875 - crypto_analysis.vectorbt_optimizer.optimizer - INFO - Optimizing MACDFIX: 11 combinations
2026-01-20 16:28:46,875 - crypto_analysis.vectorbt_optimizer.optimizer - INFO - Using grid sampler with 11 trials
2026-01-20 16:28:46,990 - crypto_analysis.vectorbt_optimizer.parallel_runner - INFO - VET/MACDFIX: score=-0.7032, params={'signalperiod': 15}
2026-01-20 16:28:46,998 - crypto_analysis.vectorbt_optimizer.optimizer - INFO - Optimizing MINUS_DI: 14196 combinations
2026-01-20 16:28:46,999 - crypto_analysis.vectorbt_optimizer.optimizer - INFO - Using tpe sampler with 1000 trials
2026-01-20 16:28:47,155 - crypto_analysis.vectorbt_optimizer.parallel_runner - INFO - DOGE/MACDFIX: score=-0.2789, params={'signalperiod': 10}
2026-01-20 16:28:47,162 - crypto_analysis.vectorbt_optimizer.optimizer - INFO - Optimizing MINUS_DI: 14196 combinations
2026-01-20 16:28:47,164 - crypto_analysis.vectorbt_optimizer.optimizer - INFO - Using tpe sampler with 1000 trials
2026-01-20 16:28:50,352 - crypto_analysis.vectorbt_optimizer.parallel_runner - INFO - ALGO/MACDEXT: score=0.0000, params={'fastperiod': 17, 'slowperiod': 38, 'signalperiod': 11, 'fastmatype': 7, 'slowmatype': 7, 'signalmatype': 7}
2026-01-20 16:28:50,360 - crypto_analysis.vectorbt_optimizer.optimizer - INFO - Optimizing MACDFIX: 11 combinations
2026-01-20 16:28:50,360 - crypto_analysis.vectorbt_optimizer.optimizer - INFO - Using grid sampler with 11 trials
2026-01-20 16:28:50,642 - crypto_analysis.vectorbt_optimizer.parallel_runner - INFO - ALGO/MACDFIX: score=-0.4312, params={'signalperiod': 12}
2026-01-20 16:28:50,650 - crypto_analysis.vectorbt_optimizer.optimizer - INFO - Optimizing MINUS_DI: 14196 combinations
2026-01-20 16:28:50,651 - crypto_analysis.vectorbt_optimizer.optimizer - INFO - Using tpe sampler with 1000 trials
2026-01-20 16:29:15,994 - crypto_analysis.vectorbt_optimizer.parallel_runner - INFO - ARB/MINUS_DI: score=0.5790, params={'timeperiod': 25, 'entry_constant': 29.630776940448552, 'exit_constant': 11.24899655024018}
2026-01-20 16:29:15,997 - crypto_analysis.vectorbt_optimizer.optimizer - INFO - Optimizing MINUS_DM: 26 combinations
2026-01-20 16:29:15,998 - crypto_analysis.vectorbt_optimizer.optimizer - INFO - Using grid sampler with 26 trials
2026-01-20 16:29:16,682 - crypto_analysis.vectorbt_optimizer.parallel_runner - INFO - OP/MINUS_DI: score=0.7894, params={'timeperiod': 23, 'entry_constant': 17.030821521924995, 'exit_constant': 11.489447209900895}
2026-01-20 16:29:16,687 - crypto_analysis.vectorbt_optimizer.optimizer - INFO - Optimizing MINUS_DM: 26 combinations
2026-01-20 16:29:16,688 - crypto_analysis.vectorbt_optimizer.optimizer - INFO - Using grid sampler with 26 trials
2026-01-20 16:29:16,692 - crypto_analysis.vectorbt_optimizer.parallel_runner - INFO - ARB/MINUS_DM: score=-0.9723, params={'timeperiod': 27}
2026-01-20 16:29:16,696 - crypto_analysis.vectorbt_optimizer.optimizer - INFO - Optimizing PLUS_DI: 14196 combinations
2026-01-20 16:29:16,697 - crypto_analysis.vectorbt_optimizer.optimizer - INFO - Using tpe sampler with 1000 trials
2026-01-20 16:29:17,377 - crypto_analysis.vectorbt_optimizer.parallel_runner - INFO - OP/MINUS_DM: score=-0.9808, params={'timeperiod': 30}
2026-01-20 16:29:17,383 - crypto_analysis.vectorbt_optimizer.optimizer - INFO - Optimizing PLUS_DI: 14196 combinations
2026-01-20 16:29:17,384 - crypto_analysis.vectorbt_optimizer.optimizer - INFO - Using tpe sampler with 1000 trials
2026-01-20 16:29:18,586 - crypto_analysis.vectorbt_optimizer.parallel_runner - INFO - TRX/MINUS_DI: score=0.4013, params={'timeperiod': 25, 'entry_constant': 32.695287834559856, 'exit_constant': 23.78985372510405}
2026-01-20 16:29:18,589 - crypto_analysis.vectorbt_optimizer.optimizer - INFO - Optimizing MINUS_DM: 26 combinations
2026-01-20 16:29:18,590 - crypto_analysis.vectorbt_optimizer.optimizer - INFO - Using grid sampler with 26 trials
2026-01-20 16:29:19,292 - crypto_analysis.vectorbt_optimizer.parallel_runner - INFO - TRX/MINUS_DM: score=-0.9313, params={'timeperiod': 28}
2026-01-20 16:29:19,297 - crypto_analysis.vectorbt_optimizer.optimizer - INFO - Optimizing PLUS_DI: 14196 combinations
2026-01-20 16:29:19,298 - crypto_analysis.vectorbt_optimizer.optimizer - INFO - Using tpe sampler with 1000 trials
2026-01-20 16:29:21,775 - crypto_analysis.vectorbt_optimizer.parallel_runner - INFO - NEAR/MINUS_DI: score=0.8695, params={'timeperiod': 14, 'entry_constant': 21.607660631878574, 'exit_constant': 10.107614383397264}
2026-01-20 16:29:21,779 - crypto_analysis.vectorbt_optimizer.optimizer - INFO - Optimizing MINUS_DM: 26 combinations
2026-01-20 16:29:21,779 - crypto_analysis.vectorbt_optimizer.optimizer - INFO - Using grid sampler with 26 trials
2026-01-20 16:29:22,467 - crypto_analysis.vectorbt_optimizer.parallel_runner - INFO - NEAR/MINUS_DM: score=-0.9806, params={'timeperiod': 14}
2026-01-20 16:29:22,472 - crypto_analysis.vectorbt_optimizer.optimizer - INFO - Optimizing PLUS_DI: 14196 combinations
2026-01-20 16:29:22,473 - crypto_analysis.vectorbt_optimizer.optimizer - INFO - Using tpe sampler with 1000 trials
2026-01-20 16:29:24,176 - crypto_analysis.vectorbt_optimizer.parallel_runner - INFO - LTC/MINUS_DI: score=0.2506, params={'timeperiod': 28, 'entry_constant': 16.124937943084525, 'exit_constant': 10.766639222973208}
2026-01-20 16:29:24,179 - crypto_analysis.vectorbt_optimizer.optimizer - INFO - Optimizing MINUS_DM: 26 combinations
2026-01-20 16:29:24,180 - crypto_analysis.vectorbt_optimizer.optimizer - INFO - Using grid sampler with 26 trials
2026-01-20 16:29:24,885 - crypto_analysis.vectorbt_optimizer.parallel_runner - INFO - LTC/MINUS_DM: score=-0.9841, params={'timeperiod': 29}
2026-01-20 16:29:24,890 - crypto_analysis.vectorbt_optimizer.optimizer - INFO - Optimizing PLUS_DI: 14196 combinations
2026-01-20 16:29:24,892 - crypto_analysis.vectorbt_optimizer.optimizer - INFO - Using tpe sampler with 1000 trials
2026-01-20 16:29:31,352 - crypto_analysis.vectorbt_optimizer.parallel_runner - INFO - LRC/MINUS_DI: score=-0.2432, params={'timeperiod': 29, 'entry_constant': 15.0160749134205, 'exit_constant': 14.240277624338493}
2026-01-20 16:29:31,356 - crypto_analysis.vectorbt_optimizer.optimizer - INFO - Optimizing MINUS_DM: 26 combinations
2026-01-20 16:29:31,356 - crypto_analysis.vectorbt_optimizer.optimizer - INFO - Using grid sampler with 26 trials
2026-01-20 16:29:32,056 - crypto_analysis.vectorbt_optimizer.parallel_runner - INFO - LRC/MINUS_DM: score=-0.9881, params={'timeperiod': 9}
2026-01-20 16:29:32,061 - crypto_analysis.vectorbt_optimizer.optimizer - INFO - Optimizing PLUS_DI: 14196 combinations
2026-01-20 16:29:32,063 - crypto_analysis.vectorbt_optimizer.optimizer - INFO - Using tpe sampler with 1000 trials
2026-01-20 16:29:34,659 - crypto_analysis.vectorbt_optimizer.parallel_runner - INFO - DOGE/MINUS_DI: score=1.7556, params={'timeperiod': 23, 'entry_constant': 21.229490819015084, 'exit_constant': 13.762994349643686}
2026-01-20 16:29:34,663 - crypto_analysis.vectorbt_optimizer.optimizer - INFO - Optimizing MINUS_DM: 26 combinations
2026-01-20 16:29:34,664 - crypto_analysis.vectorbt_optimizer.optimizer - INFO - Using grid sampler with 26 trials
2026-01-20 16:29:35,180 - crypto_analysis.vectorbt_optimizer.parallel_runner - INFO - XLM/MINUS_DI: score=0.7713, params={'timeperiod': 14, 'entry_constant': 21.941845666637434, 'exit_constant': 11.222493620995756}
2026-01-20 16:29:35,183 - crypto_analysis.vectorbt_optimizer.optimizer - INFO - Optimizing MINUS_DM: 26 combinations
2026-01-20 16:29:35,184 - crypto_analysis.vectorbt_optimizer.optimizer - INFO - Using grid sampler with 26 trials
2026-01-20 16:29:35,195 - crypto_analysis.vectorbt_optimizer.parallel_runner - INFO - VET/MINUS_DI: score=0.0287, params={'timeperiod': 29, 'entry_constant': 16.71585855752715, 'exit_constant': 11.230952280725228}
2026-01-20 16:29:35,198 - crypto_analysis.vectorbt_optimizer.optimizer - INFO - Optimizing MINUS_DM: 26 combinations
2026-01-20 16:29:35,198 - crypto_analysis.vectorbt_optimizer.optimizer - INFO - Using grid sampler with 26 trials
2026-01-20 16:29:35,373 - crypto_analysis.vectorbt_optimizer.parallel_runner - INFO - DOGE/MINUS_DM: score=-0.9785, params={'timeperiod': 17}
2026-01-20 16:29:35,379 - crypto_analysis.vectorbt_optimizer.optimizer - INFO - Optimizing PLUS_DI: 14196 combinations
2026-01-20 16:29:35,380 - crypto_analysis.vectorbt_optimizer.optimizer - INFO - Using tpe sampler with 1000 trials
2026-01-20 16:29:35,867 - crypto_analysis.vectorbt_optimizer.parallel_runner - INFO - XLM/MINUS_DM: score=-0.9854, params={'timeperiod': 7}
2026-01-20 16:29:35,873 - crypto_analysis.vectorbt_optimizer.optimizer - INFO - Optimizing PLUS_DI: 14196 combinations
2026-01-20 16:29:35,874 - crypto_analysis.vectorbt_optimizer.optimizer - INFO - Using tpe sampler with 1000 trials
2026-01-20 16:29:35,887 - crypto_analysis.vectorbt_optimizer.parallel_runner - INFO - VET/MINUS_DM: score=-0.9837, params={'timeperiod': 9}
2026-01-20 16:29:35,892 - crypto_analysis.vectorbt_optimizer.optimizer - INFO - Optimizing PLUS_DI: 14196 combinations
2026-01-20 16:29:35,892 - crypto_analysis.vectorbt_optimizer.optimizer - INFO - Using tpe sampler with 1000 trials
2026-01-20 16:29:39,220 - crypto_analysis.vectorbt_optimizer.parallel_runner - INFO - ALGO/MINUS_DI: score=0.6974, params={'timeperiod': 13, 'entry_constant': 19.383800498859422, 'exit_constant': 10.004445671705122}
2026-01-20 16:29:39,223 - crypto_analysis.vectorbt_optimizer.optimizer - INFO - Optimizing MINUS_DM: 26 combinations
2026-01-20 16:29:39,224 - crypto_analysis.vectorbt_optimizer.optimizer - INFO - Using grid sampler with 26 trials
2026-01-20 16:29:39,913 - crypto_analysis.vectorbt_optimizer.parallel_runner - INFO - ALGO/MINUS_DM: score=-0.9740, params={'timeperiod': 8}
2026-01-20 16:29:39,918 - crypto_analysis.vectorbt_optimizer.optimizer - INFO - Optimizing PLUS_DI: 14196 combinations
2026-01-20 16:29:39,919 - crypto_analysis.vectorbt_optimizer.optimizer - INFO - Using tpe sampler with 1000 trials
2026-01-20 16:30:03,867 - crypto_analysis.vectorbt_optimizer.parallel_runner - INFO - ARB/PLUS_DI: score=0.9530, params={'timeperiod': 12, 'entry_constant': 39.11183907546284, 'exit_constant': 27.890800753668042}
2026-01-20 16:30:03,871 - crypto_analysis.vectorbt_optimizer.optimizer - INFO - Optimizing PLUS_DM: 26 combinations
2026-01-20 16:30:03,871 - crypto_analysis.vectorbt_optimizer.optimizer - INFO - Using grid sampler with 26 trials
2026-01-20 16:30:04,563 - crypto_analysis.vectorbt_optimizer.parallel_runner - INFO - ARB/PLUS_DM: score=-0.9746, params={'timeperiod': 30}
2026-01-20 16:30:04,568 - crypto_analysis.vectorbt_optimizer.optimizer - INFO - Optimizing ROCP: 26 combinations
2026-01-20 16:30:04,569 - crypto_analysis.vectorbt_optimizer.optimizer - INFO - Using grid sampler with 26 trials
2026-01-20 16:30:04,931 - crypto_analysis.vectorbt_optimizer.parallel_runner - INFO - OP/PLUS_DI: score=0.3697, params={'timeperiod': 19, 'entry_constant': 32.10361653283637, 'exit_constant': 23.99247459235051}
2026-01-20 16:30:04,935 - crypto_analysis.vectorbt_optimizer.optimizer - INFO - Optimizing PLUS_DM: 26 combinations
2026-01-20 16:30:04,936 - crypto_analysis.vectorbt_optimizer.optimizer - INFO - Using grid sampler with 26 trials
2026-01-20 16:30:05,574 - crypto_analysis.vectorbt_optimizer.parallel_runner - INFO - ARB/ROCP: score=-0.4651, params={'timeperiod': 8}
2026-01-20 16:30:05,586 - crypto_analysis.vectorbt_optimizer.optimizer - INFO - Optimizing ROCR: 26 combinations
2026-01-20 16:30:05,587 - crypto_analysis.vectorbt_optimizer.optimizer - INFO - Using grid sampler with 26 trials
2026-01-20 16:30:05,651 - crypto_analysis.vectorbt_optimizer.parallel_runner - INFO - OP/PLUS_DM: score=-0.9796, params={'timeperiod': 10}
2026-01-20 16:30:05,656 - crypto_analysis.vectorbt_optimizer.optimizer - INFO - Optimizing ROCP: 26 combinations
2026-01-20 16:30:05,657 - crypto_analysis.vectorbt_optimizer.optimizer - INFO - Using grid sampler with 26 trials
2026-01-20 16:30:06,179 - crypto_analysis.vectorbt_optimizer.parallel_runner - INFO - ARB/ROCR: score=-0.2131, params={'timeperiod': 10, 'entry_constant': 1.0, 'exit_constant': 0.95}
2026-01-20 16:30:06,184 - crypto_analysis.vectorbt_optimizer.optimizer - INFO - Optimizing ROCR100: 936 combinations
2026-01-20 16:30:06,185 - crypto_analysis.vectorbt_optimizer.optimizer - INFO - Using tpe sampler with 1000 trials
2026-01-20 16:30:06,695 - crypto_analysis.vectorbt_optimizer.parallel_runner - INFO - OP/ROCP: score=-0.5283, params={'timeperiod': 18}
2026-01-20 16:30:06,708 - crypto_analysis.vectorbt_optimizer.optimizer - INFO - Optimizing ROCR: 26 combinations
2026-01-20 16:30:06,708 - crypto_analysis.vectorbt_optimizer.optimizer - INFO - Using grid sampler with 26 trials
2026-01-20 16:30:07,314 - crypto_analysis.vectorbt_optimizer.parallel_runner - INFO - OP/ROCR: score=-0.5278, params={'timeperiod': 13, 'entry_constant': 1.0, 'exit_constant': 0.95}
2026-01-20 16:30:07,317 - crypto_analysis.vectorbt_optimizer.optimizer - INFO - Optimizing ROCR100: 936 combinations
2026-01-20 16:30:07,319 - crypto_analysis.vectorbt_optimizer.optimizer - INFO - Using tpe sampler with 1000 trials
2026-01-20 16:30:07,493 - crypto_analysis.vectorbt_optimizer.parallel_runner - INFO - TRX/PLUS_DI: score=0.2141, params={'timeperiod': 13, 'entry_constant': 32.68713838018655, 'exit_constant': 10.06687852736653}
2026-01-20 16:30:07,499 - crypto_analysis.vectorbt_optimizer.optimizer - INFO - Optimizing PLUS_DM: 26 combinations
2026-01-20 16:30:07,500 - crypto_analysis.vectorbt_optimizer.optimizer - INFO - Using grid sampler with 26 trials
2026-01-20 16:30:08,205 - crypto_analysis.vectorbt_optimizer.parallel_runner - INFO - TRX/PLUS_DM: score=-0.9468, params={'timeperiod': 27}
2026-01-20 16:30:08,209 - crypto_analysis.vectorbt_optimizer.optimizer - INFO - Optimizing ROCP: 26 combinations
2026-01-20 16:30:08,209 - crypto_analysis.vectorbt_optimizer.optimizer - INFO - Using grid sampler with 26 trials
2026-01-20 16:30:09,313 - crypto_analysis.vectorbt_optimizer.parallel_runner - INFO - TRX/ROCP: score=-0.2599, params={'timeperiod': 20}
2026-01-20 16:30:09,328 - crypto_analysis.vectorbt_optimizer.optimizer - INFO - Optimizing ROCR: 26 combinations
2026-01-20 16:30:09,329 - crypto_analysis.vectorbt_optimizer.optimizer - INFO - Using grid sampler with 26 trials
2026-01-20 16:30:09,780 - crypto_analysis.vectorbt_optimizer.parallel_runner - INFO - NEAR/PLUS_DI: score=0.8624, params={'timeperiod': 24, 'entry_constant': 30.965748292981452, 'exit_constant': 25.973879150928585}
2026-01-20 16:30:09,784 - crypto_analysis.vectorbt_optimizer.optimizer - INFO - Optimizing PLUS_DM: 26 combinations
2026-01-20 16:30:09,784 - crypto_analysis.vectorbt_optimizer.optimizer - INFO - Using grid sampler with 26 trials
2026-01-20 16:30:09,944 - crypto_analysis.vectorbt_optimizer.parallel_runner - INFO - TRX/ROCR: score=0.0761, params={'timeperiod': 14, 'entry_constant': 1.0, 'exit_constant': 0.95}
2026-01-20 16:30:09,948 - crypto_analysis.vectorbt_optimizer.optimizer - INFO - Optimizing ROCR100: 936 combinations
2026-01-20 16:30:09,949 - crypto_analysis.vectorbt_optimizer.optimizer - INFO - Using tpe sampler with 1000 trials
2026-01-20 16:30:10,807 - crypto_analysis.vectorbt_optimizer.parallel_runner - INFO - NEAR/PLUS_DM: score=-0.9734, params={'timeperiod': 25}
2026-01-20 16:30:10,813 - crypto_analysis.vectorbt_optimizer.optimizer - INFO - Optimizing ROCP: 26 combinations
2026-01-20 16:30:10,813 - crypto_analysis.vectorbt_optimizer.optimizer - INFO - Using grid sampler with 26 trials
2026-01-20 16:30:11,858 - crypto_analysis.vectorbt_optimizer.parallel_runner - INFO - LTC/PLUS_DI: score=0.3432, params={'timeperiod': 16, 'entry_constant': 39.96809744698108, 'exit_constant': 18.1420204846401}
2026-01-20 16:30:11,861 - crypto_analysis.vectorbt_optimizer.optimizer - INFO - Optimizing PLUS_DM: 26 combinations
2026-01-20 16:30:11,861 - crypto_analysis.vectorbt_optimizer.optimizer - INFO - Using grid sampler with 26 trials
2026-01-20 16:30:11,883 - crypto_analysis.vectorbt_optimizer.parallel_runner - INFO - NEAR/ROCP: score=-0.4837, params={'timeperiod': 8}
2026-01-20 16:30:11,898 - crypto_analysis.vectorbt_optimizer.optimizer - INFO - Optimizing ROCR: 26 combinations
2026-01-20 16:30:11,898 - crypto_analysis.vectorbt_optimizer.optimizer - INFO - Using grid sampler with 26 trials
2026-01-20 16:30:12,444 - crypto_analysis.vectorbt_optimizer.parallel_runner - INFO - NEAR/ROCR: score=-0.4963, params={'timeperiod': 8, 'entry_constant': 1.0, 'exit_constant': 0.95}
2026-01-20 16:30:12,448 - crypto_analysis.vectorbt_optimizer.optimizer - INFO - Optimizing ROCR100: 936 combinations
2026-01-20 16:30:12,449 - crypto_analysis.vectorbt_optimizer.optimizer - INFO - Using tpe sampler with 1000 trials
2026-01-20 16:30:12,503 - crypto_analysis.vectorbt_optimizer.parallel_runner - INFO - LTC/PLUS_DM: score=-0.9893, params={'timeperiod': 9}
2026-01-20 16:30:12,509 - crypto_analysis.vectorbt_optimizer.optimizer - INFO - Optimizing ROCP: 26 combinations
2026-01-20 16:30:12,510 - crypto_analysis.vectorbt_optimizer.optimizer - INFO - Using grid sampler with 26 trials
2026-01-20 16:30:13,540 - crypto_analysis.vectorbt_optimizer.parallel_runner - INFO - LTC/ROCP: score=-0.6124, params={'timeperiod': 18}
2026-01-20 16:30:13,554 - crypto_analysis.vectorbt_optimizer.optimizer - INFO - Optimizing ROCR: 26 combinations
2026-01-20 16:30:13,555 - crypto_analysis.vectorbt_optimizer.optimizer - INFO - Using grid sampler with 26 trials
2026-01-20 16:30:14,088 - crypto_analysis.vectorbt_optimizer.parallel_runner - INFO - LTC/ROCR: score=-0.1483, params={'timeperiod': 7, 'entry_constant': 1.0, 'exit_constant': 0.95}
2026-01-20 16:30:14,091 - crypto_analysis.vectorbt_optimizer.optimizer - INFO - Optimizing ROCR100: 936 combinations
2026-01-20 16:30:14,092 - crypto_analysis.vectorbt_optimizer.optimizer - INFO - Using tpe sampler with 1000 trials
2026-01-20 16:30:20,103 - crypto_analysis.vectorbt_optimizer.parallel_runner - INFO - LRC/PLUS_DI: score=-0.3291, params={'timeperiod': 29, 'entry_constant': 38.769448754262314, 'exit_constant': 24.89061876288089}
2026-01-20 16:30:20,106 - crypto_analysis.vectorbt_optimizer.optimizer - INFO - Optimizing PLUS_DM: 26 combinations
2026-01-20 16:30:20,107 - crypto_analysis.vectorbt_optimizer.optimizer - INFO - Using grid sampler with 26 trials
2026-01-20 16:30:20,849 - crypto_analysis.vectorbt_optimizer.parallel_runner - INFO - LRC/PLUS_DM: score=-0.9843, params={'timeperiod': 27}
2026-01-20 16:30:20,855 - crypto_analysis.vectorbt_optimizer.optimizer - INFO - Optimizing ROCP: 26 combinations
2026-01-20 16:30:20,855 - crypto_analysis.vectorbt_optimizer.optimizer - INFO - Using grid sampler with 26 trials
2026-01-20 16:30:21,893 - crypto_analysis.vectorbt_optimizer.parallel_runner - INFO - LRC/ROCP: score=-0.7508, params={'timeperiod': 17}
2026-01-20 16:30:21,905 - crypto_analysis.vectorbt_optimizer.optimizer - INFO - Optimizing ROCR: 26 combinations
2026-01-20 16:30:21,905 - crypto_analysis.vectorbt_optimizer.optimizer - INFO - Using grid sampler with 26 trials
2026-01-20 16:30:22,453 - crypto_analysis.vectorbt_optimizer.parallel_runner - INFO - LRC/ROCR: score=-0.6064, params={'timeperiod': 16, 'entry_constant': 1.0, 'exit_constant': 0.95}
2026-01-20 16:30:22,457 - crypto_analysis.vectorbt_optimizer.optimizer - INFO - Optimizing ROCR100: 936 combinations
2026-01-20 16:30:22,458 - crypto_analysis.vectorbt_optimizer.optimizer - INFO - Using tpe sampler with 1000 trials
2026-01-20 16:30:22,551 - crypto_analysis.vectorbt_optimizer.parallel_runner - INFO - DOGE/PLUS_DI: score=1.2791, params={'timeperiod': 27, 'entry_constant': 30.907331810843207, 'exit_constant': 20.830750388836144}
2026-01-20 16:30:22,555 - crypto_analysis.vectorbt_optimizer.optimizer - INFO - Optimizing PLUS_DM: 26 combinations
2026-01-20 16:30:22,556 - crypto_analysis.vectorbt_optimizer.optimizer - INFO - Using grid sampler with 26 trials
2026-01-20 16:30:23,240 - crypto_analysis.vectorbt_optimizer.parallel_runner - INFO - DOGE/PLUS_DM: score=-0.9868, params={'timeperiod': 30}
2026-01-20 16:30:23,246 - crypto_analysis.vectorbt_optimizer.optimizer - INFO - Optimizing ROCP: 26 combinations
2026-01-20 16:30:23,246 - crypto_analysis.vectorbt_optimizer.optimizer - INFO - Using grid sampler with 26 trials
2026-01-20 16:30:23,609 - crypto_analysis.vectorbt_optimizer.parallel_runner - INFO - XLM/PLUS_DI: score=0.8153, params={'timeperiod': 29, 'entry_constant': 32.254635471761006, 'exit_constant': 20.067661053126532}
2026-01-20 16:30:23,613 - crypto_analysis.vectorbt_optimizer.optimizer - INFO - Optimizing PLUS_DM: 26 combinations
2026-01-20 16:30:23,613 - crypto_analysis.vectorbt_optimizer.optimizer - INFO - Using grid sampler with 26 trials
2026-01-20 16:30:24,087 - crypto_analysis.vectorbt_optimizer.parallel_runner - INFO - VET/PLUS_DI: score=0.1140, params={'timeperiod': 28, 'entry_constant': 39.57391278335793, 'exit_constant': 27.876468984033135}
2026-01-20 16:30:24,090 - crypto_analysis.vectorbt_optimizer.optimizer - INFO - Optimizing PLUS_DM: 26 combinations
2026-01-20 16:30:24,090 - crypto_analysis.vectorbt_optimizer.optimizer - INFO - Using grid sampler with 26 trials
2026-01-20 16:30:24,255 - crypto_analysis.vectorbt_optimizer.parallel_runner - INFO - DOGE/ROCP: score=-0.4033, params={'timeperiod': 20}
2026-01-20 16:30:24,273 - crypto_analysis.vectorbt_optimizer.optimizer - INFO - Optimizing ROCR: 26 combinations
2026-01-20 16:30:24,273 - crypto_analysis.vectorbt_optimizer.optimizer - INFO - Using grid sampler with 26 trials
2026-01-20 16:30:24,288 - crypto_analysis.vectorbt_optimizer.parallel_runner - INFO - XLM/PLUS_DM: score=-0.9820, params={'timeperiod': 24}
2026-01-20 16:30:24,294 - crypto_analysis.vectorbt_optimizer.optimizer - INFO - Optimizing ROCP: 26 combinations
2026-01-20 16:30:24,295 - crypto_analysis.vectorbt_optimizer.optimizer - INFO - Using grid sampler with 26 trials
2026-01-20 16:30:24,765 - crypto_analysis.vectorbt_optimizer.parallel_runner - INFO - VET/PLUS_DM: score=-0.9880, params={'timeperiod': 20}
2026-01-20 16:30:24,770 - crypto_analysis.vectorbt_optimizer.optimizer - INFO - Optimizing ROCP: 26 combinations
2026-01-20 16:30:24,771 - crypto_analysis.vectorbt_optimizer.optimizer - INFO - Using grid sampler with 26 trials
2026-01-20 16:30:24,857 - crypto_analysis.vectorbt_optimizer.parallel_runner - INFO - DOGE/ROCR: score=-0.5169, params={'timeperiod': 6, 'entry_constant': 1.0, 'exit_constant': 0.95}
2026-01-20 16:30:24,861 - crypto_analysis.vectorbt_optimizer.optimizer - INFO - Optimizing ROCR100: 936 combinations
2026-01-20 16:30:24,862 - crypto_analysis.vectorbt_optimizer.optimizer - INFO - Using tpe sampler with 1000 trials
2026-01-20 16:30:25,296 - crypto_analysis.vectorbt_optimizer.parallel_runner - INFO - XLM/ROCP: score=-0.5500, params={'timeperiod': 17}
2026-01-20 16:30:25,309 - crypto_analysis.vectorbt_optimizer.optimizer - INFO - Optimizing ROCR: 26 combinations
2026-01-20 16:30:25,310 - crypto_analysis.vectorbt_optimizer.optimizer - INFO - Using grid sampler with 26 trials
2026-01-20 16:30:25,828 - crypto_analysis.vectorbt_optimizer.parallel_runner - INFO - VET/ROCP: score=-0.7590, params={'timeperiod': 18}
2026-01-20 16:30:25,842 - crypto_analysis.vectorbt_optimizer.optimizer - INFO - Optimizing ROCR: 26 combinations
2026-01-20 16:30:25,842 - crypto_analysis.vectorbt_optimizer.optimizer - INFO - Using grid sampler with 26 trials
2026-01-20 16:30:25,887 - crypto_analysis.vectorbt_optimizer.parallel_runner - INFO - XLM/ROCR: score=-0.4766, params={'timeperiod': 8, 'entry_constant': 1.0, 'exit_constant': 0.95}
2026-01-20 16:30:25,891 - crypto_analysis.vectorbt_optimizer.optimizer - INFO - Optimizing ROCR100: 936 combinations
2026-01-20 16:30:25,892 - crypto_analysis.vectorbt_optimizer.optimizer - INFO - Using tpe sampler with 1000 trials
2026-01-20 16:30:26,431 - crypto_analysis.vectorbt_optimizer.parallel_runner - INFO - VET/ROCR: score=-0.7285, params={'timeperiod': 13, 'entry_constant': 1.0, 'exit_constant': 0.95}
2026-01-20 16:30:26,435 - crypto_analysis.vectorbt_optimizer.optimizer - INFO - Optimizing ROCR100: 936 combinations
2026-01-20 16:30:26,437 - crypto_analysis.vectorbt_optimizer.optimizer - INFO - Using tpe sampler with 1000 trials
2026-01-20 16:30:27,787 - crypto_analysis.vectorbt_optimizer.parallel_runner - INFO - ALGO/PLUS_DI: score=0.9295, params={'timeperiod': 30, 'entry_constant': 31.52931333663222, 'exit_constant': 25.362408092573304}
2026-01-20 16:30:27,791 - crypto_analysis.vectorbt_optimizer.optimizer - INFO - Optimizing PLUS_DM: 26 combinations
2026-01-20 16:30:27,792 - crypto_analysis.vectorbt_optimizer.optimizer - INFO - Using grid sampler with 26 trials
2026-01-20 16:30:28,468 - crypto_analysis.vectorbt_optimizer.parallel_runner - INFO - ALGO/PLUS_DM: score=-0.9831, params={'timeperiod': 8}
2026-01-20 16:30:28,474 - crypto_analysis.vectorbt_optimizer.optimizer - INFO - Optimizing ROCP: 26 combinations
2026-01-20 16:30:28,475 - crypto_analysis.vectorbt_optimizer.optimizer - INFO - Using grid sampler with 26 trials
2026-01-20 16:30:29,541 - crypto_analysis.vectorbt_optimizer.parallel_runner - INFO - ALGO/ROCP: score=-0.7303, params={'timeperiod': 8}
2026-01-20 16:30:29,556 - crypto_analysis.vectorbt_optimizer.optimizer - INFO - Optimizing ROCR: 26 combinations
2026-01-20 16:30:29,556 - crypto_analysis.vectorbt_optimizer.optimizer - INFO - Using grid sampler with 26 trials
2026-01-20 16:30:30,161 - crypto_analysis.vectorbt_optimizer.parallel_runner - INFO - ALGO/ROCR: score=-0.6122, params={'timeperiod': 8, 'entry_constant': 1.0, 'exit_constant': 0.95}
2026-01-20 16:30:30,165 - crypto_analysis.vectorbt_optimizer.optimizer - INFO - Optimizing ROCR100: 936 combinations
2026-01-20 16:30:30,166 - crypto_analysis.vectorbt_optimizer.optimizer - INFO - Using tpe sampler with 1000 trials
2026-01-20 16:30:52,791 - crypto_analysis.vectorbt_optimizer.parallel_runner - INFO - ARB/ROCR100: score=1.3279, params={'timeperiod': 5, 'entry_constant': 104.69038277280373, 'exit_constant': 97.88708078357544}
2026-01-20 16:30:52,794 - crypto_analysis.vectorbt_optimizer.optimizer - INFO - Optimizing STOCHF: 26460 combinations
2026-01-20 16:30:52,795 - crypto_analysis.vectorbt_optimizer.optimizer - INFO - Using tpe sampler with 1000 trials
2026-01-20 16:30:54,094 - crypto_analysis.vectorbt_optimizer.parallel_runner - INFO - OP/ROCR100: score=0.5942, params={'timeperiod': 13, 'entry_constant': 102.85980125032563, 'exit_constant': 99.59312166722167}
2026-01-20 16:30:54,097 - crypto_analysis.vectorbt_optimizer.optimizer - INFO - Optimizing STOCHF: 26460 combinations
2026-01-20 16:30:54,098 - crypto_analysis.vectorbt_optimizer.optimizer - INFO - Using tpe sampler with 1000 trials
2026-01-20 16:30:57,664 - crypto_analysis.vectorbt_optimizer.parallel_runner - INFO - TRX/ROCR100: score=0.5251, params={'timeperiod': 6, 'entry_constant': 102.28818912421173, 'exit_constant': 96.8265281531823}
2026-01-20 16:30:57,667 - crypto_analysis.vectorbt_optimizer.optimizer - INFO - Optimizing STOCHF: 26460 combinations
2026-01-20 16:30:57,668 - crypto_analysis.vectorbt_optimizer.optimizer - INFO - Using tpe sampler with 1000 trials
2026-01-20 16:31:00,363 - crypto_analysis.vectorbt_optimizer.parallel_runner - INFO - NEAR/ROCR100: score=0.3666, params={'timeperiod': 6, 'entry_constant': 101.84331748851247, 'exit_constant': 96.70595896096808}
2026-01-20 16:31:00,366 - crypto_analysis.vectorbt_optimizer.optimizer - INFO - Optimizing STOCHF: 26460 combinations
2026-01-20 16:31:00,367 - crypto_analysis.vectorbt_optimizer.optimizer - INFO - Using tpe sampler with 1000 trials
2026-01-20 16:31:01,204 - crypto_analysis.vectorbt_optimizer.parallel_runner - INFO - LTC/ROCR100: score=0.4041, params={'timeperiod': 13, 'entry_constant': 102.62641079579215, 'exit_constant': 97.75326514612422}
2026-01-20 16:31:01,207 - crypto_analysis.vectorbt_optimizer.optimizer - INFO - Optimizing STOCHF: 26460 combinations
2026-01-20 16:31:01,207 - crypto_analysis.vectorbt_optimizer.optimizer - INFO - Using tpe sampler with 1000 trials
2026-01-20 16:31:09,726 - crypto_analysis.vectorbt_optimizer.parallel_runner - INFO - LRC/ROCR100: score=-0.2713, params={'timeperiod': 6, 'entry_constant': 101.54703969312155, 'exit_constant': 98.00748516253744}
2026-01-20 16:31:09,729 - crypto_analysis.vectorbt_optimizer.optimizer - INFO - Optimizing STOCHF: 26460 combinations
2026-01-20 16:31:09,730 - crypto_analysis.vectorbt_optimizer.optimizer - INFO - Using tpe sampler with 1000 trials
2026-01-20 16:31:11,898 - crypto_analysis.vectorbt_optimizer.parallel_runner - INFO - DOGE/ROCR100: score=0.7387, params={'timeperiod': 17, 'entry_constant': 103.03306411174111, 'exit_constant': 98.76052301730412}
2026-01-20 16:31:11,901 - crypto_analysis.vectorbt_optimizer.optimizer - INFO - Optimizing STOCHF: 26460 combinations
2026-01-20 16:31:11,902 - crypto_analysis.vectorbt_optimizer.optimizer - INFO - Using tpe sampler with 1000 trials
2026-01-20 16:31:13,503 - crypto_analysis.vectorbt_optimizer.parallel_runner - INFO - XLM/ROCR100: score=0.4872, params={'timeperiod': 28, 'entry_constant': 103.53075334825161, 'exit_constant': 99.40484914334495}
2026-01-20 16:31:13,507 - crypto_analysis.vectorbt_optimizer.optimizer - INFO - Optimizing STOCHF: 26460 combinations
2026-01-20 16:31:13,508 - crypto_analysis.vectorbt_optimizer.optimizer - INFO - Using tpe sampler with 1000 trials
2026-01-20 16:31:13,887 - crypto_analysis.vectorbt_optimizer.parallel_runner - INFO - VET/ROCR100: score=0.5331, params={'timeperiod': 5, 'entry_constant': 104.76280855736212, 'exit_constant': 98.31187867756383}
2026-01-20 16:31:13,891 - crypto_analysis.vectorbt_optimizer.optimizer - INFO - Optimizing STOCHF: 26460 combinations
2026-01-20 16:31:13,892 - crypto_analysis.vectorbt_optimizer.optimizer - INFO - Using tpe sampler with 1000 trials
2026-01-20 16:31:17,670 - crypto_analysis.vectorbt_optimizer.parallel_runner - INFO - ALGO/ROCR100: score=0.8684, params={'timeperiod': 6, 'entry_constant': 102.61784961731294, 'exit_constant': 97.8165632898533}
2026-01-20 16:31:17,673 - crypto_analysis.vectorbt_optimizer.optimizer - INFO - Optimizing STOCHF: 26460 combinations
2026-01-20 16:31:17,674 - crypto_analysis.vectorbt_optimizer.optimizer - INFO - Using tpe sampler with 1000 trials
2026-01-20 16:31:50,128 - crypto_analysis.vectorbt_optimizer.parallel_runner - INFO - ARB/STOCHF: score=-0.6828, params={'fastk_period': 12, 'fastd_period': 3, 'entry_constant': 13.668583309017741, 'exit_constant': 89.9295698378763}
2026-01-20 16:31:50,132 - crypto_analysis.vectorbt_optimizer.optimizer - INFO - Optimizing SMA: 9168 combinations
2026-01-20 16:31:50,133 - crypto_analysis.vectorbt_optimizer.optimizer - INFO - Using tpe sampler with 1000 trials
2026-01-20 16:31:51,514 - crypto_analysis.vectorbt_optimizer.parallel_runner - INFO - OP/STOCHF: score=-0.6658, params={'fastk_period': 11, 'fastd_period': 2, 'entry_constant': 11.356248016949865, 'exit_constant': 84.50422813620924}
2026-01-20 16:31:51,519 - crypto_analysis.vectorbt_optimizer.optimizer - INFO - Optimizing SMA: 9168 combinations
2026-01-20 16:31:51,520 - crypto_analysis.vectorbt_optimizer.optimizer - INFO - Using tpe sampler with 1000 trials
2026-01-20 16:31:56,707 - crypto_analysis.vectorbt_optimizer.parallel_runner - INFO - TRX/STOCHF: score=-0.1570, params={'fastk_period': 14, 'fastd_period': 1, 'entry_constant': 11.239181532505164, 'exit_constant': 89.99495906455873}
2026-01-20 16:31:56,713 - crypto_analysis.vectorbt_optimizer.optimizer - INFO - Optimizing SMA: 9168 combinations
2026-01-20 16:31:56,714 - crypto_analysis.vectorbt_optimizer.optimizer - INFO - Using tpe sampler with 1000 trials
2026-01-20 16:31:58,078 - crypto_analysis.vectorbt_optimizer.parallel_runner - INFO - NEAR/STOCHF: score=-0.4934, params={'fastk_period': 3, 'fastd_period': 4, 'entry_constant': 12.46957773775113, 'exit_constant': 89.67640615614302}
2026-01-20 16:31:58,082 - crypto_analysis.vectorbt_optimizer.optimizer - INFO - Optimizing SMA: 9168 combinations
2026-01-20 16:31:58,083 - crypto_analysis.vectorbt_optimizer.optimizer - INFO - Using tpe sampler with 1000 trials
2026-01-20 16:31:58,799 - crypto_analysis.vectorbt_optimizer.parallel_runner - INFO - LTC/STOCHF: score=-0.1512, params={'fastk_period': 3, 'fastd_period': 1, 'entry_constant': 19.05364024991464, 'exit_constant': 87.43180490233695}
2026-01-20 16:31:58,803 - crypto_analysis.vectorbt_optimizer.optimizer - INFO - Optimizing SMA: 9168 combinations
2026-01-20 16:31:58,804 - crypto_analysis.vectorbt_optimizer.optimizer - INFO - Using tpe sampler with 1000 trials
2026-01-20 16:32:08,696 - crypto_analysis.vectorbt_optimizer.parallel_runner - INFO - LRC/STOCHF: score=-0.0366, params={'fastk_period': 3, 'fastd_period': 4, 'entry_constant': 10.742329927707997, 'exit_constant': 79.91943369415047}
2026-01-20 16:32:08,700 - crypto_analysis.vectorbt_optimizer.optimizer - INFO - Optimizing SMA: 9168 combinations
2026-01-20 16:32:08,701 - crypto_analysis.vectorbt_optimizer.optimizer - INFO - Using tpe sampler with 1000 trials
2026-01-20 16:32:10,253 - crypto_analysis.vectorbt_optimizer.parallel_runner - INFO - DOGE/STOCHF: score=-0.5145, params={'fastk_period': 3, 'fastd_period': 3, 'entry_constant': 20.66971098708514, 'exit_constant': 84.49005986751618}
2026-01-20 16:32:10,257 - crypto_analysis.vectorbt_optimizer.optimizer - INFO - Optimizing SMA: 9168 combinations
2026-01-20 16:32:10,258 - crypto_analysis.vectorbt_optimizer.optimizer - INFO - Using tpe sampler with 1000 trials
2026-01-20 16:32:12,068 - crypto_analysis.vectorbt_optimizer.parallel_runner - INFO - XLM/STOCHF: score=-0.1066, params={'fastk_period': 14, 'fastd_period': 2, 'entry_constant': 10.815077000898622, 'exit_constant': 80.46520364215786}
2026-01-20 16:32:12,072 - crypto_analysis.vectorbt_optimizer.optimizer - INFO - Optimizing SMA: 9168 combinations
2026-01-20 16:32:12,073 - crypto_analysis.vectorbt_optimizer.optimizer - INFO - Using tpe sampler with 1000 trials
2026-01-20 16:32:12,459 - crypto_analysis.vectorbt_optimizer.parallel_runner - INFO - VET/STOCHF: score=-0.2172, params={'fastk_period': 14, 'fastd_period': 5, 'entry_constant': 11.331338819387174, 'exit_constant': 73.80826302826435}
2026-01-20 16:32:12,463 - crypto_analysis.vectorbt_optimizer.optimizer - INFO - Optimizing SMA: 9168 combinations
2026-01-20 16:32:12,464 - crypto_analysis.vectorbt_optimizer.optimizer - INFO - Using tpe sampler with 1000 trials
2026-01-20 16:32:16,201 - crypto_analysis.vectorbt_optimizer.parallel_runner - INFO - ALGO/STOCHF: score=-0.3370, params={'fastk_period': 10, 'fastd_period': 4, 'entry_constant': 10.807152967044956, 'exit_constant': 70.62803280073659}
2026-01-20 16:32:16,205 - crypto_analysis.vectorbt_optimizer.optimizer - INFO - Optimizing SMA: 9168 combinations
2026-01-20 16:32:16,206 - crypto_analysis.vectorbt_optimizer.optimizer - INFO - Using tpe sampler with 1000 trials
2026-01-20 16:32:34,900 - crypto_analysis.vectorbt_optimizer.parallel_runner - INFO - ARB/SMA: score=0.0000, params={'fast_period': 10, 'slow_period': 10}
2026-01-20 16:32:34,905 - crypto_analysis.vectorbt_optimizer.optimizer - INFO - Optimizing EMA: 9168 combinations
2026-01-20 16:32:34,906 - crypto_analysis.vectorbt_optimizer.optimizer - INFO - Using tpe sampler with 1000 trials
2026-01-20 16:32:35,934 - crypto_analysis.vectorbt_optimizer.parallel_runner - INFO - OP/SMA: score=-0.2809, params={'fast_period': 13, 'slow_period': 124}
2026-01-20 16:32:35,939 - crypto_analysis.vectorbt_optimizer.optimizer - INFO - Optimizing EMA: 9168 combinations
2026-01-20 16:32:35,940 - crypto_analysis.vectorbt_optimizer.optimizer - INFO - Using tpe sampler with 1000 trials
2026-01-20 16:32:41,609 - crypto_analysis.vectorbt_optimizer.parallel_runner - INFO - TRX/SMA: score=0.2385, params={'fast_period': 41, 'slow_period': 31}
2026-01-20 16:32:41,614 - crypto_analysis.vectorbt_optimizer.optimizer - INFO - Optimizing EMA: 9168 combinations
2026-01-20 16:32:41,614 - crypto_analysis.vectorbt_optimizer.optimizer - INFO - Using tpe sampler with 1000 trials
2026-01-20 16:32:43,742 - crypto_analysis.vectorbt_optimizer.parallel_runner - INFO - LTC/SMA: score=0.5093, params={'fast_period': 43, 'slow_period': 32}
2026-01-20 16:32:43,747 - crypto_analysis.vectorbt_optimizer.optimizer - INFO - Optimizing EMA: 9168 combinations
2026-01-20 16:32:43,748 - crypto_analysis.vectorbt_optimizer.optimizer - INFO - Using tpe sampler with 1000 trials
2026-01-20 16:32:44,551 - crypto_analysis.vectorbt_optimizer.parallel_runner - INFO - NEAR/SMA: score=0.0000, params={'fast_period': 41, 'slow_period': 41}
2026-01-20 16:32:44,556 - crypto_analysis.vectorbt_optimizer.optimizer - INFO - Optimizing EMA: 9168 combinations
2026-01-20 16:32:44,557 - crypto_analysis.vectorbt_optimizer.optimizer - INFO - Using tpe sampler with 1000 trials
2026-01-20 16:32:54,334 - crypto_analysis.vectorbt_optimizer.parallel_runner - INFO - LRC/SMA: score=1.1414, params={'fast_period': 33, 'slow_period': 17}
2026-01-20 16:32:54,338 - crypto_analysis.vectorbt_optimizer.optimizer - INFO - Optimizing EMA: 9168 combinations
2026-01-20 16:32:54,339 - crypto_analysis.vectorbt_optimizer.optimizer - INFO - Using tpe sampler with 1000 trials
2026-01-20 16:32:55,124 - crypto_analysis.vectorbt_optimizer.parallel_runner - INFO - DOGE/SMA: score=-0.0199, params={'fast_period': 14, 'slow_period': 146}
2026-01-20 16:32:55,129 - crypto_analysis.vectorbt_optimizer.optimizer - INFO - Optimizing EMA: 9168 combinations
2026-01-20 16:32:55,130 - crypto_analysis.vectorbt_optimizer.optimizer - INFO - Using tpe sampler with 1000 trials
2026-01-20 16:32:57,320 - crypto_analysis.vectorbt_optimizer.parallel_runner - INFO - XLM/SMA: score=0.3424, params={'fast_period': 39, 'slow_period': 57}
2026-01-20 16:32:57,325 - crypto_analysis.vectorbt_optimizer.optimizer - INFO - Optimizing EMA: 9168 combinations
2026-01-20 16:32:57,326 - crypto_analysis.vectorbt_optimizer.optimizer - INFO - Using tpe sampler with 1000 trials
2026-01-20 16:32:58,032 - crypto_analysis.vectorbt_optimizer.parallel_runner - INFO - VET/SMA: score=0.0000, params={'fast_period': 35, 'slow_period': 35}
2026-01-20 16:32:58,037 - crypto_analysis.vectorbt_optimizer.optimizer - INFO - Optimizing EMA: 9168 combinations
2026-01-20 16:32:58,038 - crypto_analysis.vectorbt_optimizer.optimizer - INFO - Using tpe sampler with 1000 trials
2026-01-20 16:33:02,272 - crypto_analysis.vectorbt_optimizer.parallel_runner - INFO - ALGO/SMA: score=-0.0413, params={'fast_period': 15, 'slow_period': 169}
2026-01-20 16:33:02,277 - crypto_analysis.vectorbt_optimizer.optimizer - INFO - Optimizing EMA: 9168 combinations
2026-01-20 16:33:02,278 - crypto_analysis.vectorbt_optimizer.optimizer - INFO - Using tpe sampler with 1000 trials
2026-01-20 16:33:19,873 - crypto_analysis.vectorbt_optimizer.parallel_runner - INFO - ARB/EMA: score=0.0000, params={'fast_period': 40, 'slow_period': 40}
2026-01-20 16:33:19,878 - crypto_analysis.vectorbt_optimizer.optimizer - INFO - Optimizing DEMA: 96 combinations
2026-01-20 16:33:19,879 - crypto_analysis.vectorbt_optimizer.optimizer - INFO - Using grid sampler with 96 trials
2026-01-20 16:33:21,821 - crypto_analysis.vectorbt_optimizer.parallel_runner - INFO - OP/EMA: score=0.0000, params={'fast_period': 17, 'slow_period': 17}
2026-01-20 16:33:21,826 - crypto_analysis.vectorbt_optimizer.optimizer - INFO - Optimizing DEMA: 96 combinations
2026-01-20 16:33:21,827 - crypto_analysis.vectorbt_optimizer.optimizer - INFO - Using grid sampler with 96 trials
2026-01-20 16:33:25,468 - crypto_analysis.vectorbt_optimizer.parallel_runner - INFO - ARB/DEMA: score=-0.5182, params={'timeperiod': 62}
2026-01-20 16:33:25,474 - crypto_analysis.vectorbt_optimizer.optimizer - INFO - Optimizing TEMA: 96 combinations
2026-01-20 16:33:25,474 - crypto_analysis.vectorbt_optimizer.optimizer - INFO - Using grid sampler with 96 trials
2026-01-20 16:33:26,134 - crypto_analysis.vectorbt_optimizer.parallel_runner - INFO - TRX/EMA: score=0.1865, params={'fast_period': 41, 'slow_period': 40}
2026-01-20 16:33:26,139 - crypto_analysis.vectorbt_optimizer.optimizer - INFO - Optimizing DEMA: 96 combinations
2026-01-20 16:33:26,139 - crypto_analysis.vectorbt_optimizer.optimizer - INFO - Using grid sampler with 96 trials
2026-01-20 16:33:27,089 - crypto_analysis.vectorbt_optimizer.parallel_runner - INFO - OP/DEMA: score=-0.5388, params={'timeperiod': 44}
2026-01-20 16:33:27,094 - crypto_analysis.vectorbt_optimizer.optimizer - INFO - Optimizing TEMA: 96 combinations
2026-01-20 16:33:27,095 - crypto_analysis.vectorbt_optimizer.optimizer - INFO - Using grid sampler with 96 trials
2026-01-20 16:33:28,389 - crypto_analysis.vectorbt_optimizer.parallel_runner - INFO - LTC/EMA: score=0.9934, params={'fast_period': 42, 'slow_period': 28}
2026-01-20 16:33:28,394 - crypto_analysis.vectorbt_optimizer.optimizer - INFO - Optimizing DEMA: 96 combinations
2026-01-20 16:33:28,394 - crypto_analysis.vectorbt_optimizer.optimizer - INFO - Using grid sampler with 96 trials
2026-01-20 16:33:30,729 - crypto_analysis.vectorbt_optimizer.parallel_runner - INFO - ARB/TEMA: score=-0.2536, params={'timeperiod': 100}
2026-01-20 16:33:30,734 - crypto_analysis.vectorbt_optimizer.optimizer - INFO - Optimizing KAMA: 26 combinations
2026-01-20 16:33:30,734 - crypto_analysis.vectorbt_optimizer.optimizer - INFO - Using grid sampler with 26 trials
2026-01-20 16:33:31,254 - crypto_analysis.vectorbt_optimizer.parallel_runner - INFO - TRX/DEMA: score=-0.2359, params={'timeperiod': 70}
2026-01-20 16:33:31,258 - crypto_analysis.vectorbt_optimizer.optimizer - INFO - Optimizing TEMA: 96 combinations
2026-01-20 16:33:31,259 - crypto_analysis.vectorbt_optimizer.parallel_runner - INFO - NEAR/EMA: score=0.0000, params={'fast_period': 34, 'slow_period': 34}
2026-01-20 16:33:31,259 - crypto_analysis.vectorbt_optimizer.optimizer - INFO - Using grid sampler with 96 trials
2026-01-20 16:33:31,264 - crypto_analysis.vectorbt_optimizer.optimizer - INFO - Optimizing DEMA: 96 combinations
2026-01-20 16:33:31,265 - crypto_analysis.vectorbt_optimizer.optimizer - INFO - Using grid sampler with 96 trials
2026-01-20 16:33:31,341 - crypto_analysis.vectorbt_optimizer.parallel_runner - INFO - ARB/KAMA: score=-0.5546, params={'timeperiod': 25}
2026-01-20 16:33:31,345 - crypto_analysis.vectorbt_optimizer.optimizer - INFO - Optimizing WMA: 96 combinations
2026-01-20 16:33:31,346 - crypto_analysis.vectorbt_optimizer.optimizer - INFO - Using grid sampler with 96 trials
2026-01-20 16:33:32,277 - crypto_analysis.vectorbt_optimizer.parallel_runner - INFO - OP/TEMA: score=-0.3510, params={'timeperiod': 58}
2026-01-20 16:33:32,282 - crypto_analysis.vectorbt_optimizer.optimizer - INFO - Optimizing KAMA: 26 combinations
2026-01-20 16:33:32,283 - crypto_analysis.vectorbt_optimizer.optimizer - INFO - Using grid sampler with 26 trials
2026-01-20 16:33:32,926 - crypto_analysis.vectorbt_optimizer.parallel_runner - INFO - OP/KAMA: score=-0.7190, params={'timeperiod': 27}
2026-01-20 16:33:32,931 - crypto_analysis.vectorbt_optimizer.optimizer - INFO - Optimizing WMA: 96 combinations
2026-01-20 16:33:32,932 - crypto_analysis.vectorbt_optimizer.optimizer - INFO - Using grid sampler with 96 trials
2026-01-20 16:33:33,507 - crypto_analysis.vectorbt_optimizer.parallel_runner - INFO - LTC/DEMA: score=-0.4854, params={'timeperiod': 44}
2026-01-20 16:33:33,512 - crypto_analysis.vectorbt_optimizer.optimizer - INFO - Optimizing TEMA: 96 combinations
2026-01-20 16:33:33,512 - crypto_analysis.vectorbt_optimizer.optimizer - INFO - Using grid sampler with 96 trials
2026-01-20 16:33:36,509 - crypto_analysis.vectorbt_optimizer.parallel_runner - INFO - ARB/WMA: score=-0.5752, params={'timeperiod': 87}
2026-01-20 16:33:36,515 - crypto_analysis.vectorbt_optimizer.optimizer - INFO - Optimizing TRIMA: 96 combinations
2026-01-20 16:33:36,515 - crypto_analysis.vectorbt_optimizer.optimizer - INFO - Using grid sampler with 96 trials
2026-01-20 16:33:36,570 - crypto_analysis.vectorbt_optimizer.parallel_runner - INFO - NEAR/DEMA: score=-0.5456, params={'timeperiod': 89}
2026-01-20 16:33:36,576 - crypto_analysis.vectorbt_optimizer.optimizer - INFO - Optimizing TEMA: 96 combinations
2026-01-20 16:33:36,577 - crypto_analysis.vectorbt_optimizer.optimizer - INFO - Using grid sampler with 96 trials
2026-01-20 16:33:36,764 - crypto_analysis.vectorbt_optimizer.parallel_runner - INFO - TRX/TEMA: score=-0.3356, params={'timeperiod': 100}
2026-01-20 16:33:36,769 - crypto_analysis.vectorbt_optimizer.optimizer - INFO - Optimizing KAMA: 26 combinations
2026-01-20 16:33:36,770 - crypto_analysis.vectorbt_optimizer.optimizer - INFO - Using grid sampler with 26 trials
2026-01-20 16:33:37,354 - crypto_analysis.vectorbt_optimizer.parallel_runner - INFO - TRX/KAMA: score=-0.3150, params={'timeperiod': 24}
2026-01-20 16:33:37,360 - crypto_analysis.vectorbt_optimizer.optimizer - INFO - Optimizing WMA: 96 combinations
2026-01-20 16:33:37,361 - crypto_analysis.vectorbt_optimizer.optimizer - INFO - Using grid sampler with 96 trials
2026-01-20 16:33:38,013 - crypto_analysis.vectorbt_optimizer.parallel_runner - INFO - OP/WMA: score=-0.6774, params={'timeperiod': 25}
2026-01-20 16:33:38,018 - crypto_analysis.vectorbt_optimizer.optimizer - INFO - Optimizing TRIMA: 96 combinations
2026-01-20 16:33:38,019 - crypto_analysis.vectorbt_optimizer.optimizer - INFO - Using grid sampler with 96 trials
2026-01-20 16:33:38,533 - crypto_analysis.vectorbt_optimizer.parallel_runner - INFO - LTC/TEMA: score=-0.4028, params={'timeperiod': 62}
2026-01-20 16:33:38,538 - crypto_analysis.vectorbt_optimizer.optimizer - INFO - Optimizing KAMA: 26 combinations
2026-01-20 16:33:38,538 - crypto_analysis.vectorbt_optimizer.optimizer - INFO - Using grid sampler with 26 trials
2026-01-20 16:33:39,197 - crypto_analysis.vectorbt_optimizer.parallel_runner - INFO - LTC/KAMA: score=-0.7735, params={'timeperiod': 26}
2026-01-20 16:33:39,203 - crypto_analysis.vectorbt_optimizer.optimizer - INFO - Optimizing WMA: 96 combinations
2026-01-20 16:33:39,203 - crypto_analysis.vectorbt_optimizer.optimizer - INFO - Using grid sampler with 96 trials
2026-01-20 16:33:40,082 - crypto_analysis.vectorbt_optimizer.parallel_runner - INFO - LRC/EMA: score=0.7606, params={'fast_period': 41, 'slow_period': 30}
2026-01-20 16:33:40,086 - crypto_analysis.vectorbt_optimizer.optimizer - INFO - Optimizing DEMA: 96 combinations
2026-01-20 16:33:40,087 - crypto_analysis.vectorbt_optimizer.optimizer - INFO - Using grid sampler with 96 trials
2026-01-20 16:33:40,314 - crypto_analysis.vectorbt_optimizer.parallel_runner - INFO - DOGE/EMA: score=0.0110, params={'fast_period': 17, 'slow_period': 49}
2026-01-20 16:33:40,319 - crypto_analysis.vectorbt_optimizer.optimizer - INFO - Optimizing DEMA: 96 combinations
2026-01-20 16:33:40,320 - crypto_analysis.vectorbt_optimizer.optimizer - INFO - Using grid sampler with 96 trials
2026-01-20 16:33:41,596 - crypto_analysis.vectorbt_optimizer.parallel_runner - INFO - ARB/TRIMA: score=-0.3695, params={'timeperiod': 67}
2026-01-20 16:33:41,601 - crypto_analysis.vectorbt_optimizer.optimizer - INFO - Optimizing T3: 46 combinations
2026-01-20 16:33:41,601 - crypto_analysis.vectorbt_optimizer.optimizer - INFO - Using grid sampler with 46 trials
2026-01-20 16:33:41,928 - crypto_analysis.vectorbt_optimizer.parallel_runner - INFO - NEAR/TEMA: score=-0.4549, params={'timeperiod': 98}
2026-01-20 16:33:41,935 - crypto_analysis.vectorbt_optimizer.optimizer - INFO - Optimizing KAMA: 26 combinations
2026-01-20 16:33:41,936 - crypto_analysis.vectorbt_optimizer.optimizer - INFO - Using grid sampler with 26 trials
2026-01-20 16:33:42,020 - crypto_analysis.vectorbt_optimizer.parallel_runner - INFO - XLM/EMA: score=-0.0256, params={'fast_period': 21, 'slow_period': 99}
2026-01-20 16:33:42,024 - crypto_analysis.vectorbt_optimizer.optimizer - INFO - Optimizing DEMA: 96 combinations
2026-01-20 16:33:42,025 - crypto_analysis.vectorbt_optimizer.optimizer - INFO - Using grid sampler with 96 trials
2026-01-20 16:33:42,316 - crypto_analysis.vectorbt_optimizer.parallel_runner - INFO - TRX/WMA: score=-0.3133, params={'timeperiod': 94}
2026-01-20 16:33:42,321 - crypto_analysis.vectorbt_optimizer.optimizer - INFO - Optimizing TRIMA: 96 combinations
2026-01-20 16:33:42,322 - crypto_analysis.vectorbt_optimizer.optimizer - INFO - Using grid sampler with 96 trials
2026-01-20 16:33:42,547 - crypto_analysis.vectorbt_optimizer.parallel_runner - INFO - NEAR/KAMA: score=-0.7354, params={'timeperiod': 15}
2026-01-20 16:33:42,554 - crypto_analysis.vectorbt_optimizer.optimizer - INFO - Optimizing WMA: 96 combinations
2026-01-20 16:33:42,554 - crypto_analysis.vectorbt_optimizer.optimizer - INFO - Using grid sampler with 96 trials
2026-01-20 16:33:42,803 - crypto_analysis.vectorbt_optimizer.parallel_runner - INFO - ARB/T3: score=-0.3324, params={'timeperiod': 25, 'vfactor': 1.0}
2026-01-20 16:33:42,808 - crypto_analysis.vectorbt_optimizer.optimizer - INFO - Optimizing SAR: 1 combinations
2026-01-20 16:33:42,809 - crypto_analysis.vectorbt_optimizer.optimizer - INFO - Using grid sampler with 1 trials
2026-01-20 16:33:42,861 - crypto_analysis.vectorbt_optimizer.parallel_runner - INFO - ARB/SAR: score=0.0568, params={'acceleration': 0.01, 'maximum': 0.1}
2026-01-20 16:33:42,866 - crypto_analysis.vectorbt_optimizer.optimizer - INFO - Optimizing BBANDS: 369 combinations
2026-01-20 16:33:42,866 - crypto_analysis.vectorbt_optimizer.optimizer - INFO - Using grid sampler with 369 trials
2026-01-20 16:33:43,097 - crypto_analysis.vectorbt_optimizer.parallel_runner - INFO - OP/TRIMA: score=-0.4769, params={'timeperiod': 24}
2026-01-20 16:33:43,102 - crypto_analysis.vectorbt_optimizer.optimizer - INFO - Optimizing T3: 46 combinations
2026-01-20 16:33:43,103 - crypto_analysis.vectorbt_optimizer.optimizer - INFO - Using grid sampler with 46 trials
2026-01-20 16:33:43,179 - crypto_analysis.vectorbt_optimizer.parallel_runner - INFO - VET/EMA: score=0.0000, params={'fast_period': 48, 'slow_period': 48}
2026-01-20 16:33:43,185 - crypto_analysis.vectorbt_optimizer.optimizer - INFO - Optimizing DEMA: 96 combinations
2026-01-20 16:33:43,185 - crypto_analysis.vectorbt_optimizer.optimizer - INFO - Using grid sampler with 96 trials
2026-01-20 16:33:44,338 - crypto_analysis.vectorbt_optimizer.parallel_runner - INFO - OP/T3: score=-0.2121, params={'timeperiod': 24, 'vfactor': 1.0}
2026-01-20 16:33:44,344 - crypto_analysis.vectorbt_optimizer.optimizer - INFO - Optimizing SAR: 1 combinations
2026-01-20 16:33:44,344 - crypto_analysis.vectorbt_optimizer.optimizer - INFO - Using grid sampler with 1 trials
2026-01-20 16:33:44,350 - crypto_analysis.vectorbt_optimizer.parallel_runner - INFO - LTC/WMA: score=-0.7244, params={'timeperiod': 31}
2026-01-20 16:33:44,355 - crypto_analysis.vectorbt_optimizer.optimizer - INFO - Optimizing TRIMA: 96 combinations
2026-01-20 16:33:44,355 - crypto_analysis.vectorbt_optimizer.optimizer - INFO - Using grid sampler with 96 trials
2026-01-20 16:33:44,400 - crypto_analysis.vectorbt_optimizer.parallel_runner - INFO - OP/SAR: score=-0.0952, params={'acceleration': 0.01, 'maximum': 0.1}
2026-01-20 16:33:44,406 - crypto_analysis.vectorbt_optimizer.optimizer - INFO - Optimizing BBANDS: 369 combinations
2026-01-20 16:33:44,406 - crypto_analysis.vectorbt_optimizer.optimizer - INFO - Using grid sampler with 369 trials
2026-01-20 16:33:45,318 - crypto_analysis.vectorbt_optimizer.parallel_runner - INFO - LRC/DEMA: score=-0.7716, params={'timeperiod': 33}
2026-01-20 16:33:45,323 - crypto_analysis.vectorbt_optimizer.optimizer - INFO - Optimizing TEMA: 96 combinations
2026-01-20 16:33:45,324 - crypto_analysis.vectorbt_optimizer.optimizer - INFO - Using grid sampler with 96 trials
2026-01-20 16:33:45,338 - crypto_analysis.vectorbt_optimizer.parallel_runner - INFO - DOGE/DEMA: score=-0.1489, params={'timeperiod': 99}
2026-01-20 16:33:45,343 - crypto_analysis.vectorbt_optimizer.optimizer - INFO - Optimizing TEMA: 96 combinations
2026-01-20 16:33:45,344 - crypto_analysis.vectorbt_optimizer.optimizer - INFO - Using grid sampler with 96 trials
2026-01-20 16:33:47,027 - crypto_analysis.vectorbt_optimizer.parallel_runner - INFO - XLM/DEMA: score=-0.5634, params={'timeperiod': 100}
2026-01-20 16:33:47,033 - crypto_analysis.vectorbt_optimizer.optimizer - INFO - Optimizing TEMA: 96 combinations
2026-01-20 16:33:47,034 - crypto_analysis.vectorbt_optimizer.optimizer - INFO - Using grid sampler with 96 trials
2026-01-20 16:33:47,361 - crypto_analysis.vectorbt_optimizer.parallel_runner - INFO - TRX/TRIMA: score=-0.2225, params={'timeperiod': 92}
2026-01-20 16:33:47,366 - crypto_analysis.vectorbt_optimizer.optimizer - INFO - Optimizing T3: 46 combinations
2026-01-20 16:33:47,367 - crypto_analysis.vectorbt_optimizer.optimizer - INFO - Using grid sampler with 46 trials
2026-01-20 16:33:47,612 - crypto_analysis.vectorbt_optimizer.parallel_runner - INFO - ALGO/EMA: score=0.0000, params={'fast_period': 49, 'slow_period': 49}
2026-01-20 16:33:47,617 - crypto_analysis.vectorbt_optimizer.optimizer - INFO - Optimizing DEMA: 96 combinations
2026-01-20 16:33:47,617 - crypto_analysis.vectorbt_optimizer.optimizer - INFO - Using grid sampler with 96 trials
2026-01-20 16:33:47,639 - crypto_analysis.vectorbt_optimizer.parallel_runner - INFO - NEAR/WMA: score=-0.5400, params={'timeperiod': 99}
2026-01-20 16:33:47,645 - crypto_analysis.vectorbt_optimizer.optimizer - INFO - Optimizing TRIMA: 96 combinations
2026-01-20 16:33:47,646 - crypto_analysis.vectorbt_optimizer.optimizer - INFO - Using grid sampler with 96 trials
2026-01-20 16:33:48,238 - crypto_analysis.vectorbt_optimizer.parallel_runner - INFO - VET/DEMA: score=-0.8213, params={'timeperiod': 100}
2026-01-20 16:33:48,243 - crypto_analysis.vectorbt_optimizer.optimizer - INFO - Optimizing TEMA: 96 combinations
2026-01-20 16:33:48,244 - crypto_analysis.vectorbt_optimizer.optimizer - INFO - Using grid sampler with 96 trials
2026-01-20 16:33:48,475 - crypto_analysis.vectorbt_optimizer.parallel_runner - INFO - TRX/T3: score=-0.2276, params={'timeperiod': 18, 'vfactor': 1.0}
2026-01-20 16:33:48,481 - crypto_analysis.vectorbt_optimizer.optimizer - INFO - Optimizing SAR: 1 combinations
2026-01-20 16:33:48,481 - crypto_analysis.vectorbt_optimizer.optimizer - INFO - Using grid sampler with 1 trials
2026-01-20 16:33:48,538 - crypto_analysis.vectorbt_optimizer.parallel_runner - INFO - TRX/SAR: score=0.0048, params={'acceleration': 0.01, 'maximum': 0.1}
2026-01-20 16:33:48,543 - crypto_analysis.vectorbt_optimizer.optimizer - INFO - Optimizing BBANDS: 369 combinations
2026-01-20 16:33:48,543 - crypto_analysis.vectorbt_optimizer.optimizer - INFO - Using grid sampler with 369 trials
2026-01-20 16:33:49,637 - crypto_analysis.vectorbt_optimizer.parallel_runner - INFO - LTC/TRIMA: score=-0.5719, params={'timeperiod': 24}
2026-01-20 16:33:49,645 - crypto_analysis.vectorbt_optimizer.optimizer - INFO - Optimizing T3: 46 combinations
2026-01-20 16:33:49,646 - crypto_analysis.vectorbt_optimizer.optimizer - INFO - Using grid sampler with 46 trials
2026-01-20 16:33:50,243 - crypto_analysis.vectorbt_optimizer.parallel_runner - INFO - DOGE/TEMA: score=-0.4004, params={'timeperiod': 99}
2026-01-20 16:33:50,248 - crypto_analysis.vectorbt_optimizer.optimizer - INFO - Optimizing KAMA: 26 combinations
2026-01-20 16:33:50,249 - crypto_analysis.vectorbt_optimizer.optimizer - INFO - Using grid sampler with 26 trials
2026-01-20 16:33:50,593 - crypto_analysis.vectorbt_optimizer.parallel_runner - INFO - LRC/TEMA: score=-0.5892, params={'timeperiod': 62}
2026-01-20 16:33:50,598 - crypto_analysis.vectorbt_optimizer.optimizer - INFO - Optimizing KAMA: 26 combinations
2026-01-20 16:33:50,599 - crypto_analysis.vectorbt_optimizer.optimizer - INFO - Using grid sampler with 26 trials
2026-01-20 16:33:50,881 - crypto_analysis.vectorbt_optimizer.parallel_runner - INFO - LTC/T3: score=-0.2947, params={'timeperiod': 25, 'vfactor': 1.0}
2026-01-20 16:33:50,887 - crypto_analysis.vectorbt_optimizer.optimizer - INFO - Optimizing SAR: 1 combinations
2026-01-20 16:33:50,887 - crypto_analysis.vectorbt_optimizer.optimizer - INFO - Using grid sampler with 1 trials
2026-01-20 16:33:50,900 - crypto_analysis.vectorbt_optimizer.parallel_runner - INFO - DOGE/KAMA: score=-0.3395, params={'timeperiod': 28}
2026-01-20 16:33:50,905 - crypto_analysis.vectorbt_optimizer.optimizer - INFO - Optimizing WMA: 96 combinations
2026-01-20 16:33:50,906 - crypto_analysis.vectorbt_optimizer.optimizer - INFO - Using grid sampler with 96 trials
2026-01-20 16:33:50,941 - crypto_analysis.vectorbt_optimizer.parallel_runner - INFO - LTC/SAR: score=-0.5602, params={'acceleration': 0.01, 'maximum': 0.1}
2026-01-20 16:33:50,946 - crypto_analysis.vectorbt_optimizer.optimizer - INFO - Optimizing BBANDS: 369 combinations
2026-01-20 16:33:50,946 - crypto_analysis.vectorbt_optimizer.optimizer - INFO - Using grid sampler with 369 trials
2026-01-20 16:33:51,227 - crypto_analysis.vectorbt_optimizer.parallel_runner - INFO - LRC/KAMA: score=-0.8324, params={'timeperiod': 17}
2026-01-20 16:33:51,233 - crypto_analysis.vectorbt_optimizer.optimizer - INFO - Optimizing WMA: 96 combinations
2026-01-20 16:33:51,234 - crypto_analysis.vectorbt_optimizer.optimizer - INFO - Using grid sampler with 96 trials
2026-01-20 16:33:52,230 - crypto_analysis.vectorbt_optimizer.parallel_runner - INFO - XLM/TEMA: score=-0.7411, params={'timeperiod': 73}
2026-01-20 16:33:52,236 - crypto_analysis.vectorbt_optimizer.optimizer - INFO - Optimizing KAMA: 26 combinations
2026-01-20 16:33:52,237 - crypto_analysis.vectorbt_optimizer.optimizer - INFO - Using grid sampler with 26 trials
2026-01-20 16:33:52,592 - crypto_analysis.vectorbt_optimizer.parallel_runner - INFO - NEAR/TRIMA: score=-0.5075, params={'timeperiod': 82}
2026-01-20 16:33:52,598 - crypto_analysis.vectorbt_optimizer.optimizer - INFO - Optimizing T3: 46 combinations
2026-01-20 16:33:52,599 - crypto_analysis.vectorbt_optimizer.optimizer - INFO - Using grid sampler with 46 trials
2026-01-20 16:33:52,625 - crypto_analysis.vectorbt_optimizer.parallel_runner - INFO - ALGO/DEMA: score=-0.5622, params={'timeperiod': 85}
2026-01-20 16:33:52,630 - crypto_analysis.vectorbt_optimizer.optimizer - INFO - Optimizing TEMA: 96 combinations
2026-01-20 16:33:52,631 - crypto_analysis.vectorbt_optimizer.optimizer - INFO - Using grid sampler with 96 trials
2026-01-20 16:33:52,884 - crypto_analysis.vectorbt_optimizer.parallel_runner - INFO - XLM/KAMA: score=-0.6548, params={'timeperiod': 18}
2026-01-20 16:33:52,890 - crypto_analysis.vectorbt_optimizer.optimizer - INFO - Optimizing WMA: 96 combinations
2026-01-20 16:33:52,891 - crypto_analysis.vectorbt_optimizer.optimizer - INFO - Using grid sampler with 96 trials
2026-01-20 16:33:53,311 - crypto_analysis.vectorbt_optimizer.parallel_runner - INFO - VET/TEMA: score=-0.7126, params={'timeperiod': 57}
2026-01-20 16:33:53,316 - crypto_analysis.vectorbt_optimizer.optimizer - INFO - Optimizing KAMA: 26 combinations
2026-01-20 16:33:53,317 - crypto_analysis.vectorbt_optimizer.optimizer - INFO - Using grid sampler with 26 trials
2026-01-20 16:33:53,775 - crypto_analysis.vectorbt_optimizer.parallel_runner - INFO - NEAR/T3: score=-0.5572, params={'timeperiod': 25, 'vfactor': 0.0}
2026-01-20 16:33:53,781 - crypto_analysis.vectorbt_optimizer.optimizer - INFO - Optimizing SAR: 1 combinations
2026-01-20 16:33:53,782 - crypto_analysis.vectorbt_optimizer.optimizer - INFO - Using grid sampler with 1 trials
2026-01-20 16:33:53,837 - crypto_analysis.vectorbt_optimizer.parallel_runner - INFO - NEAR/SAR: score=-0.4553, params={'acceleration': 0.01, 'maximum': 0.1}
2026-01-20 16:33:53,842 - crypto_analysis.vectorbt_optimizer.optimizer - INFO - Optimizing BBANDS: 369 combinations
2026-01-20 16:33:53,843 - crypto_analysis.vectorbt_optimizer.optimizer - INFO - Using grid sampler with 369 trials
2026-01-20 16:33:53,984 - crypto_analysis.vectorbt_optimizer.parallel_runner - INFO - VET/KAMA: score=-0.7553, params={'timeperiod': 29}
2026-01-20 16:33:53,990 - crypto_analysis.vectorbt_optimizer.optimizer - INFO - Optimizing WMA: 96 combinations
2026-01-20 16:33:53,991 - crypto_analysis.vectorbt_optimizer.optimizer - INFO - Using grid sampler with 96 trials
2026-01-20 16:33:55,904 - crypto_analysis.vectorbt_optimizer.parallel_runner - INFO - DOGE/WMA: score=-0.3724, params={'timeperiod': 95}
2026-01-20 16:33:55,909 - crypto_analysis.vectorbt_optimizer.optimizer - INFO - Optimizing TRIMA: 96 combinations
2026-01-20 16:33:55,910 - crypto_analysis.vectorbt_optimizer.optimizer - INFO - Using grid sampler with 96 trials
2026-01-20 16:33:56,221 - crypto_analysis.vectorbt_optimizer.parallel_runner - INFO - LRC/WMA: score=-0.8118, params={'timeperiod': 54}
2026-01-20 16:33:56,226 - crypto_analysis.vectorbt_optimizer.optimizer - INFO - Optimizing TRIMA: 96 combinations
2026-01-20 16:33:56,227 - crypto_analysis.vectorbt_optimizer.optimizer - INFO - Using grid sampler with 96 trials
2026-01-20 16:33:57,854 - crypto_analysis.vectorbt_optimizer.parallel_runner - INFO - ALGO/TEMA: score=-0.7053, params={'timeperiod': 68}
2026-01-20 16:33:57,859 - crypto_analysis.vectorbt_optimizer.optimizer - INFO - Optimizing KAMA: 26 combinations
2026-01-20 16:33:57,860 - crypto_analysis.vectorbt_optimizer.optimizer - INFO - Using grid sampler with 26 trials
2026-01-20 16:33:57,939 - crypto_analysis.vectorbt_optimizer.parallel_runner - INFO - XLM/WMA: score=-0.5164, params={'timeperiod': 98}
2026-01-20 16:33:57,944 - crypto_analysis.vectorbt_optimizer.optimizer - INFO - Optimizing TRIMA: 96 combinations
2026-01-20 16:33:57,945 - crypto_analysis.vectorbt_optimizer.optimizer - INFO - Using grid sampler with 96 trials
2026-01-20 16:33:58,497 - crypto_analysis.vectorbt_optimizer.parallel_runner - INFO - ALGO/KAMA: score=-0.7586, params={'timeperiod': 30}
2026-01-20 16:33:58,503 - crypto_analysis.vectorbt_optimizer.optimizer - INFO - Optimizing WMA: 96 combinations
2026-01-20 16:33:58,503 - crypto_analysis.vectorbt_optimizer.optimizer - INFO - Using grid sampler with 96 trials
2026-01-20 16:33:59,098 - crypto_analysis.vectorbt_optimizer.parallel_runner - INFO - VET/WMA: score=-0.6646, params={'timeperiod': 95}
2026-01-20 16:33:59,105 - crypto_analysis.vectorbt_optimizer.optimizer - INFO - Optimizing TRIMA: 96 combinations
2026-01-20 16:33:59,105 - crypto_analysis.vectorbt_optimizer.optimizer - INFO - Using grid sampler with 96 trials
2026-01-20 16:34:01,060 - crypto_analysis.vectorbt_optimizer.parallel_runner - INFO - DOGE/TRIMA: score=-0.2854, params={'timeperiod': 93}
2026-01-20 16:34:01,066 - crypto_analysis.vectorbt_optimizer.optimizer - INFO - Optimizing T3: 46 combinations
2026-01-20 16:34:01,066 - crypto_analysis.vectorbt_optimizer.optimizer - INFO - Using grid sampler with 46 trials
2026-01-20 16:34:01,425 - crypto_analysis.vectorbt_optimizer.parallel_runner - INFO - LRC/TRIMA: score=-0.7894, params={'timeperiod': 24}
2026-01-20 16:34:01,430 - crypto_analysis.vectorbt_optimizer.optimizer - INFO - Optimizing T3: 46 combinations
2026-01-20 16:34:01,431 - crypto_analysis.vectorbt_optimizer.optimizer - INFO - Using grid sampler with 46 trials
2026-01-20 16:34:02,566 - crypto_analysis.vectorbt_optimizer.parallel_runner - INFO - DOGE/T3: score=-0.3358, params={'timeperiod': 24, 'vfactor': 0.0}
2026-01-20 16:34:02,570 - crypto_analysis.vectorbt_optimizer.optimizer - INFO - Optimizing SAR: 1 combinations
2026-01-20 16:34:02,571 - crypto_analysis.vectorbt_optimizer.optimizer - INFO - Using grid sampler with 1 trials
2026-01-20 16:34:02,615 - crypto_analysis.vectorbt_optimizer.parallel_runner - INFO - DOGE/SAR: score=-0.2471, params={'acceleration': 0.01, 'maximum': 0.1}
2026-01-20 16:34:02,619 - crypto_analysis.vectorbt_optimizer.optimizer - INFO - Optimizing BBANDS: 369 combinations
2026-01-20 16:34:02,619 - crypto_analysis.vectorbt_optimizer.optimizer - INFO - Using grid sampler with 369 trials
2026-01-20 16:34:02,629 - crypto_analysis.vectorbt_optimizer.parallel_runner - INFO - LRC/T3: score=-0.7094, params={'timeperiod': 14, 'vfactor': 1.0}
2026-01-20 16:34:02,634 - crypto_analysis.vectorbt_optimizer.optimizer - INFO - Optimizing SAR: 1 combinations
2026-01-20 16:34:02,634 - crypto_analysis.vectorbt_optimizer.optimizer - INFO - Using grid sampler with 1 trials
2026-01-20 16:34:02,683 - crypto_analysis.vectorbt_optimizer.parallel_runner - INFO - LRC/SAR: score=-0.4825, params={'acceleration': 0.01, 'maximum': 0.1}
2026-01-20 16:34:02,688 - crypto_analysis.vectorbt_optimizer.optimizer - INFO - Optimizing BBANDS: 369 combinations
2026-01-20 16:34:02,688 - crypto_analysis.vectorbt_optimizer.optimizer - INFO - Using grid sampler with 369 trials
2026-01-20 16:34:03,126 - crypto_analysis.vectorbt_optimizer.parallel_runner - INFO - XLM/TRIMA: score=-0.3437, params={'timeperiod': 99}
2026-01-20 16:34:03,131 - crypto_analysis.vectorbt_optimizer.optimizer - INFO - Optimizing T3: 46 combinations
2026-01-20 16:34:03,132 - crypto_analysis.vectorbt_optimizer.optimizer - INFO - Using grid sampler with 46 trials
2026-01-20 16:34:03,480 - crypto_analysis.vectorbt_optimizer.parallel_runner - INFO - ALGO/WMA: score=-0.6144, params={'timeperiod': 60}
2026-01-20 16:34:03,484 - crypto_analysis.vectorbt_optimizer.optimizer - INFO - Optimizing TRIMA: 96 combinations
2026-01-20 16:34:03,485 - crypto_analysis.vectorbt_optimizer.optimizer - INFO - Using grid sampler with 96 trials
2026-01-20 16:34:04,125 - crypto_analysis.vectorbt_optimizer.parallel_runner - INFO - VET/TRIMA: score=-0.6222, params={'timeperiod': 97}
2026-01-20 16:34:04,130 - crypto_analysis.vectorbt_optimizer.optimizer - INFO - Optimizing T3: 46 combinations
2026-01-20 16:34:04,131 - crypto_analysis.vectorbt_optimizer.optimizer - INFO - Using grid sampler with 46 trials
2026-01-20 16:34:04,299 - crypto_analysis.vectorbt_optimizer.parallel_runner - INFO - XLM/T3: score=-0.5344, params={'timeperiod': 24, 'vfactor': 0.0}
2026-01-20 16:34:04,304 - crypto_analysis.vectorbt_optimizer.optimizer - INFO - Optimizing SAR: 1 combinations
2026-01-20 16:34:04,305 - crypto_analysis.vectorbt_optimizer.optimizer - INFO - Using grid sampler with 1 trials
2026-01-20 16:34:04,354 - crypto_analysis.vectorbt_optimizer.parallel_runner - INFO - XLM/SAR: score=-0.5015, params={'acceleration': 0.01, 'maximum': 0.1}
2026-01-20 16:34:04,360 - crypto_analysis.vectorbt_optimizer.optimizer - INFO - Optimizing BBANDS: 369 combinations
2026-01-20 16:34:04,360 - crypto_analysis.vectorbt_optimizer.optimizer - INFO - Using grid sampler with 369 trials
2026-01-20 16:34:05,644 - crypto_analysis.vectorbt_optimizer.parallel_runner - INFO - VET/T3: score=-0.6527, params={'timeperiod': 25, 'vfactor': 0.0}
2026-01-20 16:34:05,649 - crypto_analysis.vectorbt_optimizer.optimizer - INFO - Optimizing SAR: 1 combinations
2026-01-20 16:34:05,650 - crypto_analysis.vectorbt_optimizer.optimizer - INFO - Using grid sampler with 1 trials
2026-01-20 16:34:05,685 - crypto_analysis.vectorbt_optimizer.parallel_runner - INFO - VET/SAR: score=-0.5776, params={'acceleration': 0.01, 'maximum': 0.1}
2026-01-20 16:34:05,688 - crypto_analysis.vectorbt_optimizer.optimizer - INFO - Optimizing BBANDS: 369 combinations
2026-01-20 16:34:05,688 - crypto_analysis.vectorbt_optimizer.optimizer - INFO - Using grid sampler with 369 trials
2026-01-20 16:34:08,498 - crypto_analysis.vectorbt_optimizer.parallel_runner - INFO - ALGO/TRIMA: score=-0.6530, params={'timeperiod': 47}
2026-01-20 16:34:08,503 - crypto_analysis.vectorbt_optimizer.optimizer - INFO - Optimizing T3: 46 combinations
2026-01-20 16:34:08,504 - crypto_analysis.vectorbt_optimizer.optimizer - INFO - Using grid sampler with 46 trials
2026-01-20 16:34:09,664 - crypto_analysis.vectorbt_optimizer.parallel_runner - INFO - ALGO/T3: score=-0.5421, params={'timeperiod': 25, 'vfactor': 1.0}
2026-01-20 16:34:09,670 - crypto_analysis.vectorbt_optimizer.optimizer - INFO - Optimizing SAR: 1 combinations
2026-01-20 16:34:09,672 - crypto_analysis.vectorbt_optimizer.optimizer - INFO - Using grid sampler with 1 trials
2026-01-20 16:34:09,734 - crypto_analysis.vectorbt_optimizer.parallel_runner - INFO - ALGO/SAR: score=-0.6263, params={'acceleration': 0.01, 'maximum': 0.1}
2026-01-20 16:34:09,739 - crypto_analysis.vectorbt_optimizer.optimizer - INFO - Optimizing BBANDS: 369 combinations
2026-01-20 16:34:09,740 - crypto_analysis.vectorbt_optimizer.optimizer - INFO - Using grid sampler with 369 trials
2026-01-20 16:34:14,316 - crypto_analysis.vectorbt_optimizer.parallel_runner - INFO - ARB/BBANDS: score=0.2879, params={'timeperiod': 31, 'nbdevup': 3.0, 'nbdevdn': 3.0, 'entry_factor': 1.0, 'exit_factor': 0.95}
2026-01-20 16:34:14,323 - crypto_analysis.vectorbt_optimizer.optimizer - INFO - Optimizing HT_TRENDLINE: 1 combinations
2026-01-20 16:34:14,323 - crypto_analysis.vectorbt_optimizer.optimizer - INFO - Using grid sampler with 1 trials
2026-01-20 16:34:14,366 - crypto_analysis.vectorbt_optimizer.parallel_runner - INFO - ARB/HT_TRENDLINE: score=-0.6567, params={}
2026-01-20 16:34:14,370 - crypto_analysis.vectorbt_optimizer.optimizer - INFO - Optimizing MA: 864 combinations
2026-01-20 16:34:14,371 - crypto_analysis.vectorbt_optimizer.optimizer - INFO - Using tpe sampler with 1000 trials
2026-01-20 16:34:15,132 - crypto_analysis.vectorbt_optimizer.parallel_runner - INFO - OP/BBANDS: score=0.2865, params={'timeperiod': 33, 'nbdevup': 3.0, 'nbdevdn': 3.0, 'entry_factor': 1.0, 'exit_factor': 0.95}
2026-01-20 16:34:15,137 - crypto_analysis.vectorbt_optimizer.optimizer - INFO - Optimizing HT_TRENDLINE: 1 combinations
2026-01-20 16:34:15,138 - crypto_analysis.vectorbt_optimizer.optimizer - INFO - Using grid sampler with 1 trials
2026-01-20 16:34:15,181 - crypto_analysis.vectorbt_optimizer.parallel_runner - INFO - OP/HT_TRENDLINE: score=-0.6243, params={}
2026-01-20 16:34:15,185 - crypto_analysis.vectorbt_optimizer.optimizer - INFO - Optimizing MA: 864 combinations
2026-01-20 16:34:15,186 - crypto_analysis.vectorbt_optimizer.optimizer - INFO - Using tpe sampler with 1000 trials
2026-01-20 16:34:19,818 - crypto_analysis.vectorbt_optimizer.parallel_runner - INFO - TRX/BBANDS: score=0.2269, params={'timeperiod': 48, 'nbdevup': 3.0, 'nbdevdn': 3.0, 'entry_factor': 1.0, 'exit_factor': 0.95}
2026-01-20 16:34:19,824 - crypto_analysis.vectorbt_optimizer.optimizer - INFO - Optimizing HT_TRENDLINE: 1 combinations
2026-01-20 16:34:19,825 - crypto_analysis.vectorbt_optimizer.optimizer - INFO - Using grid sampler with 1 trials
2026-01-20 16:34:19,865 - crypto_analysis.vectorbt_optimizer.parallel_runner - INFO - TRX/HT_TRENDLINE: score=-0.2978, params={}
2026-01-20 16:34:19,869 - crypto_analysis.vectorbt_optimizer.optimizer - INFO - Optimizing MA: 864 combinations
2026-01-20 16:34:19,870 - crypto_analysis.vectorbt_optimizer.optimizer - INFO - Using tpe sampler with 1000 trials
2026-01-20 16:34:22,542 - crypto_analysis.vectorbt_optimizer.parallel_runner - INFO - LTC/BBANDS: score=0.6443, params={'timeperiod': 41, 'nbdevup': 3.0, 'nbdevdn': 3.0, 'entry_factor': 1.0, 'exit_factor': 0.95}
2026-01-20 16:34:22,547 - crypto_analysis.vectorbt_optimizer.optimizer - INFO - Optimizing HT_TRENDLINE: 1 combinations
2026-01-20 16:34:22,548 - crypto_analysis.vectorbt_optimizer.optimizer - INFO - Using grid sampler with 1 trials
2026-01-20 16:34:22,586 - crypto_analysis.vectorbt_optimizer.parallel_runner - INFO - LTC/HT_TRENDLINE: score=-0.7188, params={}
2026-01-20 16:34:22,590 - crypto_analysis.vectorbt_optimizer.optimizer - INFO - Optimizing MA: 864 combinations
2026-01-20 16:34:22,591 - crypto_analysis.vectorbt_optimizer.optimizer - INFO - Using tpe sampler with 1000 trials
2026-01-20 16:34:26,119 - crypto_analysis.vectorbt_optimizer.parallel_runner - INFO - NEAR/BBANDS: score=0.4936, params={'timeperiod': 31, 'nbdevup': 3.0, 'nbdevdn': 3.0, 'entry_factor': 1.0, 'exit_factor': 0.95}
2026-01-20 16:34:26,124 - crypto_analysis.vectorbt_optimizer.optimizer - INFO - Optimizing HT_TRENDLINE: 1 combinations
2026-01-20 16:34:26,125 - crypto_analysis.vectorbt_optimizer.optimizer - INFO - Using grid sampler with 1 trials
2026-01-20 16:34:26,165 - crypto_analysis.vectorbt_optimizer.parallel_runner - INFO - NEAR/HT_TRENDLINE: score=-0.7060, params={}
2026-01-20 16:34:26,171 - crypto_analysis.vectorbt_optimizer.optimizer - INFO - Optimizing MA: 864 combinations
2026-01-20 16:34:26,172 - crypto_analysis.vectorbt_optimizer.optimizer - INFO - Using tpe sampler with 1000 trials
2026-01-20 16:34:34,453 - crypto_analysis.vectorbt_optimizer.parallel_runner - INFO - DOGE/BBANDS: score=0.2783, params={'timeperiod': 45, 'nbdevup': 3.0, 'nbdevdn': 3.0, 'entry_factor': 1.0, 'exit_factor': 0.95}
2026-01-20 16:34:34,458 - crypto_analysis.vectorbt_optimizer.optimizer - INFO - Optimizing HT_TRENDLINE: 1 combinations
2026-01-20 16:34:34,459 - crypto_analysis.vectorbt_optimizer.optimizer - INFO - Using grid sampler with 1 trials
2026-01-20 16:34:34,497 - crypto_analysis.vectorbt_optimizer.parallel_runner - INFO - DOGE/HT_TRENDLINE: score=-0.5742, params={}
2026-01-20 16:34:34,501 - crypto_analysis.vectorbt_optimizer.optimizer - INFO - Optimizing MA: 864 combinations
2026-01-20 16:34:34,502 - crypto_analysis.vectorbt_optimizer.optimizer - INFO - Using tpe sampler with 1000 trials
2026-01-20 16:34:34,678 - crypto_analysis.vectorbt_optimizer.parallel_runner - INFO - LRC/BBANDS: score=0.7561, params={'timeperiod': 46, 'nbdevup': 3.0, 'nbdevdn': 3.0, 'entry_factor': 1.0, 'exit_factor': 0.95}
2026-01-20 16:34:34,685 - crypto_analysis.vectorbt_optimizer.optimizer - INFO - Optimizing HT_TRENDLINE: 1 combinations
2026-01-20 16:34:34,685 - crypto_analysis.vectorbt_optimizer.optimizer - INFO - Using grid sampler with 1 trials
2026-01-20 16:34:34,725 - crypto_analysis.vectorbt_optimizer.parallel_runner - INFO - LRC/HT_TRENDLINE: score=-0.8834, params={}
2026-01-20 16:34:34,730 - crypto_analysis.vectorbt_optimizer.optimizer - INFO - Optimizing MA: 864 combinations
2026-01-20 16:34:34,731 - crypto_analysis.vectorbt_optimizer.optimizer - INFO - Using tpe sampler with 1000 trials
2026-01-20 16:34:35,790 - crypto_analysis.vectorbt_optimizer.parallel_runner - INFO - XLM/BBANDS: score=1.2527, params={'timeperiod': 48, 'nbdevup': 3.0, 'nbdevdn': 3.0, 'entry_factor': 1.0, 'exit_factor': 0.95}
2026-01-20 16:34:35,795 - crypto_analysis.vectorbt_optimizer.optimizer - INFO - Optimizing HT_TRENDLINE: 1 combinations
2026-01-20 16:34:35,796 - crypto_analysis.vectorbt_optimizer.optimizer - INFO - Using grid sampler with 1 trials
2026-01-20 16:34:35,834 - crypto_analysis.vectorbt_optimizer.parallel_runner - INFO - XLM/HT_TRENDLINE: score=-0.7373, params={}
2026-01-20 16:34:35,839 - crypto_analysis.vectorbt_optimizer.optimizer - INFO - Optimizing MA: 864 combinations
2026-01-20 16:34:35,839 - crypto_analysis.vectorbt_optimizer.optimizer - INFO - Using tpe sampler with 1000 trials
2026-01-20 16:34:37,000 - crypto_analysis.vectorbt_optimizer.parallel_runner - INFO - VET/BBANDS: score=0.4839, params={'timeperiod': 49, 'nbdevup': 2.0, 'nbdevdn': 3.0, 'entry_factor': 1.0, 'exit_factor': 0.95}
2026-01-20 16:34:37,006 - crypto_analysis.vectorbt_optimizer.optimizer - INFO - Optimizing HT_TRENDLINE: 1 combinations
2026-01-20 16:34:37,006 - crypto_analysis.vectorbt_optimizer.optimizer - INFO - Using grid sampler with 1 trials
2026-01-20 16:34:37,046 - crypto_analysis.vectorbt_optimizer.parallel_runner - INFO - VET/HT_TRENDLINE: score=-0.7691, params={}
2026-01-20 16:34:37,051 - crypto_analysis.vectorbt_optimizer.optimizer - INFO - Optimizing MA: 864 combinations
2026-01-20 16:34:37,052 - crypto_analysis.vectorbt_optimizer.optimizer - INFO - Using tpe sampler with 1000 trials
2026-01-20 16:34:41,891 - crypto_analysis.vectorbt_optimizer.parallel_runner - INFO - ALGO/BBANDS: score=1.1704, params={'timeperiod': 45, 'nbdevup': 2.0, 'nbdevdn': 3.0, 'entry_factor': 1.0, 'exit_factor': 0.95}
2026-01-20 16:34:41,897 - crypto_analysis.vectorbt_optimizer.optimizer - INFO - Optimizing HT_TRENDLINE: 1 combinations
2026-01-20 16:34:41,897 - crypto_analysis.vectorbt_optimizer.optimizer - INFO - Using grid sampler with 1 trials
2026-01-20 16:34:41,937 - crypto_analysis.vectorbt_optimizer.parallel_runner - INFO - ALGO/HT_TRENDLINE: score=-0.7739, params={}
2026-01-20 16:34:41,941 - crypto_analysis.vectorbt_optimizer.optimizer - INFO - Optimizing MA: 864 combinations
2026-01-20 16:34:41,942 - crypto_analysis.vectorbt_optimizer.optimizer - INFO - Using tpe sampler with 1000 trials
2026-01-20 16:34:55,418 - crypto_analysis.vectorbt_optimizer.parallel_runner - INFO - ARB/MA: score=-0.3377, params={'timeperiod': 54, 'matype': 4}
2026-01-20 16:34:55,422 - crypto_analysis.vectorbt_optimizer.optimizer - INFO - Optimizing MAMA: 1 combinations
2026-01-20 16:34:55,423 - crypto_analysis.vectorbt_optimizer.optimizer - INFO - Using grid sampler with 1 trials
2026-01-20 16:34:55,461 - crypto_analysis.vectorbt_optimizer.parallel_runner - INFO - ARB/MAMA: score=-0.5226, params={'fastlimit': 0.1, 'slowlimit': 0.01}
2026-01-20 16:34:55,467 - crypto_analysis.vectorbt_optimizer.optimizer - INFO - Optimizing MIDPOINT: 46 combinations
2026-01-20 16:34:55,467 - crypto_analysis.vectorbt_optimizer.optimizer - INFO - Using grid sampler with 46 trials
2026-01-20 16:34:56,044 - crypto_analysis.vectorbt_optimizer.parallel_runner - INFO - OP/MA: score=-0.3510, params={'timeperiod': 58, 'matype': 4}
2026-01-20 16:34:56,048 - crypto_analysis.vectorbt_optimizer.optimizer - INFO - Optimizing MAMA: 1 combinations
2026-01-20 16:34:56,048 - crypto_analysis.vectorbt_optimizer.optimizer - INFO - Using grid sampler with 1 trials
2026-01-20 16:34:56,087 - crypto_analysis.vectorbt_optimizer.parallel_runner - INFO - OP/MAMA: score=-0.7351, params={'fastlimit': 0.1, 'slowlimit': 0.01}
2026-01-20 16:34:56,092 - crypto_analysis.vectorbt_optimizer.optimizer - INFO - Optimizing MIDPOINT: 46 combinations
2026-01-20 16:34:56,092 - crypto_analysis.vectorbt_optimizer.optimizer - INFO - Using grid sampler with 46 trials
2026-01-20 16:34:56,855 - crypto_analysis.vectorbt_optimizer.parallel_runner - INFO - ARB/MIDPOINT: score=-0.4212, params={'timeperiod': 18}
2026-01-20 16:34:56,861 - crypto_analysis.vectorbt_optimizer.optimizer - INFO - Optimizing MIDPRICE: 46 combinations
2026-01-20 16:34:56,862 - crypto_analysis.vectorbt_optimizer.optimizer - INFO - Using grid sampler with 46 trials
2026-01-20 16:34:57,528 - crypto_analysis.vectorbt_optimizer.parallel_runner - INFO - OP/MIDPOINT: score=-0.5640, params={'timeperiod': 21}
2026-01-20 16:34:57,533 - crypto_analysis.vectorbt_optimizer.optimizer - INFO - Optimizing MIDPRICE: 46 combinations
2026-01-20 16:34:57,534 - crypto_analysis.vectorbt_optimizer.optimizer - INFO - Using grid sampler with 46 trials
2026-01-20 16:34:58,280 - crypto_analysis.vectorbt_optimizer.parallel_runner - INFO - ARB/MIDPRICE: score=-0.4686, params={'timeperiod': 44}
2026-01-20 16:34:58,286 - crypto_analysis.vectorbt_optimizer.optimizer - INFO - Optimizing SAREXT: 1 combinations
2026-01-20 16:34:58,286 - crypto_analysis.vectorbt_optimizer.optimizer - INFO - Using grid sampler with 1 trials
2026-01-20 16:34:58,339 - crypto_analysis.vectorbt_optimizer.parallel_runner - INFO - ARB/SAREXT: score=0.0000, params={'startvalue': 0.0, 'offsetonreverse': 0.0, 'accelerationinitlong': 0.01, 'accelerationlong': 0.01, 'accelerationmaxlong': 0.1, 'accelerationinitshort': 0.01, 'accelerationshort': 0.01, 'accelerationmaxshort': 0.1}
2026-01-20 16:34:58,344 - crypto_analysis.vectorbt_optimizer.optimizer - INFO - Optimizing OBV: 46 combinations
2026-01-20 16:34:58,344 - crypto_analysis.vectorbt_optimizer.optimizer - INFO - Using grid sampler with 46 trials
2026-01-20 16:34:58,950 - crypto_analysis.vectorbt_optimizer.parallel_runner - INFO - OP/MIDPRICE: score=-0.4822, params={'timeperiod': 17}
2026-01-20 16:34:58,955 - crypto_analysis.vectorbt_optimizer.optimizer - INFO - Optimizing SAREXT: 1 combinations
2026-01-20 16:34:58,956 - crypto_analysis.vectorbt_optimizer.optimizer - INFO - Using grid sampler with 1 trials
2026-01-20 16:34:59,011 - crypto_analysis.vectorbt_optimizer.parallel_runner - INFO - OP/SAREXT: score=0.0000, params={'startvalue': 0.0, 'offsetonreverse': 0.0, 'accelerationinitlong': 0.01, 'accelerationlong': 0.01, 'accelerationmaxlong': 0.1, 'accelerationinitshort': 0.01, 'accelerationshort': 0.01, 'accelerationmaxshort': 0.1}
2026-01-20 16:34:59,017 - crypto_analysis.vectorbt_optimizer.optimizer - INFO - Optimizing OBV: 46 combinations
2026-01-20 16:34:59,017 - crypto_analysis.vectorbt_optimizer.optimizer - INFO - Using grid sampler with 46 trials
2026-01-20 16:34:59,801 - crypto_analysis.vectorbt_optimizer.parallel_runner - INFO - ARB/OBV: score=-0.6940, params={'sma_period': 42}
2026-01-20 16:34:59,809 - crypto_analysis.vectorbt_optimizer.optimizer - INFO - Optimizing AD: 46 combinations
2026-01-20 16:34:59,809 - crypto_analysis.vectorbt_optimizer.optimizer - INFO - Using grid sampler with 46 trials
2026-01-20 16:35:00,484 - crypto_analysis.vectorbt_optimizer.parallel_runner - INFO - OP/OBV: score=-0.5525, params={'sma_period': 44}
2026-01-20 16:35:00,492 - crypto_analysis.vectorbt_optimizer.optimizer - INFO - Optimizing AD: 46 combinations
2026-01-20 16:35:00,492 - crypto_analysis.vectorbt_optimizer.optimizer - INFO - Using grid sampler with 46 trials
2026-01-20 16:35:00,690 - crypto_analysis.vectorbt_optimizer.parallel_runner - INFO - TRX/MA: score=-0.2225, params={'timeperiod': 92, 'matype': 5}
2026-01-20 16:35:00,694 - crypto_analysis.vectorbt_optimizer.optimizer - INFO - Optimizing MAMA: 1 combinations
2026-01-20 16:35:00,694 - crypto_analysis.vectorbt_optimizer.optimizer - INFO - Using grid sampler with 1 trials
2026-01-20 16:35:00,731 - crypto_analysis.vectorbt_optimizer.parallel_runner - INFO - TRX/MAMA: score=-0.1352, params={'fastlimit': 0.1, 'slowlimit': 0.01}
2026-01-20 16:35:00,737 - crypto_analysis.vectorbt_optimizer.optimizer - INFO - Optimizing MIDPOINT: 46 combinations
2026-01-20 16:35:00,737 - crypto_analysis.vectorbt_optimizer.optimizer - INFO - Using grid sampler with 46 trials
2026-01-20 16:35:01,243 - crypto_analysis.vectorbt_optimizer.parallel_runner - INFO - ARB/AD: score=-0.3386, params={'sma_period': 26}
2026-01-20 16:35:01,252 - crypto_analysis.vectorbt_optimizer.optimizer - INFO - Optimizing ADOSC: 144 combinations
2026-01-20 16:35:01,253 - crypto_analysis.vectorbt_optimizer.optimizer - INFO - Using grid sampler with 144 trials
2026-01-20 16:35:02,066 - crypto_analysis.vectorbt_optimizer.parallel_runner - INFO - TRX/MIDPOINT: score=-0.3487, params={'timeperiod': 26}
2026-01-20 16:35:02,072 - crypto_analysis.vectorbt_optimizer.optimizer - INFO - Optimizing MIDPRICE: 46 combinations
2026-01-20 16:35:02,073 - crypto_analysis.vectorbt_optimizer.optimizer - INFO - Using grid sampler with 46 trials
2026-01-20 16:35:02,278 - crypto_analysis.vectorbt_optimizer.parallel_runner - INFO - OP/AD: score=-0.5958, params={'sma_period': 49}
2026-01-20 16:35:02,285 - crypto_analysis.vectorbt_optimizer.optimizer - INFO - Optimizing ADOSC: 144 combinations
2026-01-20 16:35:02,286 - crypto_analysis.vectorbt_optimizer.optimizer - INFO - Using grid sampler with 144 trials
2026-01-20 16:35:03,320 - crypto_analysis.vectorbt_optimizer.parallel_runner - INFO - TRX/MIDPRICE: score=-0.3553, params={'timeperiod': 27}
2026-01-20 16:35:03,326 - crypto_analysis.vectorbt_optimizer.optimizer - INFO - Optimizing SAREXT: 1 combinations
2026-01-20 16:35:03,327 - crypto_analysis.vectorbt_optimizer.optimizer - INFO - Using grid sampler with 1 trials
2026-01-20 16:35:03,381 - crypto_analysis.vectorbt_optimizer.parallel_runner - INFO - TRX/SAREXT: score=0.0000, params={'startvalue': 0.0, 'offsetonreverse': 0.0, 'accelerationinitlong': 0.01, 'accelerationlong': 0.01, 'accelerationmaxlong': 0.1, 'accelerationinitshort': 0.01, 'accelerationshort': 0.01, 'accelerationmaxshort': 0.1}
2026-01-20 16:35:03,386 - crypto_analysis.vectorbt_optimizer.optimizer - INFO - Optimizing OBV: 46 combinations
2026-01-20 16:35:03,387 - crypto_analysis.vectorbt_optimizer.optimizer - INFO - Using grid sampler with 46 trials
2026-01-20 16:35:04,068 - crypto_analysis.vectorbt_optimizer.parallel_runner - INFO - LTC/MA: score=-0.4028, params={'timeperiod': 62, 'matype': 4}
2026-01-20 16:35:04,072 - crypto_analysis.vectorbt_optimizer.optimizer - INFO - Optimizing MAMA: 1 combinations
2026-01-20 16:35:04,072 - crypto_analysis.vectorbt_optimizer.optimizer - INFO - Using grid sampler with 1 trials
2026-01-20 16:35:04,114 - crypto_analysis.vectorbt_optimizer.parallel_runner - INFO - LTC/MAMA: score=-0.6342, params={'fastlimit': 0.1, 'slowlimit': 0.01}
2026-01-20 16:35:04,120 - crypto_analysis.vectorbt_optimizer.optimizer - INFO - Optimizing MIDPOINT: 46 combinations
2026-01-20 16:35:04,121 - crypto_analysis.vectorbt_optimizer.optimizer - INFO - Using grid sampler with 46 trials
2026-01-20 16:35:04,794 - crypto_analysis.vectorbt_optimizer.parallel_runner - INFO - TRX/OBV: score=-0.3530, params={'sma_period': 47}
2026-01-20 16:35:04,800 - crypto_analysis.vectorbt_optimizer.optimizer - INFO - Optimizing AD: 46 combinations
2026-01-20 16:35:04,801 - crypto_analysis.vectorbt_optimizer.optimizer - INFO - Using grid sampler with 46 trials
2026-01-20 16:35:05,531 - crypto_analysis.vectorbt_optimizer.parallel_runner - INFO - LTC/MIDPOINT: score=-0.5339, params={'timeperiod': 20}
2026-01-20 16:35:05,536 - crypto_analysis.vectorbt_optimizer.optimizer - INFO - Optimizing MIDPRICE: 46 combinations
2026-01-20 16:35:05,537 - crypto_analysis.vectorbt_optimizer.optimizer - INFO - Using grid sampler with 46 trials
2026-01-20 16:35:06,315 - crypto_analysis.vectorbt_optimizer.parallel_runner - INFO - TRX/AD: score=-0.1285, params={'sma_period': 29}
2026-01-20 16:35:06,322 - crypto_analysis.vectorbt_optimizer.optimizer - INFO - Optimizing ADOSC: 144 combinations
2026-01-20 16:35:06,322 - crypto_analysis.vectorbt_optimizer.optimizer - INFO - Using grid sampler with 144 trials
2026-01-20 16:35:06,895 - crypto_analysis.vectorbt_optimizer.parallel_runner - INFO - LTC/MIDPRICE: score=-0.5511, params={'timeperiod': 20}
2026-01-20 16:35:06,901 - crypto_analysis.vectorbt_optimizer.optimizer - INFO - Optimizing SAREXT: 1 combinations
2026-01-20 16:35:06,902 - crypto_analysis.vectorbt_optimizer.optimizer - INFO - Using grid sampler with 1 trials
2026-01-20 16:35:06,950 - crypto_analysis.vectorbt_optimizer.parallel_runner - INFO - LTC/SAREXT: score=0.0000, params={'startvalue': 0.0, 'offsetonreverse': 0.0, 'accelerationinitlong': 0.01, 'accelerationlong': 0.01, 'accelerationmaxlong': 0.1, 'accelerationinitshort': 0.01, 'accelerationshort': 0.01, 'accelerationmaxshort': 0.1}
2026-01-20 16:35:06,954 - crypto_analysis.vectorbt_optimizer.optimizer - INFO - Optimizing OBV: 46 combinations
2026-01-20 16:35:06,955 - crypto_analysis.vectorbt_optimizer.optimizer - INFO - Using grid sampler with 46 trials
2026-01-20 16:35:08,341 - crypto_analysis.vectorbt_optimizer.parallel_runner - INFO - LTC/OBV: score=-0.5677, params={'sma_period': 27}
2026-01-20 16:35:08,349 - crypto_analysis.vectorbt_optimizer.optimizer - INFO - Optimizing AD: 46 combinations
2026-01-20 16:35:08,349 - crypto_analysis.vectorbt_optimizer.optimizer - INFO - Using grid sampler with 46 trials
2026-01-20 16:35:08,446 - crypto_analysis.vectorbt_optimizer.parallel_runner - INFO - NEAR/MA: score=-0.4201, params={'timeperiod': 93, 'matype': 8}
2026-01-20 16:35:08,452 - crypto_analysis.vectorbt_optimizer.optimizer - INFO - Optimizing MAMA: 1 combinations
2026-01-20 16:35:08,452 - crypto_analysis.vectorbt_optimizer.optimizer - INFO - Using grid sampler with 1 trials
2026-01-20 16:35:08,490 - crypto_analysis.vectorbt_optimizer.parallel_runner - INFO - NEAR/MAMA: score=-0.6282, params={'fastlimit': 0.1, 'slowlimit': 0.01}
2026-01-20 16:35:08,496 - crypto_analysis.vectorbt_optimizer.optimizer - INFO - Optimizing MIDPOINT: 46 combinations
2026-01-20 16:35:08,496 - crypto_analysis.vectorbt_optimizer.optimizer - INFO - Using grid sampler with 46 trials
2026-01-20 16:35:08,799 - crypto_analysis.vectorbt_optimizer.parallel_runner - INFO - ARB/ADOSC: score=0.0000, params={'fastperiod': 9, 'slowperiod': 9}
2026-01-20 16:35:08,811 - crypto_analysis.vectorbt_optimizer.optimizer - INFO - Optimizing ATR: 66 combinations
2026-01-20 16:35:08,811 - crypto_analysis.vectorbt_optimizer.optimizer - INFO - Using grid sampler with 66 trials
2026-01-20 16:35:09,344 - crypto_analysis.vectorbt_optimizer.parallel_runner - INFO - OP/ADOSC: score=0.0000, params={'fastperiod': 9, 'slowperiod': 9}
2026-01-20 16:35:09,356 - crypto_analysis.vectorbt_optimizer.optimizer - INFO - Optimizing ATR: 66 combinations
2026-01-20 16:35:09,357 - crypto_analysis.vectorbt_optimizer.optimizer - INFO - Using grid sampler with 66 trials
2026-01-20 16:35:09,808 - crypto_analysis.vectorbt_optimizer.parallel_runner - INFO - LTC/AD: score=-0.2732, params={'sma_period': 50}
2026-01-20 16:35:09,815 - crypto_analysis.vectorbt_optimizer.optimizer - INFO - Optimizing ADOSC: 144 combinations
2026-01-20 16:35:09,816 - crypto_analysis.vectorbt_optimizer.optimizer - INFO - Using grid sampler with 144 trials
2026-01-20 16:35:09,898 - crypto_analysis.vectorbt_optimizer.parallel_runner - INFO - NEAR/MIDPOINT: score=-0.5683, params={'timeperiod': 49}
2026-01-20 16:35:09,906 - crypto_analysis.vectorbt_optimizer.optimizer - INFO - Optimizing MIDPRICE: 46 combinations
2026-01-20 16:35:09,906 - crypto_analysis.vectorbt_optimizer.optimizer - INFO - Using grid sampler with 46 trials
2026-01-20 16:35:10,676 - crypto_analysis.vectorbt_optimizer.parallel_runner - INFO - ARB/ATR: score=-0.2303, params={'timeperiod': 17, 'stop_loss_multiplier': 2.5}
2026-01-20 16:35:10,681 - crypto_analysis.vectorbt_optimizer.optimizer - INFO - Optimizing NATR: 110 combinations
2026-01-20 16:35:10,682 - crypto_analysis.vectorbt_optimizer.optimizer - INFO - Using grid sampler with 110 trials
2026-01-20 16:35:11,167 - crypto_analysis.vectorbt_optimizer.parallel_runner - INFO - OP/ATR: score=0.0379, params={'timeperiod': 13, 'stop_loss_multiplier': 3.5}
2026-01-20 16:35:11,173 - crypto_analysis.vectorbt_optimizer.optimizer - INFO - Optimizing NATR: 110 combinations
2026-01-20 16:35:11,174 - crypto_analysis.vectorbt_optimizer.optimizer - INFO - Using grid sampler with 110 trials
2026-01-20 16:35:11,285 - crypto_analysis.vectorbt_optimizer.parallel_runner - INFO - NEAR/MIDPRICE: score=-0.5995, params={'timeperiod': 30}
2026-01-20 16:35:11,290 - crypto_analysis.vectorbt_optimizer.optimizer - INFO - Optimizing SAREXT: 1 combinations
2026-01-20 16:35:11,291 - crypto_analysis.vectorbt_optimizer.optimizer - INFO - Using grid sampler with 1 trials
2026-01-20 16:35:11,339 - crypto_analysis.vectorbt_optimizer.parallel_runner - INFO - NEAR/SAREXT: score=0.0000, params={'startvalue': 0.0, 'offsetonreverse': 0.0, 'accelerationinitlong': 0.01, 'accelerationlong': 0.01, 'accelerationmaxlong': 0.1, 'accelerationinitshort': 0.01, 'accelerationshort': 0.01, 'accelerationmaxshort': 0.1}
2026-01-20 16:35:11,344 - crypto_analysis.vectorbt_optimizer.optimizer - INFO - Optimizing OBV: 46 combinations
2026-01-20 16:35:11,345 - crypto_analysis.vectorbt_optimizer.optimizer - INFO - Using grid sampler with 46 trials
2026-01-20 16:35:12,772 - crypto_analysis.vectorbt_optimizer.parallel_runner - INFO - NEAR/OBV: score=-0.5360, params={'sma_period': 30}
2026-01-20 16:35:12,778 - crypto_analysis.vectorbt_optimizer.optimizer - INFO - Optimizing AD: 46 combinations
2026-01-20 16:35:12,779 - crypto_analysis.vectorbt_optimizer.optimizer - INFO - Using grid sampler with 46 trials
2026-01-20 16:35:13,828 - crypto_analysis.vectorbt_optimizer.parallel_runner - INFO - TRX/ADOSC: score=0.0526, params={'fastperiod': 8, 'slowperiod': 10}
2026-01-20 16:35:13,839 - crypto_analysis.vectorbt_optimizer.optimizer - INFO - Optimizing ATR: 66 combinations
2026-01-20 16:35:13,840 - crypto_analysis.vectorbt_optimizer.optimizer - INFO - Using grid sampler with 66 trials
2026-01-20 16:35:13,926 - crypto_analysis.vectorbt_optimizer.parallel_runner - INFO - ARB/NATR: score=0.5016, params={'timeperiod': 21, 'entry_constant': 5.0}
2026-01-20 16:35:13,931 - crypto_analysis.vectorbt_optimizer.optimizer - INFO - Optimizing TRANGE: 3 combinations
2026-01-20 16:35:13,931 - crypto_analysis.vectorbt_optimizer.optimizer - INFO - Using grid sampler with 3 trials
2026-01-20 16:35:14,023 - crypto_analysis.vectorbt_optimizer.parallel_runner - INFO - ARB/TRANGE: score=-0.7469, params={'entry_multiplier': 1.0, 'exit_multiplier': 0.3}
2026-01-20 16:35:14,029 - crypto_analysis.vectorbt_optimizer.optimizer - INFO - Optimizing HT_DCPERIOD: 961 combinations
2026-01-20 16:35:14,030 - crypto_analysis.vectorbt_optimizer.optimizer - INFO - Using tpe sampler with 1000 trials
2026-01-20 16:35:14,211 - crypto_analysis.vectorbt_optimizer.parallel_runner - INFO - NEAR/AD: score=-0.6151, params={'sma_period': 49}
2026-01-20 16:35:14,219 - crypto_analysis.vectorbt_optimizer.optimizer - INFO - Optimizing ADOSC: 144 combinations
2026-01-20 16:35:14,219 - crypto_analysis.vectorbt_optimizer.optimizer - INFO - Using grid sampler with 144 trials
2026-01-20 16:35:14,432 - crypto_analysis.vectorbt_optimizer.parallel_runner - INFO - OP/NATR: score=0.4008, params={'timeperiod': 27, 'entry_constant': 5.0}
2026-01-20 16:35:14,436 - crypto_analysis.vectorbt_optimizer.optimizer - INFO - Optimizing TRANGE: 3 combinations
2026-01-20 16:35:14,436 - crypto_analysis.vectorbt_optimizer.optimizer - INFO - Using grid sampler with 3 trials
2026-01-20 16:35:14,523 - crypto_analysis.vectorbt_optimizer.parallel_runner - INFO - OP/TRANGE: score=-0.7908, params={'entry_multiplier': 3.0, 'exit_multiplier': 0.3}
2026-01-20 16:35:14,529 - crypto_analysis.vectorbt_optimizer.optimizer - INFO - Optimizing HT_DCPERIOD: 961 combinations
2026-01-20 16:35:14,530 - crypto_analysis.vectorbt_optimizer.optimizer - INFO - Using tpe sampler with 1000 trials
2026-01-20 16:35:15,176 - crypto_analysis.vectorbt_optimizer.parallel_runner - INFO - DOGE/MA: score=-0.1489, params={'timeperiod': 99, 'matype': 3}
2026-01-20 16:35:15,180 - crypto_analysis.vectorbt_optimizer.optimizer - INFO - Optimizing MAMA: 1 combinations
2026-01-20 16:35:15,180 - crypto_analysis.vectorbt_optimizer.optimizer - INFO - Using grid sampler with 1 trials
2026-01-20 16:35:15,223 - crypto_analysis.vectorbt_optimizer.parallel_runner - INFO - DOGE/MAMA: score=-0.3131, params={'fastlimit': 0.1, 'slowlimit': 0.01}
2026-01-20 16:35:15,228 - crypto_analysis.vectorbt_optimizer.optimizer - INFO - Optimizing MIDPOINT: 46 combinations
2026-01-20 16:35:15,228 - crypto_analysis.vectorbt_optimizer.optimizer - INFO - Using grid sampler with 46 trials
2026-01-20 16:35:15,739 - crypto_analysis.vectorbt_optimizer.parallel_runner - INFO - TRX/ATR: score=0.2007, params={'timeperiod': 19, 'stop_loss_multiplier': 3.5}
2026-01-20 16:35:15,745 - crypto_analysis.vectorbt_optimizer.optimizer - INFO - Optimizing NATR: 110 combinations
2026-01-20 16:35:15,745 - crypto_analysis.vectorbt_optimizer.optimizer - INFO - Using grid sampler with 110 trials
2026-01-20 16:35:16,123 - crypto_analysis.vectorbt_optimizer.parallel_runner - INFO - LRC/MA: score=-0.5892, params={'timeperiod': 62, 'matype': 4}
2026-01-20 16:35:16,128 - crypto_analysis.vectorbt_optimizer.optimizer - INFO - Optimizing MAMA: 1 combinations
2026-01-20 16:35:16,129 - crypto_analysis.vectorbt_optimizer.optimizer - INFO - Using grid sampler with 1 trials
2026-01-20 16:35:16,170 - crypto_analysis.vectorbt_optimizer.parallel_runner - INFO - LRC/MAMA: score=-0.8074, params={'fastlimit': 0.1, 'slowlimit': 0.01}
2026-01-20 16:35:16,175 - crypto_analysis.vectorbt_optimizer.optimizer - INFO - Optimizing MIDPOINT: 46 combinations
2026-01-20 16:35:16,176 - crypto_analysis.vectorbt_optimizer.optimizer - INFO - Using grid sampler with 46 trials
2026-01-20 16:35:16,623 - crypto_analysis.vectorbt_optimizer.parallel_runner - INFO - DOGE/MIDPOINT: score=-0.3999, params={'timeperiod': 28}
2026-01-20 16:35:16,630 - crypto_analysis.vectorbt_optimizer.optimizer - INFO - Optimizing MIDPRICE: 46 combinations
2026-01-20 16:35:16,630 - crypto_analysis.vectorbt_optimizer.optimizer - INFO - Using grid sampler with 46 trials
2026-01-20 16:35:16,805 - crypto_analysis.vectorbt_optimizer.parallel_runner - INFO - LTC/ADOSC: score=0.0000, params={'fastperiod': 9, 'slowperiod': 9}
2026-01-20 16:35:16,817 - crypto_analysis.vectorbt_optimizer.optimizer - INFO - Optimizing ATR: 66 combinations
2026-01-20 16:35:16,818 - crypto_analysis.vectorbt_optimizer.optimizer - INFO - Using grid sampler with 66 trials
2026-01-20 16:35:16,937 - crypto_analysis.vectorbt_optimizer.parallel_runner - INFO - XLM/MA: score=-0.2719, params={'timeperiod': 87, 'matype': 8}
2026-01-20 16:35:16,940 - crypto_analysis.vectorbt_optimizer.optimizer - INFO - Optimizing MAMA: 1 combinations
2026-01-20 16:35:16,941 - crypto_analysis.vectorbt_optimizer.optimizer - INFO - Using grid sampler with 1 trials
2026-01-20 16:35:16,980 - crypto_analysis.vectorbt_optimizer.parallel_runner - INFO - XLM/MAMA: score=-0.2111, params={'fastlimit': 0.1, 'slowlimit': 0.01}
2026-01-20 16:35:16,986 - crypto_analysis.vectorbt_optimizer.optimizer - INFO - Optimizing MIDPOINT: 46 combinations
2026-01-20 16:35:16,986 - crypto_analysis.vectorbt_optimizer.optimizer - INFO - Using grid sampler with 46 trials
2026-01-20 16:35:17,563 - crypto_analysis.vectorbt_optimizer.parallel_runner - INFO - LRC/MIDPOINT: score=-0.7706, params={'timeperiod': 19}
2026-01-20 16:35:17,570 - crypto_analysis.vectorbt_optimizer.optimizer - INFO - Optimizing MIDPRICE: 46 combinations
2026-01-20 16:35:17,571 - crypto_analysis.vectorbt_optimizer.optimizer - INFO - Using grid sampler with 46 trials
2026-01-20 16:35:17,901 - crypto_analysis.vectorbt_optimizer.parallel_runner - INFO - VET/MA: score=-0.6259, params={'timeperiod': 100, 'matype': 8}
2026-01-20 16:35:17,905 - crypto_analysis.vectorbt_optimizer.optimizer - INFO - Optimizing MAMA: 1 combinations
2026-01-20 16:35:17,905 - crypto_analysis.vectorbt_optimizer.optimizer - INFO - Using grid sampler with 1 trials
2026-01-20 16:35:17,948 - crypto_analysis.vectorbt_optimizer.parallel_runner - INFO - VET/MAMA: score=-0.6295, params={'fastlimit': 0.1, 'slowlimit': 0.01}
2026-01-20 16:35:17,953 - crypto_analysis.vectorbt_optimizer.optimizer - INFO - Optimizing MIDPOINT: 46 combinations
2026-01-20 16:35:17,954 - crypto_analysis.vectorbt_optimizer.optimizer - INFO - Using grid sampler with 46 trials
2026-01-20 16:35:18,052 - crypto_analysis.vectorbt_optimizer.parallel_runner - INFO - DOGE/MIDPRICE: score=-0.4320, params={'timeperiod': 48}
2026-01-20 16:35:18,058 - crypto_analysis.vectorbt_optimizer.optimizer - INFO - Optimizing SAREXT: 1 combinations
2026-01-20 16:35:18,058 - crypto_analysis.vectorbt_optimizer.optimizer - INFO - Using grid sampler with 1 trials
2026-01-20 16:35:18,107 - crypto_analysis.vectorbt_optimizer.parallel_runner - INFO - DOGE/SAREXT: score=0.0000, params={'startvalue': 0.0, 'offsetonreverse': 0.0, 'accelerationinitlong': 0.01, 'accelerationlong': 0.01, 'accelerationmaxlong': 0.1, 'accelerationinitshort': 0.01, 'accelerationshort': 0.01, 'accelerationmaxshort': 0.1}
2026-01-20 16:35:18,112 - crypto_analysis.vectorbt_optimizer.optimizer - INFO - Optimizing OBV: 46 combinations
2026-01-20 16:35:18,112 - crypto_analysis.vectorbt_optimizer.optimizer - INFO - Using grid sampler with 46 trials
2026-01-20 16:35:18,367 - crypto_analysis.vectorbt_optimizer.parallel_runner - INFO - XLM/MIDPOINT: score=-0.4080, params={'timeperiod': 40}
2026-01-20 16:35:18,373 - crypto_analysis.vectorbt_optimizer.optimizer - INFO - Optimizing MIDPRICE: 46 combinations
2026-01-20 16:35:18,374 - crypto_analysis.vectorbt_optimizer.optimizer - INFO - Using grid sampler with 46 trials
2026-01-20 16:35:18,680 - crypto_analysis.vectorbt_optimizer.parallel_runner - INFO - LTC/ATR: score=0.0087, params={'timeperiod': 23, 'stop_loss_multiplier': 3.5}
2026-01-20 16:35:18,685 - crypto_analysis.vectorbt_optimizer.optimizer - INFO - Optimizing NATR: 110 combinations
2026-01-20 16:35:18,686 - crypto_analysis.vectorbt_optimizer.optimizer - INFO - Using grid sampler with 110 trials
2026-01-20 16:35:18,981 - crypto_analysis.vectorbt_optimizer.parallel_runner - INFO - LRC/MIDPRICE: score=-0.7743, params={'timeperiod': 19}
2026-01-20 16:35:18,987 - crypto_analysis.vectorbt_optimizer.optimizer - INFO - Optimizing SAREXT: 1 combinations
2026-01-20 16:35:18,988 - crypto_analysis.vectorbt_optimizer.optimizer - INFO - Using grid sampler with 1 trials
2026-01-20 16:35:19,043 - crypto_analysis.vectorbt_optimizer.parallel_runner - INFO - LRC/SAREXT: score=0.0000, params={'startvalue': 0.0, 'offsetonreverse': 0.0, 'accelerationinitlong': 0.01, 'accelerationlong': 0.01, 'accelerationmaxlong': 0.1, 'accelerationinitshort': 0.01, 'accelerationshort': 0.01, 'accelerationmaxshort': 0.1}
2026-01-20 16:35:19,047 - crypto_analysis.vectorbt_optimizer.optimizer - INFO - Optimizing OBV: 46 combinations
2026-01-20 16:35:19,048 - crypto_analysis.vectorbt_optimizer.optimizer - INFO - Using grid sampler with 46 trials
2026-01-20 16:35:19,061 - crypto_analysis.vectorbt_optimizer.parallel_runner - INFO - TRX/NATR: score=0.2109, params={'timeperiod': 15, 'entry_constant': 1.0}
2026-01-20 16:35:19,066 - crypto_analysis.vectorbt_optimizer.optimizer - INFO - Optimizing TRANGE: 3 combinations
2026-01-20 16:35:19,067 - crypto_analysis.vectorbt_optimizer.optimizer - INFO - Using grid sampler with 3 trials
2026-01-20 16:35:19,138 - crypto_analysis.vectorbt_optimizer.parallel_runner - INFO - TRX/TRANGE: score=0.0515, params={'entry_multiplier': 1.0, 'exit_multiplier': 0.3}
2026-01-20 16:35:19,143 - crypto_analysis.vectorbt_optimizer.optimizer - INFO - Optimizing HT_DCPERIOD: 961 combinations
2026-01-20 16:35:19,144 - crypto_analysis.vectorbt_optimizer.optimizer - INFO - Using tpe sampler with 1000 trials
2026-01-20 16:35:19,307 - crypto_analysis.vectorbt_optimizer.parallel_runner - INFO - VET/MIDPOINT: score=-0.7230, params={'timeperiod': 38}
2026-01-20 16:35:19,313 - crypto_analysis.vectorbt_optimizer.optimizer - INFO - Optimizing MIDPRICE: 46 combinations
2026-01-20 16:35:19,314 - crypto_analysis.vectorbt_optimizer.optimizer - INFO - Using grid sampler with 46 trials
2026-01-20 16:35:19,508 - crypto_analysis.vectorbt_optimizer.parallel_runner - INFO - DOGE/OBV: score=-0.3628, params={'sma_period': 22}
2026-01-20 16:35:19,516 - crypto_analysis.vectorbt_optimizer.optimizer - INFO - Optimizing AD: 46 combinations
2026-01-20 16:35:19,517 - crypto_analysis.vectorbt_optimizer.optimizer - INFO - Using grid sampler with 46 trials
2026-01-20 16:35:19,802 - crypto_analysis.vectorbt_optimizer.parallel_runner - INFO - XLM/MIDPRICE: score=-0.4474, params={'timeperiod': 40}
2026-01-20 16:35:19,808 - crypto_analysis.vectorbt_optimizer.optimizer - INFO - Optimizing SAREXT: 1 combinations
2026-01-20 16:35:19,808 - crypto_analysis.vectorbt_optimizer.optimizer - INFO - Using grid sampler with 1 trials
2026-01-20 16:35:19,865 - crypto_analysis.vectorbt_optimizer.parallel_runner - INFO - XLM/SAREXT: score=0.0000, params={'startvalue': 0.0, 'offsetonreverse': 0.0, 'accelerationinitlong': 0.01, 'accelerationlong': 0.01, 'accelerationmaxlong': 0.1, 'accelerationinitshort': 0.01, 'accelerationshort': 0.01, 'accelerationmaxshort': 0.1}
2026-01-20 16:35:19,871 - crypto_analysis.vectorbt_optimizer.optimizer - INFO - Optimizing OBV: 46 combinations
2026-01-20 16:35:19,872 - crypto_analysis.vectorbt_optimizer.optimizer - INFO - Using grid sampler with 46 trials
2026-01-20 16:35:20,398 - crypto_analysis.vectorbt_optimizer.parallel_runner - INFO - LRC/OBV: score=-0.8128, params={'sma_period': 23}
2026-01-20 16:35:20,405 - crypto_analysis.vectorbt_optimizer.optimizer - INFO - Optimizing AD: 46 combinations
2026-01-20 16:35:20,405 - crypto_analysis.vectorbt_optimizer.optimizer - INFO - Using grid sampler with 46 trials
2026-01-20 16:35:20,712 - crypto_analysis.vectorbt_optimizer.parallel_runner - INFO - VET/MIDPRICE: score=-0.6894, params={'timeperiod': 50}
2026-01-20 16:35:20,719 - crypto_analysis.vectorbt_optimizer.optimizer - INFO - Optimizing SAREXT: 1 combinations
2026-01-20 16:35:20,719 - crypto_analysis.vectorbt_optimizer.optimizer - INFO - Using grid sampler with 1 trials
2026-01-20 16:35:20,771 - crypto_analysis.vectorbt_optimizer.parallel_runner - INFO - VET/SAREXT: score=0.0000, params={'startvalue': 0.0, 'offsetonreverse': 0.0, 'accelerationinitlong': 0.01, 'accelerationlong': 0.01, 'accelerationmaxlong': 0.1, 'accelerationinitshort': 0.01, 'accelerationshort': 0.01, 'accelerationmaxshort': 0.1}
2026-01-20 16:35:20,776 - crypto_analysis.vectorbt_optimizer.optimizer - INFO - Optimizing OBV: 46 combinations
2026-01-20 16:35:20,776 - crypto_analysis.vectorbt_optimizer.optimizer - INFO - Using grid sampler with 46 trials
2026-01-20 16:35:20,968 - crypto_analysis.vectorbt_optimizer.parallel_runner - INFO - DOGE/AD: score=-0.7473, params={'sma_period': 30}
2026-01-20 16:35:20,975 - crypto_analysis.vectorbt_optimizer.optimizer - INFO - Optimizing ADOSC: 144 combinations
2026-01-20 16:35:20,976 - crypto_analysis.vectorbt_optimizer.optimizer - INFO - Using grid sampler with 144 trials
2026-01-20 16:35:21,218 - crypto_analysis.vectorbt_optimizer.parallel_runner - INFO - NEAR/ADOSC: score=0.0000, params={'fastperiod': 9, 'slowperiod': 9}
2026-01-20 16:35:21,234 - crypto_analysis.vectorbt_optimizer.optimizer - INFO - Optimizing ATR: 66 combinations
2026-01-20 16:35:21,234 - crypto_analysis.vectorbt_optimizer.optimizer - INFO - Using grid sampler with 66 trials
2026-01-20 16:35:21,347 - crypto_analysis.vectorbt_optimizer.parallel_runner - INFO - XLM/OBV: score=-0.4182, params={'sma_period': 41}
2026-01-20 16:35:21,355 - crypto_analysis.vectorbt_optimizer.optimizer - INFO - Optimizing AD: 46 combinations
2026-01-20 16:35:21,356 - crypto_analysis.vectorbt_optimizer.optimizer - INFO - Using grid sampler with 46 trials
2026-01-20 16:35:21,811 - crypto_analysis.vectorbt_optimizer.parallel_runner - INFO - LRC/AD: score=-0.8607, params={'sma_period': 50}
2026-01-20 16:35:21,819 - crypto_analysis.vectorbt_optimizer.optimizer - INFO - Optimizing ADOSC: 144 combinations
2026-01-20 16:35:21,819 - crypto_analysis.vectorbt_optimizer.optimizer - INFO - Using grid sampler with 144 trials
2026-01-20 16:35:22,012 - crypto_analysis.vectorbt_optimizer.parallel_runner - INFO - LTC/NATR: score=0.2173, params={'timeperiod': 22, 'entry_constant': 4.0}
2026-01-20 16:35:22,016 - crypto_analysis.vectorbt_optimizer.optimizer - INFO - Optimizing TRANGE: 3 combinations
2026-01-20 16:35:22,017 - crypto_analysis.vectorbt_optimizer.optimizer - INFO - Using grid sampler with 3 trials
2026-01-20 16:35:22,099 - crypto_analysis.vectorbt_optimizer.parallel_runner - INFO - LTC/TRANGE: score=-0.3013, params={'entry_multiplier': 1.0, 'exit_multiplier': 0.3}
2026-01-20 16:35:22,105 - crypto_analysis.vectorbt_optimizer.optimizer - INFO - Optimizing HT_DCPERIOD: 961 combinations
2026-01-20 16:35:22,107 - crypto_analysis.vectorbt_optimizer.optimizer - INFO - Using tpe sampler with 1000 trials
2026-01-20 16:35:22,200 - crypto_analysis.vectorbt_optimizer.parallel_runner - INFO - VET/OBV: score=-0.6367, params={'sma_period': 49}
2026-01-20 16:35:22,207 - crypto_analysis.vectorbt_optimizer.optimizer - INFO - Optimizing AD: 46 combinations
2026-01-20 16:35:22,208 - crypto_analysis.vectorbt_optimizer.optimizer - INFO - Using grid sampler with 46 trials
2026-01-20 16:35:22,654 - crypto_analysis.vectorbt_optimizer.parallel_runner - INFO - ALGO/MA: score=-0.4109, params={'timeperiod': 98, 'matype': 8}
2026-01-20 16:35:22,659 - crypto_analysis.vectorbt_optimizer.optimizer - INFO - Optimizing MAMA: 1 combinations
2026-01-20 16:35:22,660 - crypto_analysis.vectorbt_optimizer.optimizer - INFO - Using grid sampler with 1 trials
2026-01-20 16:35:22,702 - crypto_analysis.vectorbt_optimizer.parallel_runner - INFO - ALGO/MAMA: score=-0.3358, params={'fastlimit': 0.1, 'slowlimit': 0.01}
2026-01-20 16:35:22,708 - crypto_analysis.vectorbt_optimizer.optimizer - INFO - Optimizing MIDPOINT: 46 combinations
2026-01-20 16:35:22,709 - crypto_analysis.vectorbt_optimizer.optimizer - INFO - Using grid sampler with 46 trials
2026-01-20 16:35:22,779 - crypto_analysis.vectorbt_optimizer.parallel_runner - INFO - XLM/AD: score=-0.4474, params={'sma_period': 50}
2026-01-20 16:35:22,785 - crypto_analysis.vectorbt_optimizer.optimizer - INFO - Optimizing ADOSC: 144 combinations
2026-01-20 16:35:22,786 - crypto_analysis.vectorbt_optimizer.optimizer - INFO - Using grid sampler with 144 trials
2026-01-20 16:35:23,100 - crypto_analysis.vectorbt_optimizer.parallel_runner - INFO - NEAR/ATR: score=-0.1008, params={'timeperiod': 28, 'stop_loss_multiplier': 3.5}
2026-01-20 16:35:23,105 - crypto_analysis.vectorbt_optimizer.optimizer - INFO - Optimizing NATR: 110 combinations
2026-01-20 16:35:23,106 - crypto_analysis.vectorbt_optimizer.optimizer - INFO - Using grid sampler with 110 trials
2026-01-20 16:35:23,644 - crypto_analysis.vectorbt_optimizer.parallel_runner - INFO - VET/AD: score=-0.7292, params={'sma_period': 35}
2026-01-20 16:35:23,650 - crypto_analysis.vectorbt_optimizer.optimizer - INFO - Optimizing ADOSC: 144 combinations
2026-01-20 16:35:23,651 - crypto_analysis.vectorbt_optimizer.optimizer - INFO - Using grid sampler with 144 trials
2026-01-20 16:35:24,066 - crypto_analysis.vectorbt_optimizer.parallel_runner - INFO - ALGO/MIDPOINT: score=-0.6640, params={'timeperiod': 36}
2026-01-20 16:35:24,073 - crypto_analysis.vectorbt_optimizer.optimizer - INFO - Optimizing MIDPRICE: 46 combinations
2026-01-20 16:35:24,074 - crypto_analysis.vectorbt_optimizer.optimizer - INFO - Using grid sampler with 46 trials
2026-01-20 16:35:25,474 - crypto_analysis.vectorbt_optimizer.parallel_runner - INFO - ALGO/MIDPRICE: score=-0.6327, params={'timeperiod': 35}
2026-01-20 16:35:25,480 - crypto_analysis.vectorbt_optimizer.optimizer - INFO - Optimizing SAREXT: 1 combinations
2026-01-20 16:35:25,481 - crypto_analysis.vectorbt_optimizer.optimizer - INFO - Using grid sampler with 1 trials
2026-01-20 16:35:25,531 - crypto_analysis.vectorbt_optimizer.parallel_runner - INFO - ALGO/SAREXT: score=0.0000, params={'startvalue': 0.0, 'offsetonreverse': 0.0, 'accelerationinitlong': 0.01, 'accelerationlong': 0.01, 'accelerationmaxlong': 0.1, 'accelerationinitshort': 0.01, 'accelerationshort': 0.01, 'accelerationmaxshort': 0.1}
2026-01-20 16:35:25,536 - crypto_analysis.vectorbt_optimizer.optimizer - INFO - Optimizing OBV: 46 combinations
2026-01-20 16:35:25,536 - crypto_analysis.vectorbt_optimizer.optimizer - INFO - Using grid sampler with 46 trials
2026-01-20 16:35:26,417 - crypto_analysis.vectorbt_optimizer.parallel_runner - INFO - NEAR/NATR: score=0.2085, params={'timeperiod': 19, 'entry_constant': 5.0}
2026-01-20 16:35:26,421 - crypto_analysis.vectorbt_optimizer.optimizer - INFO - Optimizing TRANGE: 3 combinations
2026-01-20 16:35:26,422 - crypto_analysis.vectorbt_optimizer.optimizer - INFO - Using grid sampler with 3 trials
2026-01-20 16:35:26,517 - crypto_analysis.vectorbt_optimizer.parallel_runner - INFO - NEAR/TRANGE: score=-0.4733, params={'entry_multiplier': 3.0, 'exit_multiplier': 0.3}
2026-01-20 16:35:26,524 - crypto_analysis.vectorbt_optimizer.optimizer - INFO - Optimizing HT_DCPERIOD: 961 combinations
2026-01-20 16:35:26,526 - crypto_analysis.vectorbt_optimizer.optimizer - INFO - Using tpe sampler with 1000 trials
2026-01-20 16:35:27,035 - crypto_analysis.vectorbt_optimizer.parallel_runner - INFO - ALGO/OBV: score=-0.4911, params={'sma_period': 48}
2026-01-20 16:35:27,042 - crypto_analysis.vectorbt_optimizer.optimizer - INFO - Optimizing AD: 46 combinations
2026-01-20 16:35:27,043 - crypto_analysis.vectorbt_optimizer.optimizer - INFO - Using grid sampler with 46 trials
2026-01-20 16:35:28,057 - crypto_analysis.vectorbt_optimizer.parallel_runner - INFO - DOGE/ADOSC: score=0.0000, params={'fastperiod': 9, 'slowperiod': 9}
2026-01-20 16:35:28,069 - crypto_analysis.vectorbt_optimizer.optimizer - INFO - Optimizing ATR: 66 combinations
2026-01-20 16:35:28,069 - crypto_analysis.vectorbt_optimizer.optimizer - INFO - Using grid sampler with 66 trials
2026-01-20 16:35:28,537 - crypto_analysis.vectorbt_optimizer.parallel_runner - INFO - ALGO/AD: score=-0.8150, params={'sma_period': 49}
2026-01-20 16:35:28,544 - crypto_analysis.vectorbt_optimizer.optimizer - INFO - Optimizing ADOSC: 144 combinations
2026-01-20 16:35:28,545 - crypto_analysis.vectorbt_optimizer.optimizer - INFO - Using grid sampler with 144 trials
2026-01-20 16:35:29,024 - crypto_analysis.vectorbt_optimizer.parallel_runner - INFO - LRC/ADOSC: score=0.0000, params={'fastperiod': 9, 'slowperiod': 9}
2026-01-20 16:35:29,038 - crypto_analysis.vectorbt_optimizer.optimizer - INFO - Optimizing ATR: 66 combinations
2026-01-20 16:35:29,039 - crypto_analysis.vectorbt_optimizer.optimizer - INFO - Using grid sampler with 66 trials
2026-01-20 16:35:29,910 - crypto_analysis.vectorbt_optimizer.parallel_runner - INFO - DOGE/ATR: score=0.3421, params={'timeperiod': 28, 'stop_loss_multiplier': 3.5}
2026-01-20 16:35:29,916 - crypto_analysis.vectorbt_optimizer.optimizer - INFO - Optimizing NATR: 110 combinations
2026-01-20 16:35:29,917 - crypto_analysis.vectorbt_optimizer.optimizer - INFO - Using grid sampler with 110 trials
2026-01-20 16:35:30,259 - crypto_analysis.vectorbt_optimizer.parallel_runner - INFO - XLM/ADOSC: score=0.0000, params={'fastperiod': 9, 'slowperiod': 9}
2026-01-20 16:35:30,272 - crypto_analysis.vectorbt_optimizer.optimizer - INFO - Optimizing ATR: 66 combinations
2026-01-20 16:35:30,273 - crypto_analysis.vectorbt_optimizer.optimizer - INFO - Using grid sampler with 66 trials
2026-01-20 16:35:30,868 - crypto_analysis.vectorbt_optimizer.parallel_runner - INFO - VET/ADOSC: score=0.0000, params={'fastperiod': 9, 'slowperiod': 9}
2026-01-20 16:35:30,880 - crypto_analysis.vectorbt_optimizer.optimizer - INFO - Optimizing ATR: 66 combinations
2026-01-20 16:35:30,880 - crypto_analysis.vectorbt_optimizer.optimizer - INFO - Using grid sampler with 66 trials
2026-01-20 16:35:30,901 - crypto_analysis.vectorbt_optimizer.parallel_runner - INFO - LRC/ATR: score=-0.4722, params={'timeperiod': 28, 'stop_loss_multiplier': 2.5}
2026-01-20 16:35:30,907 - crypto_analysis.vectorbt_optimizer.optimizer - INFO - Optimizing NATR: 110 combinations
2026-01-20 16:35:30,908 - crypto_analysis.vectorbt_optimizer.optimizer - INFO - Using grid sampler with 110 trials
2026-01-20 16:35:32,193 - crypto_analysis.vectorbt_optimizer.parallel_runner - INFO - XLM/ATR: score=0.8093, params={'timeperiod': 16, 'stop_loss_multiplier': 2.5}
2026-01-20 16:35:32,198 - crypto_analysis.vectorbt_optimizer.optimizer - INFO - Optimizing NATR: 110 combinations
2026-01-20 16:35:32,199 - crypto_analysis.vectorbt_optimizer.optimizer - INFO - Using grid sampler with 110 trials
2026-01-20 16:35:32,801 - crypto_analysis.vectorbt_optimizer.parallel_runner - INFO - VET/ATR: score=-0.1445, params={'timeperiod': 23, 'stop_loss_multiplier': 3.5}
2026-01-20 16:35:32,807 - crypto_analysis.vectorbt_optimizer.optimizer - INFO - Optimizing NATR: 110 combinations
2026-01-20 16:35:32,808 - crypto_analysis.vectorbt_optimizer.optimizer - INFO - Using grid sampler with 110 trials
2026-01-20 16:35:33,248 - crypto_analysis.vectorbt_optimizer.parallel_runner - INFO - DOGE/NATR: score=0.4462, params={'timeperiod': 10, 'entry_constant': 3.0}
2026-01-20 16:35:33,252 - crypto_analysis.vectorbt_optimizer.optimizer - INFO - Optimizing TRANGE: 3 combinations
2026-01-20 16:35:33,253 - crypto_analysis.vectorbt_optimizer.optimizer - INFO - Using grid sampler with 3 trials
2026-01-20 16:35:33,347 - crypto_analysis.vectorbt_optimizer.parallel_runner - INFO - DOGE/TRANGE: score=-0.5505, params={'entry_multiplier': 3.0, 'exit_multiplier': 0.3}
2026-01-20 16:35:33,353 - crypto_analysis.vectorbt_optimizer.optimizer - INFO - Optimizing HT_DCPERIOD: 961 combinations
2026-01-20 16:35:33,355 - crypto_analysis.vectorbt_optimizer.optimizer - INFO - Using tpe sampler with 1000 trials
2026-01-20 16:35:34,273 - crypto_analysis.vectorbt_optimizer.parallel_runner - INFO - LRC/NATR: score=0.1542, params={'timeperiod': 28, 'entry_constant': 4.0}
2026-01-20 16:35:34,277 - crypto_analysis.vectorbt_optimizer.optimizer - INFO - Optimizing TRANGE: 3 combinations
2026-01-20 16:35:34,278 - crypto_analysis.vectorbt_optimizer.optimizer - INFO - Using grid sampler with 3 trials
2026-01-20 16:35:34,374 - crypto_analysis.vectorbt_optimizer.parallel_runner - INFO - LRC/TRANGE: score=-0.8091, params={'entry_multiplier': 1.0, 'exit_multiplier': 0.3}
2026-01-20 16:35:34,380 - crypto_analysis.vectorbt_optimizer.optimizer - INFO - Optimizing HT_DCPERIOD: 961 combinations
2026-01-20 16:35:34,381 - crypto_analysis.vectorbt_optimizer.optimizer - INFO - Using tpe sampler with 1000 trials
2026-01-20 16:35:35,521 - crypto_analysis.vectorbt_optimizer.parallel_runner - INFO - XLM/NATR: score=1.2541, params={'timeperiod': 10, 'entry_constant': 3.0}
2026-01-20 16:35:35,525 - crypto_analysis.vectorbt_optimizer.optimizer - INFO - Optimizing TRANGE: 3 combinations
2026-01-20 16:35:35,525 - crypto_analysis.vectorbt_optimizer.optimizer - INFO - Using grid sampler with 3 trials
2026-01-20 16:35:35,612 - crypto_analysis.vectorbt_optimizer.parallel_runner - INFO - XLM/TRANGE: score=-0.2712, params={'entry_multiplier': 3.0, 'exit_multiplier': 0.3}
2026-01-20 16:35:35,618 - crypto_analysis.vectorbt_optimizer.optimizer - INFO - Optimizing HT_DCPERIOD: 961 combinations
2026-01-20 16:35:35,619 - crypto_analysis.vectorbt_optimizer.optimizer - INFO - Using tpe sampler with 1000 trials
2026-01-20 16:35:35,669 - crypto_analysis.vectorbt_optimizer.parallel_runner - INFO - ALGO/ADOSC: score=0.0000, params={'fastperiod': 9, 'slowperiod': 9}
2026-01-20 16:35:35,682 - crypto_analysis.vectorbt_optimizer.optimizer - INFO - Optimizing ATR: 66 combinations
2026-01-20 16:35:35,682 - crypto_analysis.vectorbt_optimizer.optimizer - INFO - Using grid sampler with 66 trials
2026-01-20 16:35:36,084 - crypto_analysis.vectorbt_optimizer.parallel_runner - INFO - VET/NATR: score=0.5514, params={'timeperiod': 10, 'entry_constant': 3.0}
2026-01-20 16:35:36,088 - crypto_analysis.vectorbt_optimizer.optimizer - INFO - Optimizing TRANGE: 3 combinations
2026-01-20 16:35:36,089 - crypto_analysis.vectorbt_optimizer.optimizer - INFO - Using grid sampler with 3 trials
2026-01-20 16:35:36,163 - crypto_analysis.vectorbt_optimizer.parallel_runner - INFO - VET/TRANGE: score=-0.7502, params={'entry_multiplier': 1.0, 'exit_multiplier': 0.3}
2026-01-20 16:35:36,168 - crypto_analysis.vectorbt_optimizer.optimizer - INFO - Optimizing HT_DCPERIOD: 961 combinations
2026-01-20 16:35:36,169 - crypto_analysis.vectorbt_optimizer.optimizer - INFO - Using tpe sampler with 1000 trials
2026-01-20 16:35:37,522 - crypto_analysis.vectorbt_optimizer.parallel_runner - INFO - ALGO/ATR: score=-0.2051, params={'timeperiod': 28, 'stop_loss_multiplier': 2.5}
2026-01-20 16:35:37,528 - crypto_analysis.vectorbt_optimizer.optimizer - INFO - Optimizing NATR: 110 combinations
2026-01-20 16:35:37,529 - crypto_analysis.vectorbt_optimizer.optimizer - INFO - Using grid sampler with 110 trials
2026-01-20 16:35:40,968 - crypto_analysis.vectorbt_optimizer.parallel_runner - INFO - ALGO/NATR: score=0.9747, params={'timeperiod': 8, 'entry_constant': 3.0}
2026-01-20 16:35:40,973 - crypto_analysis.vectorbt_optimizer.optimizer - INFO - Optimizing TRANGE: 3 combinations
2026-01-20 16:35:40,974 - crypto_analysis.vectorbt_optimizer.optimizer - INFO - Using grid sampler with 3 trials
2026-01-20 16:35:41,067 - crypto_analysis.vectorbt_optimizer.parallel_runner - INFO - ALGO/TRANGE: score=-0.6349, params={'entry_multiplier': 1.0, 'exit_multiplier': 0.3}
2026-01-20 16:35:41,073 - crypto_analysis.vectorbt_optimizer.optimizer - INFO - Optimizing HT_DCPERIOD: 961 combinations
2026-01-20 16:35:41,074 - crypto_analysis.vectorbt_optimizer.optimizer - INFO - Using tpe sampler with 1000 trials
2026-01-20 16:35:52,615 - crypto_analysis.vectorbt_optimizer.parallel_runner - INFO - OP/HT_DCPERIOD: score=0.1740, params={'entry_constant': 12.36760431813791, 'exit_constant': 33.60211526932203}
2026-01-20 16:35:52,620 - crypto_analysis.vectorbt_optimizer.optimizer - INFO - Optimizing HT_DCPHASE: 8281 combinations
2026-01-20 16:35:52,620 - crypto_analysis.vectorbt_optimizer.optimizer - INFO - Using tpe sampler with 1000 trials
2026-01-20 16:35:53,682 - crypto_analysis.vectorbt_optimizer.parallel_runner - INFO - ARB/HT_DCPERIOD: score=0.8650, params={'entry_constant': 22.774449101950943, 'exit_constant': 20.00132594818156}
2026-01-20 16:35:53,686 - crypto_analysis.vectorbt_optimizer.optimizer - INFO - Optimizing HT_DCPHASE: 8281 combinations
2026-01-20 16:35:53,687 - crypto_analysis.vectorbt_optimizer.optimizer - INFO - Using tpe sampler with 1000 trials
2026-01-20 16:35:58,457 - crypto_analysis.vectorbt_optimizer.parallel_runner - INFO - TRX/HT_DCPERIOD: score=0.6892, params={'entry_constant': 15.517821343081343, 'exit_constant': 39.46610168032596}
2026-01-20 16:35:58,460 - crypto_analysis.vectorbt_optimizer.optimizer - INFO - Optimizing HT_DCPHASE: 8281 combinations
2026-01-20 16:35:58,461 - crypto_analysis.vectorbt_optimizer.optimizer - INFO - Using tpe sampler with 1000 trials
2026-01-20 16:36:00,421 - crypto_analysis.vectorbt_optimizer.parallel_runner - INFO - LTC/HT_DCPERIOD: score=0.1441, params={'entry_constant': 14.723283141869839, 'exit_constant': 36.81630618660683}
2026-01-20 16:36:00,425 - crypto_analysis.vectorbt_optimizer.optimizer - INFO - Optimizing HT_DCPHASE: 8281 combinations
2026-01-20 16:36:00,426 - crypto_analysis.vectorbt_optimizer.optimizer - INFO - Using tpe sampler with 1000 trials
2026-01-20 16:36:05,758 - crypto_analysis.vectorbt_optimizer.parallel_runner - INFO - NEAR/HT_DCPERIOD: score=0.4907, params={'entry_constant': 12.94650014758786, 'exit_constant': 35.73079408368929}
2026-01-20 16:36:05,762 - crypto_analysis.vectorbt_optimizer.optimizer - INFO - Optimizing HT_DCPHASE: 8281 combinations
2026-01-20 16:36:05,763 - crypto_analysis.vectorbt_optimizer.optimizer - INFO - Using tpe sampler with 1000 trials
2026-01-20 16:36:11,789 - crypto_analysis.vectorbt_optimizer.parallel_runner - INFO - DOGE/HT_DCPERIOD: score=0.0000, params={'entry_constant': 10.348495898538289, 'exit_constant': 39.69883198458249}
2026-01-20 16:36:11,793 - crypto_analysis.vectorbt_optimizer.optimizer - INFO - Optimizing HT_DCPHASE: 8281 combinations
2026-01-20 16:36:11,794 - crypto_analysis.vectorbt_optimizer.optimizer - INFO - Using tpe sampler with 1000 trials
2026-01-20 16:36:13,983 - crypto_analysis.vectorbt_optimizer.parallel_runner - INFO - LRC/HT_DCPERIOD: score=0.1853, params={'entry_constant': 11.068881140981402, 'exit_constant': 37.5703177314093}
2026-01-20 16:36:13,987 - crypto_analysis.vectorbt_optimizer.optimizer - INFO - Optimizing HT_DCPHASE: 8281 combinations
2026-01-20 16:36:13,988 - crypto_analysis.vectorbt_optimizer.optimizer - INFO - Using tpe sampler with 1000 trials
2026-01-20 16:36:15,181 - crypto_analysis.vectorbt_optimizer.parallel_runner - INFO - XLM/HT_DCPERIOD: score=0.2507, params={'entry_constant': 13.832572320598208, 'exit_constant': 24.58170091766712}
2026-01-20 16:36:15,184 - crypto_analysis.vectorbt_optimizer.optimizer - INFO - Optimizing HT_DCPHASE: 8281 combinations
2026-01-20 16:36:15,185 - crypto_analysis.vectorbt_optimizer.optimizer - INFO - Using tpe sampler with 1000 trials
2026-01-20 16:36:15,224 - crypto_analysis.vectorbt_optimizer.parallel_runner - INFO - VET/HT_DCPERIOD: score=0.0000, params={'entry_constant': 11.655020373895555, 'exit_constant': 40.48032270805095}
2026-01-20 16:36:15,228 - crypto_analysis.vectorbt_optimizer.optimizer - INFO - Optimizing HT_DCPHASE: 8281 combinations
2026-01-20 16:36:15,229 - crypto_analysis.vectorbt_optimizer.optimizer - INFO - Using tpe sampler with 1000 trials
2026-01-20 16:36:20,440 - crypto_analysis.vectorbt_optimizer.parallel_runner - INFO - ALGO/HT_DCPERIOD: score=0.2928, params={'entry_constant': 14.617378602079144, 'exit_constant': 27.8422784994054}
2026-01-20 16:36:20,445 - crypto_analysis.vectorbt_optimizer.optimizer - INFO - Optimizing HT_DCPHASE: 8281 combinations
2026-01-20 16:36:20,446 - crypto_analysis.vectorbt_optimizer.optimizer - INFO - Using tpe sampler with 1000 trials
2026-01-20 16:36:45,401 - crypto_analysis.vectorbt_optimizer.parallel_runner - INFO - OP/HT_DCPHASE: score=0.0000, params={'entry_constant': -79.96741710849966, 'exit_constant': 45.483968127598764}
2026-01-20 16:36:45,412 - crypto_analysis.vectorbt_optimizer.optimizer - INFO - Optimizing HT_PHASOR: 1 combinations
2026-01-20 16:36:45,412 - crypto_analysis.vectorbt_optimizer.optimizer - INFO - Using grid sampler with 1 trials
2026-01-20 16:36:45,451 - crypto_analysis.vectorbt_optimizer.parallel_runner - INFO - OP/HT_PHASOR: score=-0.9461, params={}
2026-01-20 16:36:45,456 - crypto_analysis.vectorbt_optimizer.optimizer - INFO - Optimizing HT_SINE: 1 combinations
2026-01-20 16:36:45,457 - crypto_analysis.vectorbt_optimizer.optimizer - INFO - Using grid sampler with 1 trials
2026-01-20 16:36:45,511 - crypto_analysis.vectorbt_optimizer.parallel_runner - INFO - OP/HT_SINE: score=-0.7139, params={}
2026-01-20 16:36:45,524 - crypto_analysis.vectorbt_optimizer.optimizer - INFO - Optimizing HT_TRENDMODE: 1 combinations
2026-01-20 16:36:45,525 - crypto_analysis.vectorbt_optimizer.optimizer - INFO - Using grid sampler with 1 trials
2026-01-20 16:36:45,579 - crypto_analysis.vectorbt_optimizer.parallel_runner - INFO - OP/HT_TRENDMODE: score=-0.9407, params={}
2026-01-20 16:36:48,336 - crypto_analysis.vectorbt_optimizer.parallel_runner - INFO - ARB/HT_DCPHASE: score=0.1789, params={'entry_constant': -43.98908950255405, 'exit_constant': 74.78921905820555}
2026-01-20 16:36:48,347 - crypto_analysis.vectorbt_optimizer.optimizer - INFO - Optimizing HT_PHASOR: 1 combinations
2026-01-20 16:36:48,347 - crypto_analysis.vectorbt_optimizer.optimizer - INFO - Using grid sampler with 1 trials
2026-01-20 16:36:48,385 - crypto_analysis.vectorbt_optimizer.parallel_runner - INFO - ARB/HT_PHASOR: score=-0.9419, params={}
2026-01-20 16:36:48,390 - crypto_analysis.vectorbt_optimizer.optimizer - INFO - Optimizing HT_SINE: 1 combinations
2026-01-20 16:36:48,391 - crypto_analysis.vectorbt_optimizer.optimizer - INFO - Using grid sampler with 1 trials
2026-01-20 16:36:48,445 - crypto_analysis.vectorbt_optimizer.parallel_runner - INFO - ARB/HT_SINE: score=-0.5650, params={}
2026-01-20 16:36:48,458 - crypto_analysis.vectorbt_optimizer.optimizer - INFO - Optimizing HT_TRENDMODE: 1 combinations
2026-01-20 16:36:48,458 - crypto_analysis.vectorbt_optimizer.optimizer - INFO - Using grid sampler with 1 trials
2026-01-20 16:36:48,510 - crypto_analysis.vectorbt_optimizer.parallel_runner - INFO - ARB/HT_TRENDMODE: score=-0.9190, params={}
2026-01-20 16:36:49,156 - crypto_analysis.vectorbt_optimizer.parallel_runner - INFO - Processing HBAR...
2026-01-20 16:36:49,169 - crypto_analysis.vectorbt_optimizer.optimizer - INFO - Optimizing RSI: 12789 combinations
2026-01-20 16:36:49,170 - crypto_analysis.vectorbt_optimizer.optimizer - INFO - Using tpe sampler with 1000 trials
2026-01-20 16:36:50,895 - crypto_analysis.vectorbt_optimizer.output_builder - INFO - Exported notebooks/csvs/OP_optimized.csv
2026-01-20 16:36:50,895 - crypto_analysis.vectorbt_optimizer.parallel_runner - INFO - Completed OP
2026-01-20 16:36:51,303 - crypto_analysis.vectorbt_optimizer.parallel_runner - INFO - TRX/HT_DCPHASE: score=0.0000, params={'entry_constant': -54.55593520448352, 'exit_constant': 9.851632710624381}
2026-01-20 16:36:51,314 - crypto_analysis.vectorbt_optimizer.optimizer - INFO - Optimizing HT_PHASOR: 1 combinations
2026-01-20 16:36:51,314 - crypto_analysis.vectorbt_optimizer.optimizer - INFO - Using grid sampler with 1 trials
2026-01-20 16:36:51,354 - crypto_analysis.vectorbt_optimizer.parallel_runner - INFO - TRX/HT_PHASOR: score=-0.8970, params={}
2026-01-20 16:36:51,359 - crypto_analysis.vectorbt_optimizer.optimizer - INFO - Optimizing HT_SINE: 1 combinations
2026-01-20 16:36:51,360 - crypto_analysis.vectorbt_optimizer.optimizer - INFO - Using grid sampler with 1 trials
2026-01-20 16:36:51,416 - crypto_analysis.vectorbt_optimizer.parallel_runner - INFO - TRX/HT_SINE: score=-0.4141, params={}
2026-01-20 16:36:51,429 - crypto_analysis.vectorbt_optimizer.optimizer - INFO - Optimizing HT_TRENDMODE: 1 combinations
2026-01-20 16:36:51,430 - crypto_analysis.vectorbt_optimizer.optimizer - INFO - Using grid sampler with 1 trials
2026-01-20 16:36:51,488 - crypto_analysis.vectorbt_optimizer.parallel_runner - INFO - TRX/HT_TRENDMODE: score=-0.3793, params={}
2026-01-20 16:36:52,134 - crypto_analysis.vectorbt_optimizer.parallel_runner - INFO - Processing FIL...
2026-01-20 16:36:52,149 - crypto_analysis.vectorbt_optimizer.optimizer - INFO - Optimizing RSI: 12789 combinations
2026-01-20 16:36:52,150 - crypto_analysis.vectorbt_optimizer.optimizer - INFO - Using tpe sampler with 1000 trials
2026-01-20 16:36:52,825 - crypto_analysis.vectorbt_optimizer.parallel_runner - INFO - LTC/HT_DCPHASE: score=0.4989, params={'entry_constant': -42.337173690189104, 'exit_constant': 84.83883225829757}
2026-01-20 16:36:52,836 - crypto_analysis.vectorbt_optimizer.optimizer - INFO - Optimizing HT_PHASOR: 1 combinations
2026-01-20 16:36:52,836 - crypto_analysis.vectorbt_optimizer.optimizer - INFO - Using grid sampler with 1 trials
2026-01-20 16:36:52,875 - crypto_analysis.vectorbt_optimizer.parallel_runner - INFO - LTC/HT_PHASOR: score=-0.8735, params={}
2026-01-20 16:36:52,880 - crypto_analysis.vectorbt_optimizer.optimizer - INFO - Optimizing HT_SINE: 1 combinations
2026-01-20 16:36:52,881 - crypto_analysis.vectorbt_optimizer.optimizer - INFO - Using grid sampler with 1 trials
2026-01-20 16:36:52,933 - crypto_analysis.vectorbt_optimizer.parallel_runner - INFO - LTC/HT_SINE: score=-0.5011, params={}
2026-01-20 16:36:52,945 - crypto_analysis.vectorbt_optimizer.optimizer - INFO - Optimizing HT_TRENDMODE: 1 combinations
2026-01-20 16:36:52,945 - crypto_analysis.vectorbt_optimizer.optimizer - INFO - Using grid sampler with 1 trials
2026-01-20 16:36:53,002 - crypto_analysis.vectorbt_optimizer.parallel_runner - INFO - LTC/HT_TRENDMODE: score=-0.8009, params={}
2026-01-20 16:36:53,757 - crypto_analysis.vectorbt_optimizer.output_builder - INFO - Exported notebooks/csvs/ARB_optimized.csv
2026-01-20 16:36:53,757 - crypto_analysis.vectorbt_optimizer.parallel_runner - INFO - Completed ARB
2026-01-20 16:36:55,218 - crypto_analysis.vectorbt_optimizer.parallel_runner - INFO - Processing EOS...
2026-01-20 16:36:55,219 - crypto_analysis.vectorbt_optimizer.parallel_runner - ERROR - Data not found for EOS: Data file not found: data/binance/EOS_USDT-1h.feather
2026-01-20 16:36:55,219 - crypto_analysis.vectorbt_optimizer.parallel_runner - INFO - Processing CHZ...
2026-01-20 16:36:55,240 - crypto_analysis.vectorbt_optimizer.optimizer - INFO - Optimizing RSI: 12789 combinations
2026-01-20 16:36:55,241 - crypto_analysis.vectorbt_optimizer.optimizer - INFO - Using tpe sampler with 1000 trials
2026-01-20 16:36:56,924 - crypto_analysis.vectorbt_optimizer.output_builder - INFO - Exported notebooks/csvs/TRX_optimized.csv
2026-01-20 16:36:56,925 - crypto_analysis.vectorbt_optimizer.parallel_runner - INFO - Completed TRX
2026-01-20 16:36:56,930 - crypto_analysis.vectorbt_optimizer.parallel_runner - INFO - Processing IOTA...
2026-01-20 16:36:56,961 - crypto_analysis.vectorbt_optimizer.optimizer - INFO - Optimizing RSI: 12789 combinations
2026-01-20 16:36:56,964 - crypto_analysis.vectorbt_optimizer.optimizer - INFO - Using tpe sampler with 1000 trials
2026-01-20 16:36:58,463 - crypto_analysis.vectorbt_optimizer.output_builder - INFO - Exported notebooks/csvs/LTC_optimized.csv
2026-01-20 16:36:58,463 - crypto_analysis.vectorbt_optimizer.parallel_runner - INFO - Completed LTC
2026-01-20 16:36:58,498 - crypto_analysis.vectorbt_optimizer.parallel_runner - INFO - NEAR/HT_DCPHASE: score=0.1338, params={'entry_constant': -44.26099861983589, 'exit_constant': 89.504363793962}
2026-01-20 16:36:58,509 - crypto_analysis.vectorbt_optimizer.optimizer - INFO - Optimizing HT_PHASOR: 1 combinations
2026-01-20 16:36:58,509 - crypto_analysis.vectorbt_optimizer.optimizer - INFO - Using grid sampler with 1 trials
2026-01-20 16:36:58,554 - crypto_analysis.vectorbt_optimizer.parallel_runner - INFO - NEAR/HT_PHASOR: score=-0.9191, params={}
2026-01-20 16:36:58,559 - crypto_analysis.vectorbt_optimizer.optimizer - INFO - Optimizing HT_SINE: 1 combinations
2026-01-20 16:36:58,559 - crypto_analysis.vectorbt_optimizer.optimizer - INFO - Using grid sampler with 1 trials
2026-01-20 16:36:58,624 - crypto_analysis.vectorbt_optimizer.parallel_runner - INFO - NEAR/HT_SINE: score=-0.7959, params={}
2026-01-20 16:36:58,640 - crypto_analysis.vectorbt_optimizer.optimizer - INFO - Optimizing HT_TRENDMODE: 1 combinations
2026-01-20 16:36:58,640 - crypto_analysis.vectorbt_optimizer.optimizer - INFO - Using grid sampler with 1 trials
2026-01-20 16:36:58,700 - crypto_analysis.vectorbt_optimizer.parallel_runner - INFO - NEAR/HT_TRENDMODE: score=-0.8946, params={}
2026-01-20 16:37:02,300 - crypto_analysis.vectorbt_optimizer.parallel_runner - INFO - Processing CRO...
2026-01-20 16:37:02,300 - crypto_analysis.vectorbt_optimizer.parallel_runner - ERROR - Data not found for CRO: Data file not found: data/binance/CRO_USDT-1h.feather
2026-01-20 16:37:02,301 - crypto_analysis.vectorbt_optimizer.parallel_runner - INFO - Processing ZIL...
2026-01-20 16:37:02,321 - crypto_analysis.vectorbt_optimizer.optimizer - INFO - Optimizing RSI: 12789 combinations
2026-01-20 16:37:02,322 - crypto_analysis.vectorbt_optimizer.optimizer - INFO - Using tpe sampler with 1000 trials
2026-01-20 16:37:03,800 - crypto_analysis.vectorbt_optimizer.parallel_runner - INFO - DOGE/HT_DCPHASE: score=0.0187, params={'entry_constant': -42.72381323287704, 'exit_constant': 44.34935194877099}
2026-01-20 16:37:03,811 - crypto_analysis.vectorbt_optimizer.optimizer - INFO - Optimizing HT_PHASOR: 1 combinations
2026-01-20 16:37:03,811 - crypto_analysis.vectorbt_optimizer.optimizer - INFO - Using grid sampler with 1 trials
2026-01-20 16:37:03,851 - crypto_analysis.vectorbt_optimizer.parallel_runner - INFO - DOGE/HT_PHASOR: score=-0.9274, params={}
2026-01-20 16:37:03,857 - crypto_analysis.vectorbt_optimizer.optimizer - INFO - Optimizing HT_SINE: 1 combinations
2026-01-20 16:37:03,857 - crypto_analysis.vectorbt_optimizer.optimizer - INFO - Using grid sampler with 1 trials
2026-01-20 16:37:03,917 - crypto_analysis.vectorbt_optimizer.parallel_runner - INFO - DOGE/HT_SINE: score=-0.5495, params={}
2026-01-20 16:37:03,930 - crypto_analysis.vectorbt_optimizer.optimizer - INFO - Optimizing HT_TRENDMODE: 1 combinations
2026-01-20 16:37:03,931 - crypto_analysis.vectorbt_optimizer.optimizer - INFO - Using grid sampler with 1 trials
2026-01-20 16:37:03,985 - crypto_analysis.vectorbt_optimizer.parallel_runner - INFO - DOGE/HT_TRENDMODE: score=-0.7356, params={}
2026-01-20 16:37:04,098 - crypto_analysis.vectorbt_optimizer.output_builder - INFO - Exported notebooks/csvs/NEAR_optimized.csv
2026-01-20 16:37:04,098 - crypto_analysis.vectorbt_optimizer.parallel_runner - INFO - Completed NEAR
2026-01-20 16:37:05,687 - crypto_analysis.vectorbt_optimizer.parallel_runner - INFO - LRC/HT_DCPHASE: score=0.0000, params={'entry_constant': -84.62556211691202, 'exit_constant': 67.35789455528275}
2026-01-20 16:37:05,698 - crypto_analysis.vectorbt_optimizer.optimizer - INFO - Optimizing HT_PHASOR: 1 combinations
2026-01-20 16:37:05,699 - crypto_analysis.vectorbt_optimizer.optimizer - INFO - Using grid sampler with 1 trials
2026-01-20 16:37:05,739 - crypto_analysis.vectorbt_optimizer.parallel_runner - INFO - LRC/HT_PHASOR: score=-0.8995, params={}
2026-01-20 16:37:05,745 - crypto_analysis.vectorbt_optimizer.optimizer - INFO - Optimizing HT_SINE: 1 combinations
2026-01-20 16:37:05,745 - crypto_analysis.vectorbt_optimizer.optimizer - INFO - Using grid sampler with 1 trials
2026-01-20 16:37:05,801 - crypto_analysis.vectorbt_optimizer.parallel_runner - INFO - LRC/HT_SINE: score=-0.8457, params={}
2026-01-20 16:37:05,814 - crypto_analysis.vectorbt_optimizer.optimizer - INFO - Optimizing HT_TRENDMODE: 1 combinations
2026-01-20 16:37:05,814 - crypto_analysis.vectorbt_optimizer.optimizer - INFO - Using grid sampler with 1 trials
2026-01-20 16:37:05,872 - crypto_analysis.vectorbt_optimizer.parallel_runner - INFO - LRC/HT_TRENDMODE: score=-0.8611, params={}
2026-01-20 16:37:06,876 - crypto_analysis.vectorbt_optimizer.parallel_runner - INFO - XLM/HT_DCPHASE: score=0.3558, params={'entry_constant': -38.25683537527162, 'exit_constant': 76.80284878523231}
2026-01-20 16:37:06,886 - crypto_analysis.vectorbt_optimizer.optimizer - INFO - Optimizing HT_PHASOR: 1 combinations
2026-01-20 16:37:06,887 - crypto_analysis.vectorbt_optimizer.optimizer - INFO - Using grid sampler with 1 trials
2026-01-20 16:37:06,923 - crypto_analysis.vectorbt_optimizer.parallel_runner - INFO - XLM/HT_PHASOR: score=-0.9033, params={}
2026-01-20 16:37:06,928 - crypto_analysis.vectorbt_optimizer.optimizer - INFO - Optimizing HT_SINE: 1 combinations
2026-01-20 16:37:06,929 - crypto_analysis.vectorbt_optimizer.optimizer - INFO - Using grid sampler with 1 trials
2026-01-20 16:37:06,978 - crypto_analysis.vectorbt_optimizer.parallel_runner - INFO - XLM/HT_SINE: score=-0.5558, params={}
2026-01-20 16:37:06,990 - crypto_analysis.vectorbt_optimizer.optimizer - INFO - Optimizing HT_TRENDMODE: 1 combinations
2026-01-20 16:37:06,990 - crypto_analysis.vectorbt_optimizer.optimizer - INFO - Using grid sampler with 1 trials
2026-01-20 16:37:07,042 - crypto_analysis.vectorbt_optimizer.parallel_runner - INFO - XLM/HT_TRENDMODE: score=-0.6188, params={}
2026-01-20 16:37:07,045 - crypto_analysis.vectorbt_optimizer.parallel_runner - INFO - VET/HT_DCPHASE: score=0.3455, params={'entry_constant': -42.082742208282646, 'exit_constant': 39.054594809938465}
2026-01-20 16:37:07,055 - crypto_analysis.vectorbt_optimizer.optimizer - INFO - Optimizing HT_PHASOR: 1 combinations
2026-01-20 16:37:07,055 - crypto_analysis.vectorbt_optimizer.optimizer - INFO - Using grid sampler with 1 trials
2026-01-20 16:37:07,093 - crypto_analysis.vectorbt_optimizer.parallel_runner - INFO - VET/HT_PHASOR: score=-0.9588, params={}
2026-01-20 16:37:07,098 - crypto_analysis.vectorbt_optimizer.optimizer - INFO - Optimizing HT_SINE: 1 combinations
2026-01-20 16:37:07,098 - crypto_analysis.vectorbt_optimizer.optimizer - INFO - Using grid sampler with 1 trials
2026-01-20 16:37:07,151 - crypto_analysis.vectorbt_optimizer.parallel_runner - INFO - VET/HT_SINE: score=-0.6751, params={}
2026-01-20 16:37:07,163 - crypto_analysis.vectorbt_optimizer.optimizer - INFO - Optimizing HT_TRENDMODE: 1 combinations
2026-01-20 16:37:07,163 - crypto_analysis.vectorbt_optimizer.optimizer - INFO - Using grid sampler with 1 trials
2026-01-20 16:37:07,213 - crypto_analysis.vectorbt_optimizer.parallel_runner - INFO - VET/HT_TRENDMODE: score=-0.8037, params={}
2026-01-20 16:37:07,799 - crypto_analysis.vectorbt_optimizer.parallel_runner - INFO - Processing ONE...
2026-01-20 16:37:07,815 - crypto_analysis.vectorbt_optimizer.optimizer - INFO - Optimizing RSI: 12789 combinations
2026-01-20 16:37:07,816 - crypto_analysis.vectorbt_optimizer.optimizer - INFO - Using tpe sampler with 1000 trials
2026-01-20 16:37:09,492 - crypto_analysis.vectorbt_optimizer.output_builder - INFO - Exported notebooks/csvs/DOGE_optimized.csv
2026-01-20 16:37:09,492 - crypto_analysis.vectorbt_optimizer.parallel_runner - INFO - Completed DOGE
2026-01-20 16:37:09,621 - crypto_analysis.vectorbt_optimizer.parallel_runner - INFO - Processing LDO...
2026-01-20 16:37:09,644 - crypto_analysis.vectorbt_optimizer.optimizer - INFO - Optimizing RSI: 12789 combinations
2026-01-20 16:37:09,645 - crypto_analysis.vectorbt_optimizer.optimizer - INFO - Using tpe sampler with 1000 trials
2026-01-20 16:37:10,973 - crypto_analysis.vectorbt_optimizer.parallel_runner - INFO - Processing ICP...
2026-01-20 16:37:10,999 - crypto_analysis.vectorbt_optimizer.optimizer - INFO - Optimizing RSI: 12789 combinations
2026-01-20 16:37:11,000 - crypto_analysis.vectorbt_optimizer.optimizer - INFO - Using tpe sampler with 1000 trials
2026-01-20 16:37:11,302 - crypto_analysis.vectorbt_optimizer.output_builder - INFO - Exported notebooks/csvs/LRC_optimized.csv
2026-01-20 16:37:11,302 - crypto_analysis.vectorbt_optimizer.parallel_runner - INFO - Completed LRC
2026-01-20 16:37:11,559 - crypto_analysis.vectorbt_optimizer.parallel_runner - INFO - ALGO/HT_DCPHASE: score=0.4478, params={'entry_constant': -42.359559132992715, 'exit_constant': 65.55398777493113}
2026-01-20 16:37:11,568 - crypto_analysis.vectorbt_optimizer.optimizer - INFO - Optimizing HT_PHASOR: 1 combinations
2026-01-20 16:37:11,569 - crypto_analysis.vectorbt_optimizer.optimizer - INFO - Using grid sampler with 1 trials
2026-01-20 16:37:11,603 - crypto_analysis.vectorbt_optimizer.parallel_runner - INFO - ALGO/HT_PHASOR: score=-0.8893, params={}
2026-01-20 16:37:11,608 - crypto_analysis.vectorbt_optimizer.optimizer - INFO - Optimizing HT_SINE: 1 combinations
2026-01-20 16:37:11,608 - crypto_analysis.vectorbt_optimizer.optimizer - INFO - Using grid sampler with 1 trials
2026-01-20 16:37:11,654 - crypto_analysis.vectorbt_optimizer.parallel_runner - INFO - ALGO/HT_SINE: score=-0.6841, params={}
2026-01-20 16:37:11,665 - crypto_analysis.vectorbt_optimizer.optimizer - INFO - Optimizing HT_TRENDMODE: 1 combinations
2026-01-20 16:37:11,666 - crypto_analysis.vectorbt_optimizer.optimizer - INFO - Using grid sampler with 1 trials
2026-01-20 16:37:11,717 - crypto_analysis.vectorbt_optimizer.parallel_runner - INFO - ALGO/HT_TRENDMODE: score=-0.8593, params={}
2026-01-20 16:37:13,058 - crypto_analysis.vectorbt_optimizer.output_builder - INFO - Exported notebooks/csvs/XLM_optimized.csv
2026-01-20 16:37:13,058 - crypto_analysis.vectorbt_optimizer.parallel_runner - INFO - Completed XLM
2026-01-20 16:37:14,750 - crypto_analysis.vectorbt_optimizer.output_builder - INFO - Exported notebooks/csvs/VET_optimized.csv
2026-01-20 16:37:14,750 - crypto_analysis.vectorbt_optimizer.parallel_runner - INFO - Completed VET
2026-01-20 16:37:16,862 - crypto_analysis.vectorbt_optimizer.output_builder - INFO - Exported notebooks/csvs/ALGO_optimized.csv
2026-01-20 16:37:16,862 - crypto_analysis.vectorbt_optimizer.parallel_runner - INFO - Completed ALGO
2026-01-20 16:37:33,957 - crypto_analysis.vectorbt_optimizer.parallel_runner - INFO - HBAR/RSI: score=1.1531, params={'timeperiod': 28, 'entry_constant': 21.27182772270124, 'exit_constant': 73.36602089768827}
2026-01-20 16:37:33,960 - crypto_analysis.vectorbt_optimizer.optimizer - INFO - Optimizing MACD: 4576 combinations
2026-01-20 16:37:33,960 - crypto_analysis.vectorbt_optimizer.optimizer - INFO - Using tpe sampler with 1000 trials
2026-01-20 16:37:37,528 - crypto_analysis.vectorbt_optimizer.parallel_runner - INFO - FIL/RSI: score=2.3044, params={'timeperiod': 23, 'entry_constant': 28.115263665677062, 'exit_constant': 66.66136712736869}
2026-01-20 16:37:37,530 - crypto_analysis.vectorbt_optimizer.optimizer - INFO - Optimizing MACD: 4576 combinations
2026-01-20 16:37:37,531 - crypto_analysis.vectorbt_optimizer.optimizer - INFO - Using tpe sampler with 1000 trials
2026-01-20 16:37:41,292 - crypto_analysis.vectorbt_optimizer.parallel_runner - INFO - CHZ/RSI: score=1.0839, params={'timeperiod': 28, 'entry_constant': 31.52672362815375, 'exit_constant': 61.270017616325205}
2026-01-20 16:37:41,295 - crypto_analysis.vectorbt_optimizer.optimizer - INFO - Optimizing MACD: 4576 combinations
2026-01-20 16:37:41,295 - crypto_analysis.vectorbt_optimizer.optimizer - INFO - Using tpe sampler with 1000 trials
2026-01-20 16:37:42,156 - crypto_analysis.vectorbt_optimizer.parallel_runner - INFO - IOTA/RSI: score=1.1659, params={'timeperiod': 17, 'entry_constant': 20.8208892512681, 'exit_constant': 65.81203718704332}
2026-01-20 16:37:42,158 - crypto_analysis.vectorbt_optimizer.optimizer - INFO - Optimizing MACD: 4576 combinations
2026-01-20 16:37:42,159 - crypto_analysis.vectorbt_optimizer.optimizer - INFO - Using tpe sampler with 1000 trials
2026-01-20 16:37:47,957 - crypto_analysis.vectorbt_optimizer.parallel_runner - INFO - ZIL/RSI: score=0.6590, params={'timeperiod': 21, 'entry_constant': 20.033468002080866, 'exit_constant': 64.75998565330319}
2026-01-20 16:37:47,960 - crypto_analysis.vectorbt_optimizer.optimizer - INFO - Optimizing MACD: 4576 combinations
2026-01-20 16:37:47,960 - crypto_analysis.vectorbt_optimizer.optimizer - INFO - Using tpe sampler with 1000 trials
2026-01-20 16:37:54,444 - crypto_analysis.vectorbt_optimizer.parallel_runner - INFO - ONE/RSI: score=1.4066, params={'timeperiod': 17, 'entry_constant': 20.94084323258067, 'exit_constant': 70.68523806998793}
2026-01-20 16:37:54,448 - crypto_analysis.vectorbt_optimizer.optimizer - INFO - Optimizing MACD: 4576 combinations
2026-01-20 16:37:54,449 - crypto_analysis.vectorbt_optimizer.optimizer - INFO - Using tpe sampler with 1000 trials
2026-01-20 16:37:56,155 - crypto_analysis.vectorbt_optimizer.parallel_runner - INFO - LDO/RSI: score=1.1299, params={'timeperiod': 22, 'entry_constant': 30.64931487507427, 'exit_constant': 65.92209883901617}
2026-01-20 16:37:56,157 - crypto_analysis.vectorbt_optimizer.optimizer - INFO - Optimizing MACD: 4576 combinations
2026-01-20 16:37:56,158 - crypto_analysis.vectorbt_optimizer.optimizer - INFO - Using tpe sampler with 1000 trials
2026-01-20 16:37:57,333 - crypto_analysis.vectorbt_optimizer.parallel_runner - INFO - ICP/RSI: score=0.9693, params={'timeperiod': 20, 'entry_constant': 27.645276804433742, 'exit_constant': 68.30907035378216}
2026-01-20 16:37:57,336 - crypto_analysis.vectorbt_optimizer.optimizer - INFO - Optimizing MACD: 4576 combinations
2026-01-20 16:37:57,336 - crypto_analysis.vectorbt_optimizer.optimizer - INFO - Using tpe sampler with 1000 trials
2026-01-20 16:38:24,261 - crypto_analysis.vectorbt_optimizer.parallel_runner - INFO - HBAR/MACD: score=0.0000, params={'fastperiod': 18, 'slowperiod': 18, 'signalperiod': 7}
2026-01-20 16:38:24,266 - crypto_analysis.vectorbt_optimizer.optimizer - INFO - Optimizing STOCH: 187425 combinations
2026-01-20 16:38:24,267 - crypto_analysis.vectorbt_optimizer.optimizer - INFO - Using tpe sampler with 1000 trials
2026-01-20 16:38:28,413 - crypto_analysis.vectorbt_optimizer.parallel_runner - INFO - FIL/MACD: score=0.1642, params={'fastperiod': 12, 'slowperiod': 27, 'signalperiod': 14}
2026-01-20 16:38:28,418 - crypto_analysis.vectorbt_optimizer.optimizer - INFO - Optimizing STOCH: 187425 combinations
2026-01-20 16:38:28,419 - crypto_analysis.vectorbt_optimizer.optimizer - INFO - Using tpe sampler with 1000 trials
2026-01-20 16:38:32,701 - crypto_analysis.vectorbt_optimizer.parallel_runner - INFO - CHZ/MACD: score=0.0000, params={'fastperiod': 16, 'slowperiod': 16, 'signalperiod': 14}
2026-01-20 16:38:32,707 - crypto_analysis.vectorbt_optimizer.optimizer - INFO - Optimizing STOCH: 187425 combinations
2026-01-20 16:38:32,707 - crypto_analysis.vectorbt_optimizer.optimizer - INFO - Using tpe sampler with 1000 trials
2026-01-20 16:38:34,025 - crypto_analysis.vectorbt_optimizer.parallel_runner - INFO - IOTA/MACD: score=0.0000, params={'fastperiod': 20, 'slowperiod': 20, 'signalperiod': 12}
2026-01-20 16:38:34,030 - crypto_analysis.vectorbt_optimizer.optimizer - INFO - Optimizing STOCH: 187425 combinations
2026-01-20 16:38:34,031 - crypto_analysis.vectorbt_optimizer.optimizer - INFO - Using tpe sampler with 1000 trials
2026-01-20 16:38:38,236 - crypto_analysis.vectorbt_optimizer.parallel_runner - INFO - ZIL/MACD: score=-0.4428, params={'fastperiod': 13, 'slowperiod': 34, 'signalperiod': 9}
2026-01-20 16:38:38,241 - crypto_analysis.vectorbt_optimizer.optimizer - INFO - Optimizing STOCH: 187425 combinations
2026-01-20 16:38:38,242 - crypto_analysis.vectorbt_optimizer.optimizer - INFO - Using tpe sampler with 1000 trials
2026-01-20 16:38:45,457 - crypto_analysis.vectorbt_optimizer.parallel_runner - INFO - ONE/MACD: score=0.0000, params={'fastperiod': 15, 'slowperiod': 15, 'signalperiod': 7}
2026-01-20 16:38:45,463 - crypto_analysis.vectorbt_optimizer.optimizer - INFO - Optimizing STOCH: 187425 combinations
2026-01-20 16:38:45,464 - crypto_analysis.vectorbt_optimizer.optimizer - INFO - Using tpe sampler with 1000 trials
2026-01-20 16:38:47,313 - crypto_analysis.vectorbt_optimizer.parallel_runner - INFO - LDO/MACD: score=0.0000, params={'fastperiod': 20, 'slowperiod': 20, 'signalperiod': 13}
2026-01-20 16:38:47,319 - crypto_analysis.vectorbt_optimizer.optimizer - INFO - Optimizing STOCH: 187425 combinations
2026-01-20 16:38:47,319 - crypto_analysis.vectorbt_optimizer.optimizer - INFO - Using tpe sampler with 1000 trials
2026-01-20 16:38:49,035 - crypto_analysis.vectorbt_optimizer.parallel_runner - INFO - ICP/MACD: score=-0.4991, params={'fastperiod': 8, 'slowperiod': 34, 'signalperiod': 10}
2026-01-20 16:38:49,040 - crypto_analysis.vectorbt_optimizer.optimizer - INFO - Optimizing STOCH: 187425 combinations
2026-01-20 16:38:49,041 - crypto_analysis.vectorbt_optimizer.optimizer - INFO - Using tpe sampler with 1000 trials
2026-01-20 16:39:30,413 - crypto_analysis.vectorbt_optimizer.parallel_runner - INFO - HBAR/STOCH: score=0.0591, params={'fastk_period': 21, 'slowk_period': 5, 'slowd_period': 4, 'entry_constant': 15.271608701913927, 'exit_constant': 80.81371797929224}
2026-01-20 16:39:30,417 - crypto_analysis.vectorbt_optimizer.optimizer - INFO - Optimizing STOCHRSI: 299880 combinations
2026-01-20 16:39:30,418 - crypto_analysis.vectorbt_optimizer.optimizer - INFO - Using tpe sampler with 1000 trials
2026-01-20 16:39:33,850 - crypto_analysis.vectorbt_optimizer.parallel_runner - INFO - FIL/STOCH: score=0.2095, params={'fastk_period': 20, 'slowk_period': 5, 'slowd_period': 5, 'entry_constant': 11.808369146119365, 'exit_constant': 88.45770078253183}
2026-01-20 16:39:33,855 - crypto_analysis.vectorbt_optimizer.optimizer - INFO - Optimizing STOCHRSI: 299880 combinations
2026-01-20 16:39:33,855 - crypto_analysis.vectorbt_optimizer.optimizer - INFO - Using tpe sampler with 1000 trials
2026-01-20 16:39:39,201 - crypto_analysis.vectorbt_optimizer.parallel_runner - INFO - CHZ/STOCH: score=0.3486, params={'fastk_period': 9, 'slowk_period': 3, 'slowd_period': 5, 'entry_constant': 10.054101813857116, 'exit_constant': 74.39301323659927}
2026-01-20 16:39:39,205 - crypto_analysis.vectorbt_optimizer.optimizer - INFO - Optimizing STOCHRSI: 299880 combinations
2026-01-20 16:39:39,205 - crypto_analysis.vectorbt_optimizer.optimizer - INFO - Using tpe sampler with 1000 trials
2026-01-20 16:39:41,164 - crypto_analysis.vectorbt_optimizer.parallel_runner - INFO - IOTA/STOCH: score=0.5627, params={'fastk_period': 5, 'slowk_period': 1, 'slowd_period': 5, 'entry_constant': 14.266079242898924, 'exit_constant': 83.60008677977218}
2026-01-20 16:39:41,168 - crypto_analysis.vectorbt_optimizer.optimizer - INFO - Optimizing STOCHRSI: 299880 combinations
2026-01-20 16:39:41,169 - crypto_analysis.vectorbt_optimizer.optimizer - INFO - Using tpe sampler with 1000 trials
2026-01-20 16:39:45,446 - crypto_analysis.vectorbt_optimizer.parallel_runner - INFO - ZIL/STOCH: score=0.0110, params={'fastk_period': 5, 'slowk_period': 5, 'slowd_period': 3, 'entry_constant': 10.152112524612496, 'exit_constant': 87.51540683409357}
2026-01-20 16:39:45,451 - crypto_analysis.vectorbt_optimizer.optimizer - INFO - Optimizing STOCHRSI: 299880 combinations
2026-01-20 16:39:45,452 - crypto_analysis.vectorbt_optimizer.optimizer - INFO - Using tpe sampler with 1000 trials
2026-01-20 16:39:50,608 - crypto_analysis.vectorbt_optimizer.parallel_runner - INFO - ONE/STOCH: score=-0.1217, params={'fastk_period': 18, 'slowk_period': 5, 'slowd_period': 5, 'entry_constant': 10.005474877286314, 'exit_constant': 86.50209197055567}
2026-01-20 16:39:50,612 - crypto_analysis.vectorbt_optimizer.optimizer - INFO - Optimizing STOCHRSI: 299880 combinations
2026-01-20 16:39:50,613 - crypto_analysis.vectorbt_optimizer.optimizer - INFO - Using tpe sampler with 1000 trials
2026-01-20 16:39:54,064 - crypto_analysis.vectorbt_optimizer.parallel_runner - INFO - LDO/STOCH: score=0.2322, params={'fastk_period': 15, 'slowk_period': 2, 'slowd_period': 2, 'entry_constant': 10.411036527794096, 'exit_constant': 70.36469984390105}
2026-01-20 16:39:54,069 - crypto_analysis.vectorbt_optimizer.optimizer - INFO - Optimizing STOCHRSI: 299880 combinations
2026-01-20 16:39:54,070 - crypto_analysis.vectorbt_optimizer.optimizer - INFO - Using tpe sampler with 1000 trials
2026-01-20 16:39:55,257 - crypto_analysis.vectorbt_optimizer.parallel_runner - INFO - ICP/STOCH: score=0.2434, params={'fastk_period': 15, 'slowk_period': 3, 'slowd_period': 5, 'entry_constant': 10.40921854500126, 'exit_constant': 75.32493461592856}
2026-01-20 16:39:55,260 - crypto_analysis.vectorbt_optimizer.optimizer - INFO - Optimizing STOCHRSI: 299880 combinations
2026-01-20 16:39:55,261 - crypto_analysis.vectorbt_optimizer.optimizer - INFO - Using tpe sampler with 1000 trials
2026-01-20 16:40:36,439 - crypto_analysis.vectorbt_optimizer.parallel_runner - INFO - HBAR/STOCHRSI: score=-0.5785, params={'timeperiod': 11, 'fastk_period': 8, 'fastd_period': 2, 'entry_constant': 15.773370281408287, 'exit_constant': 87.76529601702045}
2026-01-20 16:40:36,443 - crypto_analysis.vectorbt_optimizer.optimizer - INFO - Optimizing CCI: 592826 combinations
2026-01-20 16:40:36,444 - crypto_analysis.vectorbt_optimizer.optimizer - INFO - Using tpe sampler with 1000 trials
2026-01-20 16:40:40,193 - crypto_analysis.vectorbt_optimizer.parallel_runner - INFO - FIL/STOCHRSI: score=-0.7971, params={'timeperiod': 20, 'fastk_period': 9, 'fastd_period': 3, 'entry_constant': 11.404900369168223, 'exit_constant': 78.72582035386624}
2026-01-20 16:40:40,197 - crypto_analysis.vectorbt_optimizer.optimizer - INFO - Optimizing CCI: 592826 combinations
2026-01-20 16:40:40,198 - crypto_analysis.vectorbt_optimizer.optimizer - INFO - Using tpe sampler with 1000 trials
2026-01-20 16:40:45,460 - crypto_analysis.vectorbt_optimizer.parallel_runner - INFO - CHZ/STOCHRSI: score=-0.5398, params={'timeperiod': 6, 'fastk_period': 9, 'fastd_period': 4, 'entry_constant': 14.134166030117903, 'exit_constant': 88.3546581028251}
2026-01-20 16:40:45,464 - crypto_analysis.vectorbt_optimizer.optimizer - INFO - Optimizing CCI: 592826 combinations
2026-01-20 16:40:45,465 - crypto_analysis.vectorbt_optimizer.optimizer - INFO - Using tpe sampler with 1000 trials
2026-01-20 16:40:47,028 - crypto_analysis.vectorbt_optimizer.parallel_runner - INFO - IOTA/STOCHRSI: score=-0.3967, params={'timeperiod': 8, 'fastk_period': 10, 'fastd_period': 5, 'entry_constant': 15.552097480341581, 'exit_constant': 89.58100683514915}
2026-01-20 16:40:47,032 - crypto_analysis.vectorbt_optimizer.optimizer - INFO - Optimizing CCI: 592826 combinations
2026-01-20 16:40:47,033 - crypto_analysis.vectorbt_optimizer.optimizer - INFO - Using tpe sampler with 1000 trials
2026-01-20 16:40:53,483 - crypto_analysis.vectorbt_optimizer.parallel_runner - INFO - ZIL/STOCHRSI: score=-0.7564, params={'timeperiod': 12, 'fastk_period': 8, 'fastd_period': 5, 'entry_constant': 12.539030539613366, 'exit_constant': 87.42200017620249}
2026-01-20 16:40:53,489 - crypto_analysis.vectorbt_optimizer.optimizer - INFO - Optimizing CCI: 592826 combinations
2026-01-20 16:40:53,490 - crypto_analysis.vectorbt_optimizer.optimizer - INFO - Using tpe sampler with 1000 trials
2026-01-20 16:40:57,945 - crypto_analysis.vectorbt_optimizer.parallel_runner - INFO - ONE/STOCHRSI: score=-0.8881, params={'timeperiod': 18, 'fastk_period': 8, 'fastd_period': 5, 'entry_constant': 28.856495720854603, 'exit_constant': 87.3950931675967}
2026-01-20 16:40:57,949 - crypto_analysis.vectorbt_optimizer.optimizer - INFO - Optimizing CCI: 592826 combinations
2026-01-20 16:40:57,949 - crypto_analysis.vectorbt_optimizer.optimizer - INFO - Using tpe sampler with 1000 trials
2026-01-20 16:41:01,174 - crypto_analysis.vectorbt_optimizer.parallel_runner - INFO - LDO/STOCHRSI: score=-0.7637, params={'timeperiod': 6, 'fastk_period': 7, 'fastd_period': 2, 'entry_constant': 28.402319698894704, 'exit_constant': 89.59408924610793}
2026-01-20 16:41:01,179 - crypto_analysis.vectorbt_optimizer.optimizer - INFO - Optimizing CCI: 592826 combinations
2026-01-20 16:41:01,180 - crypto_analysis.vectorbt_optimizer.optimizer - INFO - Using tpe sampler with 1000 trials
2026-01-20 16:41:01,831 - crypto_analysis.vectorbt_optimizer.parallel_runner - INFO - ICP/STOCHRSI: score=-0.7366, params={'timeperiod': 18, 'fastk_period': 10, 'fastd_period': 1, 'entry_constant': 29.62824023713332, 'exit_constant': 88.68861547667323}
2026-01-20 16:41:01,834 - crypto_analysis.vectorbt_optimizer.optimizer - INFO - Optimizing CCI: 592826 combinations
2026-01-20 16:41:01,835 - crypto_analysis.vectorbt_optimizer.optimizer - INFO - Using tpe sampler with 1000 trials
2026-01-20 16:41:24,209 - crypto_analysis.vectorbt_optimizer.parallel_runner - INFO - HBAR/CCI: score=0.6365, params={'timeperiod': 21, 'entry_constant': -197.96034793905272, 'exit_constant': 160.6554763240109}
2026-01-20 16:41:24,212 - crypto_analysis.vectorbt_optimizer.optimizer - INFO - Optimizing MFI: 11466 combinations
2026-01-20 16:41:24,213 - crypto_analysis.vectorbt_optimizer.optimizer - INFO - Using tpe sampler with 1000 trials
2026-01-20 16:41:28,937 - crypto_analysis.vectorbt_optimizer.parallel_runner - INFO - FIL/CCI: score=-0.2937, params={'timeperiod': 28, 'entry_constant': -156.13048086792952, 'exit_constant': 158.85010014993605}
2026-01-20 16:41:28,940 - crypto_analysis.vectorbt_optimizer.optimizer - INFO - Optimizing MFI: 11466 combinations
2026-01-20 16:41:28,941 - crypto_analysis.vectorbt_optimizer.optimizer - INFO - Using tpe sampler with 1000 trials
2026-01-20 16:41:32,967 - crypto_analysis.vectorbt_optimizer.parallel_runner - INFO - CHZ/CCI: score=0.4219, params={'timeperiod': 8, 'entry_constant': -197.36648736278573, 'exit_constant': 124.91840537389702}
2026-01-20 16:41:32,970 - crypto_analysis.vectorbt_optimizer.optimizer - INFO - Optimizing MFI: 11466 combinations
2026-01-20 16:41:32,971 - crypto_analysis.vectorbt_optimizer.optimizer - INFO - Using tpe sampler with 1000 trials
2026-01-20 16:41:34,431 - crypto_analysis.vectorbt_optimizer.parallel_runner - INFO - IOTA/CCI: score=0.6882, params={'timeperiod': 6, 'entry_constant': -193.0052134089423, 'exit_constant': 165.05726145209428}
2026-01-20 16:41:34,434 - crypto_analysis.vectorbt_optimizer.optimizer - INFO - Optimizing MFI: 11466 combinations
2026-01-20 16:41:34,435 - crypto_analysis.vectorbt_optimizer.optimizer - INFO - Using tpe sampler with 1000 trials
2026-01-20 16:41:42,445 - crypto_analysis.vectorbt_optimizer.parallel_runner - INFO - ZIL/CCI: score=0.6502, params={'timeperiod': 20, 'entry_constant': -196.94749483270778, 'exit_constant': 151.65170575217795}
2026-01-20 16:41:42,450 - crypto_analysis.vectorbt_optimizer.optimizer - INFO - Optimizing MFI: 11466 combinations
2026-01-20 16:41:42,451 - crypto_analysis.vectorbt_optimizer.optimizer - INFO - Using tpe sampler with 1000 trials
2026-01-20 16:41:47,071 - crypto_analysis.vectorbt_optimizer.parallel_runner - INFO - ONE/CCI: score=0.1040, params={'timeperiod': 25, 'entry_constant': -197.96819311720907, 'exit_constant': 106.01133539413361}
2026-01-20 16:41:47,074 - crypto_analysis.vectorbt_optimizer.optimizer - INFO - Optimizing MFI: 11466 combinations
2026-01-20 16:41:47,075 - crypto_analysis.vectorbt_optimizer.optimizer - INFO - Using tpe sampler with 1000 trials
2026-01-20 16:41:49,557 - crypto_analysis.vectorbt_optimizer.parallel_runner - INFO - LDO/CCI: score=0.1563, params={'timeperiod': 21, 'entry_constant': -196.8858313468862, 'exit_constant': 164.83181172141025}
2026-01-20 16:41:49,560 - crypto_analysis.vectorbt_optimizer.optimizer - INFO - Optimizing MFI: 11466 combinations
2026-01-20 16:41:49,561 - crypto_analysis.vectorbt_optimizer.optimizer - INFO - Using tpe sampler with 1000 trials
2026-01-20 16:41:49,574 - crypto_analysis.vectorbt_optimizer.parallel_runner - INFO - ICP/CCI: score=0.4848, params={'timeperiod': 12, 'entry_constant': -196.54757397833282, 'exit_constant': 126.86947790404642}
2026-01-20 16:41:49,576 - crypto_analysis.vectorbt_optimizer.optimizer - INFO - Optimizing MFI: 11466 combinations
2026-01-20 16:41:49,577 - crypto_analysis.vectorbt_optimizer.optimizer - INFO - Using tpe sampler with 1000 trials
2026-01-20 16:42:10,700 - crypto_analysis.vectorbt_optimizer.parallel_runner - INFO - HBAR/MFI: score=0.9761, params={'timeperiod': 29, 'entry_constant': 13.936996264327188, 'exit_constant': 78.42342216687851}
2026-01-20 16:42:10,703 - crypto_analysis.vectorbt_optimizer.optimizer - INFO - Optimizing WILLR: 11466 combinations
2026-01-20 16:42:10,704 - crypto_analysis.vectorbt_optimizer.optimizer - INFO - Using tpe sampler with 1000 trials
2026-01-20 16:42:16,334 - crypto_analysis.vectorbt_optimizer.parallel_runner - INFO - FIL/MFI: score=0.8869, params={'timeperiod': 22, 'entry_constant': 15.280140148102383, 'exit_constant': 80.54283191298035}
2026-01-20 16:42:16,337 - crypto_analysis.vectorbt_optimizer.optimizer - INFO - Optimizing WILLR: 11466 combinations
2026-01-20 16:42:16,338 - crypto_analysis.vectorbt_optimizer.optimizer - INFO - Using tpe sampler with 1000 trials
2026-01-20 16:42:19,837 - crypto_analysis.vectorbt_optimizer.parallel_runner - INFO - CHZ/MFI: score=2.4052, params={'timeperiod': 18, 'entry_constant': 14.624691563177102, 'exit_constant': 81.20485680493616}
2026-01-20 16:42:19,840 - crypto_analysis.vectorbt_optimizer.optimizer - INFO - Optimizing WILLR: 11466 combinations
2026-01-20 16:42:19,841 - crypto_analysis.vectorbt_optimizer.optimizer - INFO - Using tpe sampler with 1000 trials
2026-01-20 16:42:21,897 - crypto_analysis.vectorbt_optimizer.parallel_runner - INFO - IOTA/MFI: score=1.7545, params={'timeperiod': 29, 'entry_constant': 16.683439307115375, 'exit_constant': 75.48522060337731}
2026-01-20 16:42:21,900 - crypto_analysis.vectorbt_optimizer.optimizer - INFO - Optimizing WILLR: 11466 combinations
2026-01-20 16:42:21,901 - crypto_analysis.vectorbt_optimizer.optimizer - INFO - Using tpe sampler with 1000 trials
2026-01-20 16:42:31,689 - crypto_analysis.vectorbt_optimizer.parallel_runner - INFO - ZIL/MFI: score=1.0333, params={'timeperiod': 25, 'entry_constant': 19.23132895973247, 'exit_constant': 72.60266522084873}
2026-01-20 16:42:31,692 - crypto_analysis.vectorbt_optimizer.optimizer - INFO - Optimizing WILLR: 11466 combinations
2026-01-20 16:42:31,693 - crypto_analysis.vectorbt_optimizer.optimizer - INFO - Using tpe sampler with 1000 trials
2026-01-20 16:42:35,791 - crypto_analysis.vectorbt_optimizer.parallel_runner - INFO - ONE/MFI: score=1.1585, params={'timeperiod': 24, 'entry_constant': 14.709643995230353, 'exit_constant': 77.9623584484392}
2026-01-20 16:42:35,794 - crypto_analysis.vectorbt_optimizer.optimizer - INFO - Optimizing WILLR: 11466 combinations
2026-01-20 16:42:35,795 - crypto_analysis.vectorbt_optimizer.optimizer - INFO - Using tpe sampler with 1000 trials
2026-01-20 16:42:36,131 - crypto_analysis.vectorbt_optimizer.parallel_runner - INFO - ICP/MFI: score=0.9837, params={'timeperiod': 19, 'entry_constant': 12.993292308355608, 'exit_constant': 75.4637458157483}
2026-01-20 16:42:36,134 - crypto_analysis.vectorbt_optimizer.optimizer - INFO - Optimizing WILLR: 11466 combinations
2026-01-20 16:42:36,135 - crypto_analysis.vectorbt_optimizer.optimizer - INFO - Using tpe sampler with 1000 trials
2026-01-20 16:42:36,244 - crypto_analysis.vectorbt_optimizer.parallel_runner - INFO - LDO/MFI: score=2.6747, params={'timeperiod': 21, 'entry_constant': 11.897051149517786, 'exit_constant': 83.58033663051235}
2026-01-20 16:42:36,247 - crypto_analysis.vectorbt_optimizer.optimizer - INFO - Optimizing WILLR: 11466 combinations
2026-01-20 16:42:36,248 - crypto_analysis.vectorbt_optimizer.optimizer - INFO - Using tpe sampler with 1000 trials
2026-01-20 16:42:58,045 - crypto_analysis.vectorbt_optimizer.parallel_runner - INFO - HBAR/WILLR: score=-0.1959, params={'timeperiod': 18, 'entry_constant': -86.83189276691425, 'exit_constant': -27.548609875766893}
2026-01-20 16:42:58,048 - crypto_analysis.vectorbt_optimizer.optimizer - INFO - Optimizing CMO: 43706 combinations
2026-01-20 16:42:58,048 - crypto_analysis.vectorbt_optimizer.optimizer - INFO - Using tpe sampler with 1000 trials
2026-01-20 16:43:03,299 - crypto_analysis.vectorbt_optimizer.parallel_runner - INFO - FIL/WILLR: score=-0.4796, params={'timeperiod': 24, 'entry_constant': -88.95110102546234, 'exit_constant': -20.96664376294634}
2026-01-20 16:43:03,302 - crypto_analysis.vectorbt_optimizer.optimizer - INFO - Optimizing CMO: 43706 combinations
2026-01-20 16:43:03,302 - crypto_analysis.vectorbt_optimizer.optimizer - INFO - Using tpe sampler with 1000 trials
2026-01-20 16:43:08,411 - crypto_analysis.vectorbt_optimizer.parallel_runner - INFO - CHZ/WILLR: score=0.0426, params={'timeperiod': 7, 'entry_constant': -89.6915861959295, 'exit_constant': -15.85612640935308}
2026-01-20 16:43:08,415 - crypto_analysis.vectorbt_optimizer.optimizer - INFO - Optimizing CMO: 43706 combinations
2026-01-20 16:43:08,415 - crypto_analysis.vectorbt_optimizer.optimizer - INFO - Using tpe sampler with 1000 trials
2026-01-20 16:43:09,368 - crypto_analysis.vectorbt_optimizer.parallel_runner - INFO - IOTA/WILLR: score=0.7526, params={'timeperiod': 5, 'entry_constant': -85.87944014037268, 'exit_constant': -11.664385558374772}
2026-01-20 16:43:09,370 - crypto_analysis.vectorbt_optimizer.optimizer - INFO - Optimizing CMO: 43706 combinations
2026-01-20 16:43:09,371 - crypto_analysis.vectorbt_optimizer.optimizer - INFO - Using tpe sampler with 1000 trials
2026-01-20 16:43:19,856 - crypto_analysis.vectorbt_optimizer.parallel_runner - INFO - ZIL/WILLR: score=-0.0620, params={'timeperiod': 22, 'entry_constant': -79.08849378640956, 'exit_constant': -11.12368115363794}
2026-01-20 16:43:19,859 - crypto_analysis.vectorbt_optimizer.optimizer - INFO - Optimizing CMO: 43706 combinations
2026-01-20 16:43:19,860 - crypto_analysis.vectorbt_optimizer.optimizer - INFO - Using tpe sampler with 1000 trials
2026-01-20 16:43:22,992 - crypto_analysis.vectorbt_optimizer.parallel_runner - INFO - ONE/WILLR: score=-0.5592, params={'timeperiod': 27, 'entry_constant': -84.99086500830013, 'exit_constant': -28.98064106224215}
2026-01-20 16:43:22,995 - crypto_analysis.vectorbt_optimizer.optimizer - INFO - Optimizing CMO: 43706 combinations
2026-01-20 16:43:22,996 - crypto_analysis.vectorbt_optimizer.optimizer - INFO - Using tpe sampler with 1000 trials
2026-01-20 16:43:23,826 - crypto_analysis.vectorbt_optimizer.parallel_runner - INFO - ICP/WILLR: score=-0.0443, params={'timeperiod': 15, 'entry_constant': -89.9924379614779, 'exit_constant': -11.436750530617779}
2026-01-20 16:43:23,829 - crypto_analysis.vectorbt_optimizer.optimizer - INFO - Optimizing CMO: 43706 combinations
2026-01-20 16:43:23,830 - crypto_analysis.vectorbt_optimizer.optimizer - INFO - Using tpe sampler with 1000 trials
2026-01-20 16:43:24,246 - crypto_analysis.vectorbt_optimizer.parallel_runner - INFO - LDO/WILLR: score=-0.2769, params={'timeperiod': 15, 'entry_constant': -83.6369236042533, 'exit_constant': -29.51488032365158}
2026-01-20 16:43:24,249 - crypto_analysis.vectorbt_optimizer.optimizer - INFO - Optimizing CMO: 43706 combinations
2026-01-20 16:43:24,250 - crypto_analysis.vectorbt_optimizer.optimizer - INFO - Using tpe sampler with 1000 trials
2026-01-20 16:43:44,040 - crypto_analysis.vectorbt_optimizer.parallel_runner - INFO - HBAR/CMO: score=1.0915, params={'timeperiod': 24, 'entry_constant': -61.66344785956849, 'exit_constant': 64.62379243255909}
2026-01-20 16:43:44,043 - crypto_analysis.vectorbt_optimizer.optimizer - INFO - Optimizing ADX: 5082 combinations
2026-01-20 16:43:44,043 - crypto_analysis.vectorbt_optimizer.optimizer - INFO - Using tpe sampler with 1000 trials
2026-01-20 16:43:49,650 - crypto_analysis.vectorbt_optimizer.parallel_runner - INFO - FIL/CMO: score=2.5422, params={'timeperiod': 24, 'entry_constant': -43.30690680176737, 'exit_constant': 32.034718240562675}
2026-01-20 16:43:49,652 - crypto_analysis.vectorbt_optimizer.optimizer - INFO - Optimizing ADX: 5082 combinations
2026-01-20 16:43:49,653 - crypto_analysis.vectorbt_optimizer.optimizer - INFO - Using tpe sampler with 1000 trials
2026-01-20 16:43:55,995 - crypto_analysis.vectorbt_optimizer.parallel_runner - INFO - IOTA/CMO: score=1.2151, params={'timeperiod': 30, 'entry_constant': -47.59607334600324, 'exit_constant': 34.73127304615335}
2026-01-20 16:43:55,998 - crypto_analysis.vectorbt_optimizer.optimizer - INFO - Optimizing ADX: 5082 combinations
2026-01-20 16:43:55,999 - crypto_analysis.vectorbt_optimizer.optimizer - INFO - Using tpe sampler with 1000 trials
2026-01-20 16:43:56,370 - crypto_analysis.vectorbt_optimizer.parallel_runner - INFO - CHZ/CMO: score=0.9998, params={'timeperiod': 29, 'entry_constant': -68.5174904189869, 'exit_constant': 66.72440055537147}
2026-01-20 16:43:56,374 - crypto_analysis.vectorbt_optimizer.optimizer - INFO - Optimizing ADX: 5082 combinations
2026-01-20 16:43:56,375 - crypto_analysis.vectorbt_optimizer.optimizer - INFO - Using tpe sampler with 1000 trials
2026-01-20 16:44:07,606 - crypto_analysis.vectorbt_optimizer.parallel_runner - INFO - ZIL/CMO: score=0.5514, params={'timeperiod': 21, 'entry_constant': -63.04244520899974, 'exit_constant': 48.64976287763002}
2026-01-20 16:44:07,610 - crypto_analysis.vectorbt_optimizer.optimizer - INFO - Optimizing ADX: 5082 combinations
2026-01-20 16:44:07,610 - crypto_analysis.vectorbt_optimizer.optimizer - INFO - Using tpe sampler with 1000 trials
2026-01-20 16:44:09,379 - crypto_analysis.vectorbt_optimizer.parallel_runner - INFO - ONE/CMO: score=1.4197, params={'timeperiod': 17, 'entry_constant': -58.12823951360455, 'exit_constant': 42.41165527115285}
2026-01-20 16:44:09,382 - crypto_analysis.vectorbt_optimizer.optimizer - INFO - Optimizing ADX: 5082 combinations
2026-01-20 16:44:09,383 - crypto_analysis.vectorbt_optimizer.optimizer - INFO - Using tpe sampler with 1000 trials
2026-01-20 16:44:10,569 - crypto_analysis.vectorbt_optimizer.parallel_runner - INFO - ICP/CMO: score=1.0900, params={'timeperiod': 19, 'entry_constant': -53.26198993282502, 'exit_constant': 30.81447695399501}
2026-01-20 16:44:10,571 - crypto_analysis.vectorbt_optimizer.optimizer - INFO - Optimizing ADX: 5082 combinations
2026-01-20 16:44:10,572 - crypto_analysis.vectorbt_optimizer.optimizer - INFO - Using tpe sampler with 1000 trials
2026-01-20 16:44:11,078 - crypto_analysis.vectorbt_optimizer.parallel_runner - INFO - LDO/CMO: score=1.2977, params={'timeperiod': 12, 'entry_constant': -66.6109994133966, 'exit_constant': 55.678119426822}
2026-01-20 16:44:11,081 - crypto_analysis.vectorbt_optimizer.optimizer - INFO - Optimizing ADX: 5082 combinations
2026-01-20 16:44:11,081 - crypto_analysis.vectorbt_optimizer.optimizer - INFO - Using tpe sampler with 1000 trials
2026-01-20 16:44:31,343 - crypto_analysis.vectorbt_optimizer.parallel_runner - INFO - HBAR/ADX: score=2.2745, params={'timeperiod': 23, 'entry_constant': 36.554139984535, 'exit_constant': 20.454598531743677}
2026-01-20 16:44:31,346 - crypto_analysis.vectorbt_optimizer.optimizer - INFO - Optimizing MOM: 26 combinations
2026-01-20 16:44:31,346 - crypto_analysis.vectorbt_optimizer.optimizer - INFO - Using grid sampler with 26 trials
2026-01-20 16:44:32,376 - crypto_analysis.vectorbt_optimizer.parallel_runner - INFO - HBAR/MOM: score=-0.3916, params={'timeperiod': 28}
2026-01-20 16:44:32,389 - crypto_analysis.vectorbt_optimizer.optimizer - INFO - Optimizing ROC: 26 combinations
2026-01-20 16:44:32,389 - crypto_analysis.vectorbt_optimizer.optimizer - INFO - Using grid sampler with 26 trials
2026-01-20 16:44:33,412 - crypto_analysis.vectorbt_optimizer.parallel_runner - INFO - HBAR/ROC: score=-0.3916, params={'timeperiod': 28}
2026-01-20 16:44:33,426 - crypto_analysis.vectorbt_optimizer.optimizer - INFO - Optimizing TRIX: 26 combinations
2026-01-20 16:44:33,427 - crypto_analysis.vectorbt_optimizer.optimizer - INFO - Using grid sampler with 26 trials
2026-01-20 16:44:34,482 - crypto_analysis.vectorbt_optimizer.parallel_runner - INFO - HBAR/TRIX: score=-0.1906, params={'timeperiod': 23}
2026-01-20 16:44:34,496 - crypto_analysis.vectorbt_optimizer.optimizer - INFO - Optimizing ULTOSC: 5006232 combinations
2026-01-20 16:44:34,497 - crypto_analysis.vectorbt_optimizer.optimizer - INFO - Using tpe sampler with 1000 trials
2026-01-20 16:44:37,344 - crypto_analysis.vectorbt_optimizer.parallel_runner - INFO - FIL/ADX: score=1.3351, params={'timeperiod': 23, 'entry_constant': 35.194144086584856, 'exit_constant': 17.346921873399666}
2026-01-20 16:44:37,347 - crypto_analysis.vectorbt_optimizer.optimizer - INFO - Optimizing MOM: 26 combinations
2026-01-20 16:44:37,348 - crypto_analysis.vectorbt_optimizer.optimizer - INFO - Using grid sampler with 26 trials
2026-01-20 16:44:38,335 - crypto_analysis.vectorbt_optimizer.parallel_runner - INFO - FIL/MOM: score=-0.3906, params={'timeperiod': 17}
2026-01-20 16:44:38,350 - crypto_analysis.vectorbt_optimizer.optimizer - INFO - Optimizing ROC: 26 combinations
2026-01-20 16:44:38,350 - crypto_analysis.vectorbt_optimizer.optimizer - INFO - Using grid sampler with 26 trials
2026-01-20 16:44:39,352 - crypto_analysis.vectorbt_optimizer.parallel_runner - INFO - FIL/ROC: score=-0.3906, params={'timeperiod': 17}
2026-01-20 16:44:39,368 - crypto_analysis.vectorbt_optimizer.optimizer - INFO - Optimizing TRIX: 26 combinations
2026-01-20 16:44:39,369 - crypto_analysis.vectorbt_optimizer.optimizer - INFO - Using grid sampler with 26 trials
2026-01-20 16:44:40,357 - crypto_analysis.vectorbt_optimizer.parallel_runner - INFO - FIL/TRIX: score=-0.0165, params={'timeperiod': 5}
2026-01-20 16:44:40,369 - crypto_analysis.vectorbt_optimizer.optimizer - INFO - Optimizing ULTOSC: 5006232 combinations
2026-01-20 16:44:40,370 - crypto_analysis.vectorbt_optimizer.optimizer - INFO - Using tpe sampler with 1000 trials
2026-01-20 16:44:43,388 - crypto_analysis.vectorbt_optimizer.parallel_runner - INFO - IOTA/ADX: score=1.0791, params={'timeperiod': 27, 'entry_constant': 34.87800214940639, 'exit_constant': 24.999995378045067}
2026-01-20 16:44:43,391 - crypto_analysis.vectorbt_optimizer.optimizer - INFO - Optimizing MOM: 26 combinations
2026-01-20 16:44:43,392 - crypto_analysis.vectorbt_optimizer.optimizer - INFO - Using grid sampler with 26 trials
2026-01-20 16:44:44,415 - crypto_analysis.vectorbt_optimizer.parallel_runner - INFO - IOTA/MOM: score=-0.6293, params={'timeperiod': 18}
2026-01-20 16:44:44,429 - crypto_analysis.vectorbt_optimizer.optimizer - INFO - Optimizing ROC: 26 combinations
2026-01-20 16:44:44,429 - crypto_analysis.vectorbt_optimizer.optimizer - INFO - Using grid sampler with 26 trials
2026-01-20 16:44:45,339 - crypto_analysis.vectorbt_optimizer.parallel_runner - INFO - CHZ/ADX: score=2.2727, params={'timeperiod': 25, 'entry_constant': 21.482387048415024, 'exit_constant': 24.178658982822565}
2026-01-20 16:44:45,342 - crypto_analysis.vectorbt_optimizer.optimizer - INFO - Optimizing MOM: 26 combinations
2026-01-20 16:44:45,342 - crypto_analysis.vectorbt_optimizer.optimizer - INFO - Using grid sampler with 26 trials
2026-01-20 16:44:45,487 - crypto_analysis.vectorbt_optimizer.parallel_runner - INFO - IOTA/ROC: score=-0.6293, params={'timeperiod': 18}
2026-01-20 16:44:45,499 - crypto_analysis.vectorbt_optimizer.optimizer - INFO - Optimizing TRIX: 26 combinations
2026-01-20 16:44:45,499 - crypto_analysis.vectorbt_optimizer.optimizer - INFO - Using grid sampler with 26 trials
2026-01-20 16:44:46,403 - crypto_analysis.vectorbt_optimizer.parallel_runner - INFO - CHZ/MOM: score=-0.4461, params={'timeperiod': 17}
2026-01-20 16:44:46,415 - crypto_analysis.vectorbt_optimizer.optimizer - INFO - Optimizing ROC: 26 combinations
2026-01-20 16:44:46,415 - crypto_analysis.vectorbt_optimizer.optimizer - INFO - Using grid sampler with 26 trials
2026-01-20 16:44:46,513 - crypto_analysis.vectorbt_optimizer.parallel_runner - INFO - IOTA/TRIX: score=-0.4047, params={'timeperiod': 22}
2026-01-20 16:44:46,526 - crypto_analysis.vectorbt_optimizer.optimizer - INFO - Optimizing ULTOSC: 5006232 combinations
2026-01-20 16:44:46,527 - crypto_analysis.vectorbt_optimizer.optimizer - INFO - Using tpe sampler with 1000 trials
2026-01-20 16:44:47,469 - crypto_analysis.vectorbt_optimizer.parallel_runner - INFO - CHZ/ROC: score=-0.4461, params={'timeperiod': 17}
2026-01-20 16:44:47,484 - crypto_analysis.vectorbt_optimizer.optimizer - INFO - Optimizing TRIX: 26 combinations
2026-01-20 16:44:47,484 - crypto_analysis.vectorbt_optimizer.optimizer - INFO - Using grid sampler with 26 trials
2026-01-20 16:44:48,545 - crypto_analysis.vectorbt_optimizer.parallel_runner - INFO - CHZ/TRIX: score=-0.0569, params={'timeperiod': 10}
2026-01-20 16:44:48,558 - crypto_analysis.vectorbt_optimizer.optimizer - INFO - Optimizing ULTOSC: 5006232 combinations
2026-01-20 16:44:48,559 - crypto_analysis.vectorbt_optimizer.optimizer - INFO - Using tpe sampler with 1000 trials
2026-01-20 16:44:56,217 - crypto_analysis.vectorbt_optimizer.parallel_runner - INFO - ONE/ADX: score=2.1833, params={'timeperiod': 27, 'entry_constant': 37.791937116615856, 'exit_constant': 15.54455942212851}
2026-01-20 16:44:56,220 - crypto_analysis.vectorbt_optimizer.optimizer - INFO - Optimizing MOM: 26 combinations
2026-01-20 16:44:56,221 - crypto_analysis.vectorbt_optimizer.optimizer - INFO - Using grid sampler with 26 trials
2026-01-20 16:44:56,367 - crypto_analysis.vectorbt_optimizer.parallel_runner - INFO - ZIL/ADX: score=1.3156, params={'timeperiod': 25, 'entry_constant': 38.385836566114634, 'exit_constant': 15.590189212373328}
2026-01-20 16:44:56,370 - crypto_analysis.vectorbt_optimizer.optimizer - INFO - Optimizing MOM: 26 combinations
2026-01-20 16:44:56,370 - crypto_analysis.vectorbt_optimizer.optimizer - INFO - Using grid sampler with 26 trials
2026-01-20 16:44:57,213 - crypto_analysis.vectorbt_optimizer.parallel_runner - INFO - ONE/MOM: score=-0.6812, params={'timeperiod': 27}
2026-01-20 16:44:57,226 - crypto_analysis.vectorbt_optimizer.optimizer - INFO - Optimizing ROC: 26 combinations
2026-01-20 16:44:57,227 - crypto_analysis.vectorbt_optimizer.optimizer - INFO - Using grid sampler with 26 trials
2026-01-20 16:44:57,404 - crypto_analysis.vectorbt_optimizer.parallel_runner - INFO - ZIL/MOM: score=-0.7552, params={'timeperiod': 8}
2026-01-20 16:44:57,421 - crypto_analysis.vectorbt_optimizer.optimizer - INFO - Optimizing ROC: 26 combinations
2026-01-20 16:44:57,422 - crypto_analysis.vectorbt_optimizer.optimizer - INFO - Using grid sampler with 26 trials
2026-01-20 16:44:57,885 - crypto_analysis.vectorbt_optimizer.parallel_runner - INFO - ICP/ADX: score=6.8750, params={'timeperiod': 24, 'entry_constant': 31.249973736929793, 'exit_constant': 17.33804010762389}
2026-01-20 16:44:57,888 - crypto_analysis.vectorbt_optimizer.optimizer - INFO - Optimizing MOM: 26 combinations
2026-01-20 16:44:57,889 - crypto_analysis.vectorbt_optimizer.optimizer - INFO - Using grid sampler with 26 trials
2026-01-20 16:44:58,229 - crypto_analysis.vectorbt_optimizer.parallel_runner - INFO - ONE/ROC: score=-0.6812, params={'timeperiod': 27}
2026-01-20 16:44:58,244 - crypto_analysis.vectorbt_optimizer.optimizer - INFO - Optimizing TRIX: 26 combinations
2026-01-20 16:44:58,245 - crypto_analysis.vectorbt_optimizer.optimizer - INFO - Using grid sampler with 26 trials
2026-01-20 16:44:58,443 - crypto_analysis.vectorbt_optimizer.parallel_runner - INFO - ZIL/ROC: score=-0.7552, params={'timeperiod': 8}
2026-01-20 16:44:58,455 - crypto_analysis.vectorbt_optimizer.parallel_runner - INFO - LDO/ADX: score=1.6187, params={'timeperiod': 25, 'entry_constant': 37.271377758404505, 'exit_constant': 23.90820998360122}
2026-01-20 16:44:58,457 - crypto_analysis.vectorbt_optimizer.optimizer - INFO - Optimizing TRIX: 26 combinations
2026-01-20 16:44:58,458 - crypto_analysis.vectorbt_optimizer.optimizer - INFO - Optimizing MOM: 26 combinations
2026-01-20 16:44:58,458 - crypto_analysis.vectorbt_optimizer.optimizer - INFO - Using grid sampler with 26 trials
2026-01-20 16:44:58,459 - crypto_analysis.vectorbt_optimizer.optimizer - INFO - Using grid sampler with 26 trials
2026-01-20 16:44:58,885 - crypto_analysis.vectorbt_optimizer.parallel_runner - INFO - ICP/MOM: score=-0.4917, params={'timeperiod': 20}
2026-01-20 16:44:58,899 - crypto_analysis.vectorbt_optimizer.optimizer - INFO - Optimizing ROC: 26 combinations
2026-01-20 16:44:58,900 - crypto_analysis.vectorbt_optimizer.optimizer - INFO - Using grid sampler with 26 trials
2026-01-20 16:44:59,225 - crypto_analysis.vectorbt_optimizer.parallel_runner - INFO - ONE/TRIX: score=-0.4920, params={'timeperiod': 13}
2026-01-20 16:44:59,239 - crypto_analysis.vectorbt_optimizer.optimizer - INFO - Optimizing ULTOSC: 5006232 combinations
2026-01-20 16:44:59,240 - crypto_analysis.vectorbt_optimizer.optimizer - INFO - Using tpe sampler with 1000 trials
2026-01-20 16:44:59,426 - crypto_analysis.vectorbt_optimizer.parallel_runner - INFO - ZIL/TRIX: score=-0.6415, params={'timeperiod': 20}
2026-01-20 16:44:59,429 - crypto_analysis.vectorbt_optimizer.parallel_runner - INFO - LDO/MOM: score=-0.5895, params={'timeperiod': 27}
2026-01-20 16:44:59,440 - crypto_analysis.vectorbt_optimizer.optimizer - INFO - Optimizing ULTOSC: 5006232 combinations
2026-01-20 16:44:59,442 - crypto_analysis.vectorbt_optimizer.optimizer - INFO - Using tpe sampler with 1000 trials
2026-01-20 16:44:59,443 - crypto_analysis.vectorbt_optimizer.optimizer - INFO - Optimizing ROC: 26 combinations
2026-01-20 16:44:59,444 - crypto_analysis.vectorbt_optimizer.optimizer - INFO - Using grid sampler with 26 trials
2026-01-20 16:44:59,868 - crypto_analysis.vectorbt_optimizer.parallel_runner - INFO - ICP/ROC: score=-0.4917, params={'timeperiod': 20}
2026-01-20 16:44:59,881 - crypto_analysis.vectorbt_optimizer.optimizer - INFO - Optimizing TRIX: 26 combinations
2026-01-20 16:44:59,882 - crypto_analysis.vectorbt_optimizer.optimizer - INFO - Using grid sampler with 26 trials
2026-01-20 16:45:00,433 - crypto_analysis.vectorbt_optimizer.parallel_runner - INFO - LDO/ROC: score=-0.5895, params={'timeperiod': 27}
2026-01-20 16:45:00,446 - crypto_analysis.vectorbt_optimizer.optimizer - INFO - Optimizing TRIX: 26 combinations
2026-01-20 16:45:00,446 - crypto_analysis.vectorbt_optimizer.optimizer - INFO - Using grid sampler with 26 trials
2026-01-20 16:45:00,889 - crypto_analysis.vectorbt_optimizer.parallel_runner - INFO - ICP/TRIX: score=0.0676, params={'timeperiod': 23}
2026-01-20 16:45:00,902 - crypto_analysis.vectorbt_optimizer.optimizer - INFO - Optimizing ULTOSC: 5006232 combinations
2026-01-20 16:45:00,903 - crypto_analysis.vectorbt_optimizer.optimizer - INFO - Using tpe sampler with 1000 trials
2026-01-20 16:45:01,417 - crypto_analysis.vectorbt_optimizer.parallel_runner - INFO - LDO/TRIX: score=-0.2180, params={'timeperiod': 12}
2026-01-20 16:45:01,430 - crypto_analysis.vectorbt_optimizer.optimizer - INFO - Optimizing ULTOSC: 5006232 combinations
2026-01-20 16:45:01,431 - crypto_analysis.vectorbt_optimizer.optimizer - INFO - Using tpe sampler with 1000 trials
2026-01-20 16:45:41,088 - crypto_analysis.vectorbt_optimizer.parallel_runner - INFO - HBAR/ULTOSC: score=0.9415, params={'timeperiod1': 3, 'timeperiod2': 18, 'timeperiod3': 52, 'entry_constant': 26.810112869880253, 'exit_constant': 61.420324988568}
2026-01-20 16:45:41,091 - crypto_analysis.vectorbt_optimizer.optimizer - INFO - Optimizing APO: 416 combinations
2026-01-20 16:45:41,091 - crypto_analysis.vectorbt_optimizer.optimizer - INFO - Using grid sampler with 416 trials
2026-01-20 16:45:46,461 - crypto_analysis.vectorbt_optimizer.parallel_runner - INFO - FIL/ULTOSC: score=0.3630, params={'timeperiod1': 7, 'timeperiod2': 7, 'timeperiod3': 37, 'entry_constant': 23.239728903458676, 'exit_constant': 74.10799806759141}
2026-01-20 16:45:46,464 - crypto_analysis.vectorbt_optimizer.optimizer - INFO - Optimizing APO: 416 combinations
2026-01-20 16:45:46,465 - crypto_analysis.vectorbt_optimizer.optimizer - INFO - Using grid sampler with 416 trials
2026-01-20 16:45:52,405 - crypto_analysis.vectorbt_optimizer.parallel_runner - INFO - IOTA/ULTOSC: score=1.4348, params={'timeperiod1': 11, 'timeperiod2': 26, 'timeperiod3': 44, 'entry_constant': 31.448322723464482, 'exit_constant': 65.52453367513723}
2026-01-20 16:45:52,408 - crypto_analysis.vectorbt_optimizer.optimizer - INFO - Optimizing APO: 416 combinations
2026-01-20 16:45:52,409 - crypto_analysis.vectorbt_optimizer.optimizer - INFO - Using grid sampler with 416 trials
2026-01-20 16:45:56,036 - crypto_analysis.vectorbt_optimizer.parallel_runner - INFO - CHZ/ULTOSC: score=1.0609, params={'timeperiod1': 13, 'timeperiod2': 24, 'timeperiod3': 25, 'entry_constant': 30.322355427163416, 'exit_constant': 72.99080739331252}
2026-01-20 16:45:56,039 - crypto_analysis.vectorbt_optimizer.optimizer - INFO - Optimizing APO: 416 combinations
2026-01-20 16:45:56,039 - crypto_analysis.vectorbt_optimizer.optimizer - INFO - Using grid sampler with 416 trials
2026-01-20 16:46:06,565 - crypto_analysis.vectorbt_optimizer.parallel_runner - INFO - ZIL/ULTOSC: score=1.3420, params={'timeperiod1': 5, 'timeperiod2': 16, 'timeperiod3': 47, 'entry_constant': 24.023128364374937, 'exit_constant': 73.87329739441411}
2026-01-20 16:46:06,568 - crypto_analysis.vectorbt_optimizer.optimizer - INFO - Optimizing APO: 416 combinations
2026-01-20 16:46:06,569 - crypto_analysis.vectorbt_optimizer.optimizer - INFO - Using grid sampler with 416 trials
2026-01-20 16:46:07,486 - crypto_analysis.vectorbt_optimizer.parallel_runner - INFO - ONE/ULTOSC: score=1.6264, params={'timeperiod1': 4, 'timeperiod2': 13, 'timeperiod3': 17, 'entry_constant': 20.013450802908046, 'exit_constant': 73.67822896798423}
2026-01-20 16:46:07,488 - crypto_analysis.vectorbt_optimizer.optimizer - INFO - Optimizing APO: 416 combinations
2026-01-20 16:46:07,489 - crypto_analysis.vectorbt_optimizer.optimizer - INFO - Using grid sampler with 416 trials
2026-01-20 16:46:07,639 - crypto_analysis.vectorbt_optimizer.parallel_runner - INFO - ICP/ULTOSC: score=1.1172, params={'timeperiod1': 6, 'timeperiod2': 17, 'timeperiod3': 55, 'entry_constant': 25.772987601339523, 'exit_constant': 67.85670429949701}
2026-01-20 16:46:07,642 - crypto_analysis.vectorbt_optimizer.optimizer - INFO - Optimizing APO: 416 combinations
2026-01-20 16:46:07,642 - crypto_analysis.vectorbt_optimizer.optimizer - INFO - Using grid sampler with 416 trials
2026-01-20 16:46:07,965 - crypto_analysis.vectorbt_optimizer.parallel_runner - INFO - LDO/ULTOSC: score=1.4129, params={'timeperiod1': 8, 'timeperiod2': 14, 'timeperiod3': 51, 'entry_constant': 28.77169061977397, 'exit_constant': 65.76992698407543}
2026-01-20 16:46:07,967 - crypto_analysis.vectorbt_optimizer.optimizer - INFO - Optimizing APO: 416 combinations
2026-01-20 16:46:07,968 - crypto_analysis.vectorbt_optimizer.optimizer - INFO - Using grid sampler with 416 trials
2026-01-20 16:46:19,408 - crypto_analysis.vectorbt_optimizer.parallel_runner - INFO - HBAR/APO: score=0.0000, params={'fastperiod': 20, 'slowperiod': 20}
2026-01-20 16:46:19,420 - crypto_analysis.vectorbt_optimizer.optimizer - INFO - Optimizing PPO: 416 combinations
2026-01-20 16:46:19,421 - crypto_analysis.vectorbt_optimizer.optimizer - INFO - Using grid sampler with 416 trials
2026-01-20 16:46:25,282 - crypto_analysis.vectorbt_optimizer.parallel_runner - INFO - FIL/APO: score=0.0000, params={'fastperiod': 20, 'slowperiod': 20}
2026-01-20 16:46:25,293 - crypto_analysis.vectorbt_optimizer.optimizer - INFO - Optimizing PPO: 416 combinations
2026-01-20 16:46:25,293 - crypto_analysis.vectorbt_optimizer.optimizer - INFO - Using grid sampler with 416 trials
2026-01-20 16:46:31,261 - crypto_analysis.vectorbt_optimizer.parallel_runner - INFO - IOTA/APO: score=0.0442, params={'fastperiod': 12, 'slowperiod': 23}
2026-01-20 16:46:31,275 - crypto_analysis.vectorbt_optimizer.optimizer - INFO - Optimizing PPO: 416 combinations
2026-01-20 16:46:31,275 - crypto_analysis.vectorbt_optimizer.optimizer - INFO - Using grid sampler with 416 trials
2026-01-20 16:46:35,194 - crypto_analysis.vectorbt_optimizer.parallel_runner - INFO - CHZ/APO: score=0.1090, params={'fastperiod': 12, 'slowperiod': 29}
2026-01-20 16:46:35,209 - crypto_analysis.vectorbt_optimizer.optimizer - INFO - Optimizing PPO: 416 combinations
2026-01-20 16:46:35,210 - crypto_analysis.vectorbt_optimizer.optimizer - INFO - Using grid sampler with 416 trials
2026-01-20 16:46:44,034 - crypto_analysis.vectorbt_optimizer.parallel_runner - INFO - ZIL/APO: score=0.0000, params={'fastperiod': 20, 'slowperiod': 20}
2026-01-20 16:46:44,044 - crypto_analysis.vectorbt_optimizer.optimizer - INFO - Optimizing PPO: 416 combinations
2026-01-20 16:46:44,045 - crypto_analysis.vectorbt_optimizer.optimizer - INFO - Using grid sampler with 416 trials
2026-01-20 16:46:45,229 - crypto_analysis.vectorbt_optimizer.parallel_runner - INFO - ICP/APO: score=0.0000, params={'fastperiod': 20, 'slowperiod': 20}
2026-01-20 16:46:45,239 - crypto_analysis.vectorbt_optimizer.optimizer - INFO - Optimizing PPO: 416 combinations
2026-01-20 16:46:45,240 - crypto_analysis.vectorbt_optimizer.optimizer - INFO - Using grid sampler with 416 trials
2026-01-20 16:46:45,830 - crypto_analysis.vectorbt_optimizer.parallel_runner - INFO - LDO/APO: score=0.0003, params={'fastperiod': 11, 'slowperiod': 30}
2026-01-20 16:46:45,841 - crypto_analysis.vectorbt_optimizer.optimizer - INFO - Optimizing PPO: 416 combinations
2026-01-20 16:46:45,842 - crypto_analysis.vectorbt_optimizer.optimizer - INFO - Using grid sampler with 416 trials
2026-01-20 16:46:46,374 - crypto_analysis.vectorbt_optimizer.parallel_runner - INFO - ONE/APO: score=0.0000, params={'fastperiod': 20, 'slowperiod': 20}
2026-01-20 16:46:46,384 - crypto_analysis.vectorbt_optimizer.optimizer - INFO - Optimizing PPO: 416 combinations
2026-01-20 16:46:46,385 - crypto_analysis.vectorbt_optimizer.optimizer - INFO - Using grid sampler with 416 trials
2026-01-20 16:46:58,197 - crypto_analysis.vectorbt_optimizer.parallel_runner - INFO - HBAR/PPO: score=0.0000, params={'fastperiod': 20, 'slowperiod': 20}
2026-01-20 16:46:58,207 - crypto_analysis.vectorbt_optimizer.optimizer - INFO - Optimizing BOP: 1 combinations
2026-01-20 16:46:58,208 - crypto_analysis.vectorbt_optimizer.optimizer - INFO - Using grid sampler with 1 trials
2026-01-20 16:46:58,264 - crypto_analysis.vectorbt_optimizer.parallel_runner - INFO - HBAR/BOP: score=-0.9930, params={}
2026-01-20 16:46:58,275 - crypto_analysis.vectorbt_optimizer.optimizer - INFO - Optimizing AROON: 26 combinations
2026-01-20 16:46:58,276 - crypto_analysis.vectorbt_optimizer.optimizer - INFO - Using grid sampler with 26 trials
2026-01-20 16:46:58,931 - crypto_analysis.vectorbt_optimizer.parallel_runner - INFO - HBAR/AROON: score=-0.2584, params={'timeperiod': 27}
2026-01-20 16:46:58,938 - crypto_analysis.vectorbt_optimizer.optimizer - INFO - Optimizing AROONOSC: 26 combinations
2026-01-20 16:46:58,939 - crypto_analysis.vectorbt_optimizer.optimizer - INFO - Using grid sampler with 26 trials
2026-01-20 16:46:59,981 - crypto_analysis.vectorbt_optimizer.parallel_runner - INFO - HBAR/AROONOSC: score=-0.2584, params={'timeperiod': 27}
2026-01-20 16:46:59,995 - crypto_analysis.vectorbt_optimizer.optimizer - INFO - Optimizing ADXR: 5082 combinations
2026-01-20 16:46:59,996 - crypto_analysis.vectorbt_optimizer.optimizer - INFO - Using tpe sampler with 1000 trials
2026-01-20 16:47:03,981 - crypto_analysis.vectorbt_optimizer.parallel_runner - INFO - FIL/PPO: score=0.0000, params={'fastperiod': 20, 'slowperiod': 20}
2026-01-20 16:47:03,993 - crypto_analysis.vectorbt_optimizer.optimizer - INFO - Optimizing BOP: 1 combinations
2026-01-20 16:47:03,994 - crypto_analysis.vectorbt_optimizer.optimizer - INFO - Using grid sampler with 1 trials
2026-01-20 16:47:04,045 - crypto_analysis.vectorbt_optimizer.parallel_runner - INFO - FIL/BOP: score=-0.9906, params={}
2026-01-20 16:47:04,058 - crypto_analysis.vectorbt_optimizer.optimizer - INFO - Optimizing AROON: 26 combinations
2026-01-20 16:47:04,058 - crypto_analysis.vectorbt_optimizer.optimizer - INFO - Using grid sampler with 26 trials
2026-01-20 16:47:04,714 - crypto_analysis.vectorbt_optimizer.parallel_runner - INFO - FIL/AROON: score=-0.0641, params={'timeperiod': 17}
2026-01-20 16:47:04,721 - crypto_analysis.vectorbt_optimizer.optimizer - INFO - Optimizing AROONOSC: 26 combinations
2026-01-20 16:47:04,722 - crypto_analysis.vectorbt_optimizer.optimizer - INFO - Using grid sampler with 26 trials
2026-01-20 16:47:05,718 - crypto_analysis.vectorbt_optimizer.parallel_runner - INFO - FIL/AROONOSC: score=-0.0641, params={'timeperiod': 17}
2026-01-20 16:47:05,732 - crypto_analysis.vectorbt_optimizer.optimizer - INFO - Optimizing ADXR: 5082 combinations
2026-01-20 16:47:05,733 - crypto_analysis.vectorbt_optimizer.optimizer - INFO - Using tpe sampler with 1000 trials
2026-01-20 16:47:09,675 - crypto_analysis.vectorbt_optimizer.parallel_runner - INFO - IOTA/PPO: score=0.0442, params={'fastperiod': 12, 'slowperiod': 23}
2026-01-20 16:47:09,687 - crypto_analysis.vectorbt_optimizer.optimizer - INFO - Optimizing BOP: 1 combinations
2026-01-20 16:47:09,687 - crypto_analysis.vectorbt_optimizer.optimizer - INFO - Using grid sampler with 1 trials
2026-01-20 16:47:09,739 - crypto_analysis.vectorbt_optimizer.parallel_runner - INFO - IOTA/BOP: score=-0.9943, params={}
2026-01-20 16:47:09,749 - crypto_analysis.vectorbt_optimizer.optimizer - INFO - Optimizing AROON: 26 combinations
2026-01-20 16:47:09,750 - crypto_analysis.vectorbt_optimizer.optimizer - INFO - Using grid sampler with 26 trials
2026-01-20 16:47:10,403 - crypto_analysis.vectorbt_optimizer.parallel_runner - INFO - IOTA/AROON: score=-0.4622, params={'timeperiod': 19}
2026-01-20 16:47:10,411 - crypto_analysis.vectorbt_optimizer.optimizer - INFO - Optimizing AROONOSC: 26 combinations
2026-01-20 16:47:10,411 - crypto_analysis.vectorbt_optimizer.optimizer - INFO - Using grid sampler with 26 trials
2026-01-20 16:47:11,484 - crypto_analysis.vectorbt_optimizer.parallel_runner - INFO - IOTA/AROONOSC: score=-0.4622, params={'timeperiod': 19}
2026-01-20 16:47:11,497 - crypto_analysis.vectorbt_optimizer.optimizer - INFO - Optimizing ADXR: 5082 combinations
2026-01-20 16:47:11,498 - crypto_analysis.vectorbt_optimizer.optimizer - INFO - Using tpe sampler with 1000 trials
2026-01-20 16:47:14,232 - crypto_analysis.vectorbt_optimizer.parallel_runner - INFO - CHZ/PPO: score=0.1090, params={'fastperiod': 12, 'slowperiod': 29}
2026-01-20 16:47:14,245 - crypto_analysis.vectorbt_optimizer.optimizer - INFO - Optimizing BOP: 1 combinations
2026-01-20 16:47:14,246 - crypto_analysis.vectorbt_optimizer.optimizer - INFO - Using grid sampler with 1 trials
2026-01-20 16:47:14,304 - crypto_analysis.vectorbt_optimizer.parallel_runner - INFO - CHZ/BOP: score=-0.9954, params={}
2026-01-20 16:47:14,314 - crypto_analysis.vectorbt_optimizer.optimizer - INFO - Optimizing AROON: 26 combinations
2026-01-20 16:47:14,315 - crypto_analysis.vectorbt_optimizer.optimizer - INFO - Using grid sampler with 26 trials
2026-01-20 16:47:14,952 - crypto_analysis.vectorbt_optimizer.parallel_runner - INFO - CHZ/AROON: score=-0.0660, params={'timeperiod': 21}
2026-01-20 16:47:14,959 - crypto_analysis.vectorbt_optimizer.optimizer - INFO - Optimizing AROONOSC: 26 combinations
2026-01-20 16:47:14,960 - crypto_analysis.vectorbt_optimizer.optimizer - INFO - Using grid sampler with 26 trials
2026-01-20 16:47:16,010 - crypto_analysis.vectorbt_optimizer.parallel_runner - INFO - CHZ/AROONOSC: score=-0.0660, params={'timeperiod': 21}
2026-01-20 16:47:16,023 - crypto_analysis.vectorbt_optimizer.optimizer - INFO - Optimizing ADXR: 5082 combinations
2026-01-20 16:47:16,025 - crypto_analysis.vectorbt_optimizer.optimizer - INFO - Using tpe sampler with 1000 trials
2026-01-20 16:47:22,384 - crypto_analysis.vectorbt_optimizer.parallel_runner - INFO - ZIL/PPO: score=0.0000, params={'fastperiod': 20, 'slowperiod': 20}
2026-01-20 16:47:22,394 - crypto_analysis.vectorbt_optimizer.optimizer - INFO - Optimizing BOP: 1 combinations
2026-01-20 16:47:22,395 - crypto_analysis.vectorbt_optimizer.optimizer - INFO - Using grid sampler with 1 trials
2026-01-20 16:47:22,446 - crypto_analysis.vectorbt_optimizer.parallel_runner - INFO - ZIL/BOP: score=-0.9908, params={}
2026-01-20 16:47:22,456 - crypto_analysis.vectorbt_optimizer.optimizer - INFO - Optimizing AROON: 26 combinations
2026-01-20 16:47:22,456 - crypto_analysis.vectorbt_optimizer.optimizer - INFO - Using grid sampler with 26 trials
2026-01-20 16:47:22,798 - crypto_analysis.vectorbt_optimizer.parallel_runner - INFO - ICP/PPO: score=0.0000, params={'fastperiod': 20, 'slowperiod': 20}
2026-01-20 16:47:22,808 - crypto_analysis.vectorbt_optimizer.optimizer - INFO - Optimizing BOP: 1 combinations
2026-01-20 16:47:22,809 - crypto_analysis.vectorbt_optimizer.optimizer - INFO - Using grid sampler with 1 trials
2026-01-20 16:47:22,864 - crypto_analysis.vectorbt_optimizer.parallel_runner - INFO - ICP/BOP: score=-0.9961, params={}
2026-01-20 16:47:22,874 - crypto_analysis.vectorbt_optimizer.optimizer - INFO - Optimizing AROON: 26 combinations
2026-01-20 16:47:22,874 - crypto_analysis.vectorbt_optimizer.optimizer - INFO - Using grid sampler with 26 trials
2026-01-20 16:47:23,089 - crypto_analysis.vectorbt_optimizer.parallel_runner - INFO - ZIL/AROON: score=-0.6639, params={'timeperiod': 17}
2026-01-20 16:47:23,094 - crypto_analysis.vectorbt_optimizer.optimizer - INFO - Optimizing AROONOSC: 26 combinations
2026-01-20 16:47:23,094 - crypto_analysis.vectorbt_optimizer.optimizer - INFO - Using grid sampler with 26 trials
2026-01-20 16:47:23,504 - crypto_analysis.vectorbt_optimizer.parallel_runner - INFO - ICP/AROON: score=0.0960, params={'timeperiod': 8}
2026-01-20 16:47:23,511 - crypto_analysis.vectorbt_optimizer.optimizer - INFO - Optimizing AROONOSC: 26 combinations
2026-01-20 16:47:23,512 - crypto_analysis.vectorbt_optimizer.optimizer - INFO - Using grid sampler with 26 trials
2026-01-20 16:47:23,683 - crypto_analysis.vectorbt_optimizer.parallel_runner - INFO - LDO/PPO: score=0.0003, params={'fastperiod': 11, 'slowperiod': 30}
2026-01-20 16:47:23,694 - crypto_analysis.vectorbt_optimizer.optimizer - INFO - Optimizing BOP: 1 combinations
2026-01-20 16:47:23,695 - crypto_analysis.vectorbt_optimizer.optimizer - INFO - Using grid sampler with 1 trials
2026-01-20 16:47:23,749 - crypto_analysis.vectorbt_optimizer.parallel_runner - INFO - LDO/BOP: score=-0.9956, params={}
2026-01-20 16:47:23,759 - crypto_analysis.vectorbt_optimizer.optimizer - INFO - Optimizing AROON: 26 combinations
2026-01-20 16:47:23,759 - crypto_analysis.vectorbt_optimizer.optimizer - INFO - Using grid sampler with 26 trials
2026-01-20 16:47:24,081 - crypto_analysis.vectorbt_optimizer.parallel_runner - INFO - ZIL/AROONOSC: score=-0.6639, params={'timeperiod': 17}
2026-01-20 16:47:24,093 - crypto_analysis.vectorbt_optimizer.optimizer - INFO - Optimizing ADXR: 5082 combinations
2026-01-20 16:47:24,094 - crypto_analysis.vectorbt_optimizer.optimizer - INFO - Using tpe sampler with 1000 trials
2026-01-20 16:47:24,408 - crypto_analysis.vectorbt_optimizer.parallel_runner - INFO - LDO/AROON: score=-0.3171, params={'timeperiod': 26}
2026-01-20 16:47:24,418 - crypto_analysis.vectorbt_optimizer.optimizer - INFO - Optimizing AROONOSC: 26 combinations
2026-01-20 16:47:24,419 - crypto_analysis.vectorbt_optimizer.optimizer - INFO - Using grid sampler with 26 trials
2026-01-20 16:47:24,502 - crypto_analysis.vectorbt_optimizer.parallel_runner - INFO - ICP/AROONOSC: score=0.0960, params={'timeperiod': 8}
2026-01-20 16:47:24,514 - crypto_analysis.vectorbt_optimizer.optimizer - INFO - Optimizing ADXR: 5082 combinations
2026-01-20 16:47:24,515 - crypto_analysis.vectorbt_optimizer.optimizer - INFO - Using tpe sampler with 1000 trials
2026-01-20 16:47:25,246 - crypto_analysis.vectorbt_optimizer.parallel_runner - INFO - ONE/PPO: score=0.0000, params={'fastperiod': 20, 'slowperiod': 20}
2026-01-20 16:47:25,257 - crypto_analysis.vectorbt_optimizer.optimizer - INFO - Optimizing BOP: 1 combinations
2026-01-20 16:47:25,258 - crypto_analysis.vectorbt_optimizer.optimizer - INFO - Using grid sampler with 1 trials
2026-01-20 16:47:25,309 - crypto_analysis.vectorbt_optimizer.parallel_runner - INFO - ONE/BOP: score=-0.9901, params={}
2026-01-20 16:47:25,320 - crypto_analysis.vectorbt_optimizer.optimizer - INFO - Optimizing AROON: 26 combinations
2026-01-20 16:47:25,321 - crypto_analysis.vectorbt_optimizer.optimizer - INFO - Using grid sampler with 26 trials
2026-01-20 16:47:25,352 - crypto_analysis.vectorbt_optimizer.parallel_runner - INFO - LDO/AROONOSC: score=-0.3171, params={'timeperiod': 26}
2026-01-20 16:47:25,368 - crypto_analysis.vectorbt_optimizer.optimizer - INFO - Optimizing ADXR: 5082 combinations
2026-01-20 16:47:25,369 - crypto_analysis.vectorbt_optimizer.optimizer - INFO - Using tpe sampler with 1000 trials
2026-01-20 16:47:25,974 - crypto_analysis.vectorbt_optimizer.parallel_runner - INFO - ONE/AROON: score=-0.5142, params={'timeperiod': 18}
2026-01-20 16:47:25,981 - crypto_analysis.vectorbt_optimizer.optimizer - INFO - Optimizing AROONOSC: 26 combinations
2026-01-20 16:47:25,982 - crypto_analysis.vectorbt_optimizer.optimizer - INFO - Using grid sampler with 26 trials
2026-01-20 16:47:27,034 - crypto_analysis.vectorbt_optimizer.parallel_runner - INFO - ONE/AROONOSC: score=-0.5142, params={'timeperiod': 18}
2026-01-20 16:47:27,047 - crypto_analysis.vectorbt_optimizer.optimizer - INFO - Optimizing ADXR: 5082 combinations
2026-01-20 16:47:27,048 - crypto_analysis.vectorbt_optimizer.optimizer - INFO - Using tpe sampler with 1000 trials
2026-01-20 16:47:47,360 - crypto_analysis.vectorbt_optimizer.parallel_runner - INFO - HBAR/ADXR: score=2.0271, params={'timeperiod': 19, 'entry_constant': 36.862002470351754, 'exit_constant': 23.855026617455238}
2026-01-20 16:47:47,362 - crypto_analysis.vectorbt_optimizer.optimizer - INFO - Optimizing DX: 8736 combinations
2026-01-20 16:47:47,363 - crypto_analysis.vectorbt_optimizer.optimizer - INFO - Using tpe sampler with 1000 trials
2026-01-20 16:47:53,379 - crypto_analysis.vectorbt_optimizer.parallel_runner - INFO - FIL/ADXR: score=1.7906, params={'timeperiod': 15, 'entry_constant': 38.695876643128855, 'exit_constant': 22.902786114608222}
2026-01-20 16:47:53,384 - crypto_analysis.vectorbt_optimizer.optimizer - INFO - Optimizing DX: 8736 combinations
2026-01-20 16:47:53,385 - crypto_analysis.vectorbt_optimizer.optimizer - INFO - Using tpe sampler with 1000 trials
2026-01-20 16:47:58,125 - crypto_analysis.vectorbt_optimizer.parallel_runner - INFO - IOTA/ADXR: score=2.0222, params={'timeperiod': 25, 'entry_constant': 30.64178355471271, 'exit_constant': 24.993405128603268}
2026-01-20 16:47:58,128 - crypto_analysis.vectorbt_optimizer.optimizer - INFO - Optimizing DX: 8736 combinations
2026-01-20 16:47:58,129 - crypto_analysis.vectorbt_optimizer.optimizer - INFO - Using tpe sampler with 1000 trials
2026-01-20 16:48:03,400 - crypto_analysis.vectorbt_optimizer.parallel_runner - INFO - CHZ/ADXR: score=2.3277, params={'timeperiod': 19, 'entry_constant': 27.24260776177134, 'exit_constant': 16.426143042437914}
2026-01-20 16:48:03,404 - crypto_analysis.vectorbt_optimizer.optimizer - INFO - Optimizing DX: 8736 combinations
2026-01-20 16:48:03,406 - crypto_analysis.vectorbt_optimizer.optimizer - INFO - Using tpe sampler with 1000 trials
2026-01-20 16:48:12,181 - crypto_analysis.vectorbt_optimizer.parallel_runner - INFO - ZIL/ADXR: score=1.7922, params={'timeperiod': 26, 'entry_constant': 28.35772496962502, 'exit_constant': 17.598431440697922}
2026-01-20 16:48:12,185 - crypto_analysis.vectorbt_optimizer.optimizer - INFO - Optimizing DX: 8736 combinations
2026-01-20 16:48:12,185 - crypto_analysis.vectorbt_optimizer.optimizer - INFO - Using tpe sampler with 1000 trials
2026-01-20 16:48:12,359 - crypto_analysis.vectorbt_optimizer.parallel_runner - INFO - ICP/ADXR: score=6.2085, params={'timeperiod': 19, 'entry_constant': 38.42702374558005, 'exit_constant': 24.97426824616686}
2026-01-20 16:48:12,361 - crypto_analysis.vectorbt_optimizer.optimizer - INFO - Optimizing DX: 8736 combinations
2026-01-20 16:48:12,362 - crypto_analysis.vectorbt_optimizer.optimizer - INFO - Using tpe sampler with 1000 trials
2026-01-20 16:48:12,936 - crypto_analysis.vectorbt_optimizer.parallel_runner - INFO - LDO/ADXR: score=0.8942, params={'timeperiod': 28, 'entry_constant': 37.00839700420396, 'exit_constant': 22.251669653121684}
2026-01-20 16:48:12,941 - crypto_analysis.vectorbt_optimizer.optimizer - INFO - Optimizing DX: 8736 combinations
2026-01-20 16:48:12,942 - crypto_analysis.vectorbt_optimizer.optimizer - INFO - Using tpe sampler with 1000 trials
2026-01-20 16:48:14,075 - crypto_analysis.vectorbt_optimizer.parallel_runner - INFO - ONE/ADXR: score=3.9080, params={'timeperiod': 28, 'entry_constant': 27.834330210251935, 'exit_constant': 23.385706062628685}
2026-01-20 16:48:14,078 - crypto_analysis.vectorbt_optimizer.optimizer - INFO - Optimizing DX: 8736 combinations
2026-01-20 16:48:14,079 - crypto_analysis.vectorbt_optimizer.optimizer - INFO - Using tpe sampler with 1000 trials
2026-01-20 16:48:35,431 - crypto_analysis.vectorbt_optimizer.parallel_runner - INFO - HBAR/DX: score=0.6090, params={'timeperiod': 14, 'entry_constant': 32.34261024872352, 'exit_constant': 11.00709130356461}
2026-01-20 16:48:35,434 - crypto_analysis.vectorbt_optimizer.optimizer - INFO - Optimizing MACDEXT: 3335904 combinations
2026-01-20 16:48:35,435 - crypto_analysis.vectorbt_optimizer.optimizer - INFO - Using tpe sampler with 1000 trials
2026-01-20 16:48:41,974 - crypto_analysis.vectorbt_optimizer.parallel_runner - INFO - FIL/DX: score=0.1892, params={'timeperiod': 28, 'entry_constant': 35.26934855438745, 'exit_constant': 14.692214711707276}
2026-01-20 16:48:41,978 - crypto_analysis.vectorbt_optimizer.optimizer - INFO - Optimizing MACDEXT: 3335904 combinations
2026-01-20 16:48:41,979 - crypto_analysis.vectorbt_optimizer.optimizer - INFO - Using tpe sampler with 1000 trials
2026-01-20 16:48:44,853 - crypto_analysis.vectorbt_optimizer.parallel_runner - INFO - IOTA/DX: score=0.5430, params={'timeperiod': 30, 'entry_constant': 38.55816389056053, 'exit_constant': 17.50337311508631}
2026-01-20 16:48:44,856 - crypto_analysis.vectorbt_optimizer.optimizer - INFO - Optimizing MACDEXT: 3335904 combinations
2026-01-20 16:48:44,856 - crypto_analysis.vectorbt_optimizer.optimizer - INFO - Using tpe sampler with 1000 trials
2026-01-20 16:48:50,272 - crypto_analysis.vectorbt_optimizer.parallel_runner - INFO - CHZ/DX: score=1.2081, params={'timeperiod': 30, 'entry_constant': 32.359043796327434, 'exit_constant': 10.020945088804467}
2026-01-20 16:48:50,275 - crypto_analysis.vectorbt_optimizer.optimizer - INFO - Optimizing MACDEXT: 3335904 combinations
2026-01-20 16:48:50,276 - crypto_analysis.vectorbt_optimizer.optimizer - INFO - Using tpe sampler with 1000 trials
2026-01-20 16:48:59,922 - crypto_analysis.vectorbt_optimizer.parallel_runner - INFO - ICP/DX: score=1.3462, params={'timeperiod': 30, 'entry_constant': 39.973368911825936, 'exit_constant': 19.622079670614212}
2026-01-20 16:48:59,925 - crypto_analysis.vectorbt_optimizer.optimizer - INFO - Optimizing MACDEXT: 3335904 combinations
2026-01-20 16:48:59,925 - crypto_analysis.vectorbt_optimizer.optimizer - INFO - Using tpe sampler with 1000 trials
2026-01-20 16:49:00,593 - crypto_analysis.vectorbt_optimizer.parallel_runner - INFO - ZIL/DX: score=0.0560, params={'timeperiod': 30, 'entry_constant': 31.49329287764265, 'exit_constant': 13.100636224845351}
2026-01-20 16:49:00,596 - crypto_analysis.vectorbt_optimizer.optimizer - INFO - Optimizing MACDEXT: 3335904 combinations
2026-01-20 16:49:00,597 - crypto_analysis.vectorbt_optimizer.optimizer - INFO - Using tpe sampler with 1000 trials
2026-01-20 16:49:00,731 - crypto_analysis.vectorbt_optimizer.parallel_runner - INFO - LDO/DX: score=0.8451, params={'timeperiod': 30, 'entry_constant': 32.25078627825302, 'exit_constant': 20.029407358464365}
2026-01-20 16:49:00,736 - crypto_analysis.vectorbt_optimizer.optimizer - INFO - Optimizing MACDEXT: 3335904 combinations
2026-01-20 16:49:00,737 - crypto_analysis.vectorbt_optimizer.optimizer - INFO - Using tpe sampler with 1000 trials
2026-01-20 16:49:01,981 - crypto_analysis.vectorbt_optimizer.parallel_runner - INFO - ONE/DX: score=-0.0192, params={'timeperiod': 30, 'entry_constant': 39.910216094273096, 'exit_constant': 11.651018722425478}
2026-01-20 16:49:01,984 - crypto_analysis.vectorbt_optimizer.optimizer - INFO - Optimizing MACDEXT: 3335904 combinations
2026-01-20 16:49:01,985 - crypto_analysis.vectorbt_optimizer.optimizer - INFO - Using tpe sampler with 1000 trials
2026-01-20 16:49:54,516 - crypto_analysis.vectorbt_optimizer.parallel_runner - INFO - HBAR/MACDEXT: score=0.0000, params={'fastperiod': 19, 'slowperiod': 28, 'signalperiod': 8, 'fastmatype': 7, 'slowmatype': 7, 'signalmatype': 5}
2026-01-20 16:49:54,524 - crypto_analysis.vectorbt_optimizer.optimizer - INFO - Optimizing MACDFIX: 11 combinations
2026-01-20 16:49:54,524 - crypto_analysis.vectorbt_optimizer.optimizer - INFO - Using grid sampler with 11 trials
2026-01-20 16:49:54,804 - crypto_analysis.vectorbt_optimizer.parallel_runner - INFO - HBAR/MACDFIX: score=-0.3901, params={'signalperiod': 6}
2026-01-20 16:49:54,812 - crypto_analysis.vectorbt_optimizer.optimizer - INFO - Optimizing MINUS_DI: 14196 combinations
2026-01-20 16:49:54,813 - crypto_analysis.vectorbt_optimizer.optimizer - INFO - Using tpe sampler with 1000 trials
2026-01-20 16:50:00,786 - crypto_analysis.vectorbt_optimizer.parallel_runner - INFO - FIL/MACDEXT: score=0.0000, params={'fastperiod': 19, 'slowperiod': 39, 'signalperiod': 15, 'fastmatype': 7, 'slowmatype': 7, 'signalmatype': 7}
2026-01-20 16:50:00,793 - crypto_analysis.vectorbt_optimizer.optimizer - INFO - Optimizing MACDFIX: 11 combinations
2026-01-20 16:50:00,793 - crypto_analysis.vectorbt_optimizer.optimizer - INFO - Using grid sampler with 11 trials
2026-01-20 16:50:01,077 - crypto_analysis.vectorbt_optimizer.parallel_runner - INFO - FIL/MACDFIX: score=0.1069, params={'signalperiod': 14}
2026-01-20 16:50:01,084 - crypto_analysis.vectorbt_optimizer.optimizer - INFO - Optimizing MINUS_DI: 14196 combinations
2026-01-20 16:50:01,086 - crypto_analysis.vectorbt_optimizer.optimizer - INFO - Using tpe sampler with 1000 trials
2026-01-20 16:50:03,793 - crypto_analysis.vectorbt_optimizer.parallel_runner - INFO - IOTA/MACDEXT: score=0.0000, params={'fastperiod': 13, 'slowperiod': 19, 'signalperiod': 8, 'fastmatype': 7, 'slowmatype': 7, 'signalmatype': 8}
2026-01-20 16:50:03,800 - crypto_analysis.vectorbt_optimizer.optimizer - INFO - Optimizing MACDFIX: 11 combinations
2026-01-20 16:50:03,801 - crypto_analysis.vectorbt_optimizer.optimizer - INFO - Using grid sampler with 11 trials
2026-01-20 16:50:04,059 - crypto_analysis.vectorbt_optimizer.parallel_runner - INFO - IOTA/MACDFIX: score=-0.7212, params={'signalperiod': 12}
2026-01-20 16:50:04,068 - crypto_analysis.vectorbt_optimizer.optimizer - INFO - Optimizing MINUS_DI: 14196 combinations
2026-01-20 16:50:04,069 - crypto_analysis.vectorbt_optimizer.optimizer - INFO - Using tpe sampler with 1000 trials
2026-01-20 16:50:11,789 - crypto_analysis.vectorbt_optimizer.parallel_runner - INFO - CHZ/MACDEXT: score=0.0000, params={'fastperiod': 11, 'slowperiod': 30, 'signalperiod': 5, 'fastmatype': 7, 'slowmatype': 7, 'signalmatype': 6}
2026-01-20 16:50:11,797 - crypto_analysis.vectorbt_optimizer.optimizer - INFO - Optimizing MACDFIX: 11 combinations
2026-01-20 16:50:11,797 - crypto_analysis.vectorbt_optimizer.optimizer - INFO - Using grid sampler with 11 trials
2026-01-20 16:50:12,080 - crypto_analysis.vectorbt_optimizer.parallel_runner - INFO - CHZ/MACDFIX: score=-0.3273, params={'signalperiod': 15}
2026-01-20 16:50:12,089 - crypto_analysis.vectorbt_optimizer.optimizer - INFO - Optimizing MINUS_DI: 14196 combinations
2026-01-20 16:50:12,090 - crypto_analysis.vectorbt_optimizer.optimizer - INFO - Using tpe sampler with 1000 trials
2026-01-20 16:50:18,630 - crypto_analysis.vectorbt_optimizer.parallel_runner - INFO - ICP/MACDEXT: score=0.2892, params={'fastperiod': 17, 'slowperiod': 22, 'signalperiod': 15, 'fastmatype': 3, 'slowmatype': 6, 'signalmatype': 2}
2026-01-20 16:50:18,636 - crypto_analysis.vectorbt_optimizer.optimizer - INFO - Optimizing MACDFIX: 11 combinations
2026-01-20 16:50:18,637 - crypto_analysis.vectorbt_optimizer.optimizer - INFO - Using grid sampler with 11 trials
2026-01-20 16:50:18,905 - crypto_analysis.vectorbt_optimizer.parallel_runner - INFO - ICP/MACDFIX: score=-0.5903, params={'signalperiod': 5}
2026-01-20 16:50:18,913 - crypto_analysis.vectorbt_optimizer.optimizer - INFO - Optimizing MINUS_DI: 14196 combinations
2026-01-20 16:50:18,914 - crypto_analysis.vectorbt_optimizer.optimizer - INFO - Using tpe sampler with 1000 trials
2026-01-20 16:50:19,114 - crypto_analysis.vectorbt_optimizer.parallel_runner - INFO - LDO/MACDEXT: score=-0.1633, params={'fastperiod': 6, 'slowperiod': 40, 'signalperiod': 14, 'fastmatype': 2, 'slowmatype': 6, 'signalmatype': 2}
2026-01-20 16:50:19,119 - crypto_analysis.vectorbt_optimizer.optimizer - INFO - Optimizing MACDFIX: 11 combinations
2026-01-20 16:50:19,120 - crypto_analysis.vectorbt_optimizer.optimizer - INFO - Using grid sampler with 11 trials
2026-01-20 16:50:19,392 - crypto_analysis.vectorbt_optimizer.parallel_runner - INFO - LDO/MACDFIX: score=-0.5975, params={'signalperiod': 6}
2026-01-20 16:50:19,402 - crypto_analysis.vectorbt_optimizer.optimizer - INFO - Optimizing MINUS_DI: 14196 combinations
2026-01-20 16:50:19,403 - crypto_analysis.vectorbt_optimizer.optimizer - INFO - Using tpe sampler with 1000 trials
2026-01-20 16:50:19,935 - crypto_analysis.vectorbt_optimizer.parallel_runner - INFO - ZIL/MACDEXT: score=0.0000, params={'fastperiod': 19, 'slowperiod': 19, 'signalperiod': 8, 'fastmatype': 1, 'slowmatype': 1, 'signalmatype': 6}
2026-01-20 16:50:19,940 - crypto_analysis.vectorbt_optimizer.optimizer - INFO - Optimizing MACDFIX: 11 combinations
2026-01-20 16:50:19,941 - crypto_analysis.vectorbt_optimizer.optimizer - INFO - Using grid sampler with 11 trials
2026-01-20 16:50:20,156 - crypto_analysis.vectorbt_optimizer.parallel_runner - INFO - ONE/MACDEXT: score=-0.3307, params={'fastperiod': 15, 'slowperiod': 28, 'signalperiod': 12, 'fastmatype': 1, 'slowmatype': 0, 'signalmatype': 1}
2026-01-20 16:50:20,163 - crypto_analysis.vectorbt_optimizer.optimizer - INFO - Optimizing MACDFIX: 11 combinations
2026-01-20 16:50:20,163 - crypto_analysis.vectorbt_optimizer.optimizer - INFO - Using grid sampler with 11 trials
2026-01-20 16:50:20,217 - crypto_analysis.vectorbt_optimizer.parallel_runner - INFO - ZIL/MACDFIX: score=-0.5674, params={'signalperiod': 12}
2026-01-20 16:50:20,226 - crypto_analysis.vectorbt_optimizer.optimizer - INFO - Optimizing MINUS_DI: 14196 combinations
2026-01-20 16:50:20,228 - crypto_analysis.vectorbt_optimizer.optimizer - INFO - Using tpe sampler with 1000 trials
2026-01-20 16:50:20,429 - crypto_analysis.vectorbt_optimizer.parallel_runner - INFO - ONE/MACDFIX: score=-0.5536, params={'signalperiod': 10}
2026-01-20 16:50:20,437 - crypto_analysis.vectorbt_optimizer.optimizer - INFO - Optimizing MINUS_DI: 14196 combinations
2026-01-20 16:50:20,438 - crypto_analysis.vectorbt_optimizer.optimizer - INFO - Using tpe sampler with 1000 trials
2026-01-20 16:50:41,955 - crypto_analysis.vectorbt_optimizer.parallel_runner - INFO - HBAR/MINUS_DI: score=0.9889, params={'timeperiod': 22, 'entry_constant': 23.622161059692765, 'exit_constant': 10.631587327650498}
2026-01-20 16:50:41,958 - crypto_analysis.vectorbt_optimizer.optimizer - INFO - Optimizing MINUS_DM: 26 combinations
2026-01-20 16:50:41,958 - crypto_analysis.vectorbt_optimizer.optimizer - INFO - Using grid sampler with 26 trials
2026-01-20 16:50:42,647 - crypto_analysis.vectorbt_optimizer.parallel_runner - INFO - HBAR/MINUS_DM: score=-0.9766, params={'timeperiod': 26}
2026-01-20 16:50:42,652 - crypto_analysis.vectorbt_optimizer.optimizer - INFO - Optimizing PLUS_DI: 14196 combinations
2026-01-20 16:50:42,653 - crypto_analysis.vectorbt_optimizer.optimizer - INFO - Using tpe sampler with 1000 trials
2026-01-20 16:50:48,136 - crypto_analysis.vectorbt_optimizer.parallel_runner - INFO - FIL/MINUS_DI: score=0.5469, params={'timeperiod': 26, 'entry_constant': 15.009897998464112, 'exit_constant': 10.875438792186838}
2026-01-20 16:50:48,139 - crypto_analysis.vectorbt_optimizer.optimizer - INFO - Optimizing MINUS_DM: 26 combinations
2026-01-20 16:50:48,139 - crypto_analysis.vectorbt_optimizer.optimizer - INFO - Using grid sampler with 26 trials
2026-01-20 16:50:48,822 - crypto_analysis.vectorbt_optimizer.parallel_runner - INFO - FIL/MINUS_DM: score=-0.9670, params={'timeperiod': 28}
2026-01-20 16:50:48,827 - crypto_analysis.vectorbt_optimizer.optimizer - INFO - Optimizing PLUS_DI: 14196 combinations
2026-01-20 16:50:48,828 - crypto_analysis.vectorbt_optimizer.optimizer - INFO - Using tpe sampler with 1000 trials
2026-01-20 16:50:52,255 - crypto_analysis.vectorbt_optimizer.parallel_runner - INFO - IOTA/MINUS_DI: score=0.0545, params={'timeperiod': 28, 'entry_constant': 20.39267165176812, 'exit_constant': 11.121352520708545}
2026-01-20 16:50:52,258 - crypto_analysis.vectorbt_optimizer.optimizer - INFO - Optimizing MINUS_DM: 26 combinations
2026-01-20 16:50:52,259 - crypto_analysis.vectorbt_optimizer.optimizer - INFO - Using grid sampler with 26 trials
2026-01-20 16:50:52,939 - crypto_analysis.vectorbt_optimizer.parallel_runner - INFO - IOTA/MINUS_DM: score=-0.9873, params={'timeperiod': 29}
2026-01-20 16:50:52,945 - crypto_analysis.vectorbt_optimizer.optimizer - INFO - Optimizing PLUS_DI: 14196 combinations
2026-01-20 16:50:52,947 - crypto_analysis.vectorbt_optimizer.optimizer - INFO - Using tpe sampler with 1000 trials
2026-01-20 16:51:00,591 - crypto_analysis.vectorbt_optimizer.parallel_runner - INFO - CHZ/MINUS_DI: score=0.5744, params={'timeperiod': 26, 'entry_constant': 27.318116143812237, 'exit_constant': 10.12546433588247}
2026-01-20 16:51:00,595 - crypto_analysis.vectorbt_optimizer.optimizer - INFO - Optimizing MINUS_DM: 26 combinations
2026-01-20 16:51:00,596 - crypto_analysis.vectorbt_optimizer.optimizer - INFO - Using grid sampler with 26 trials
2026-01-20 16:51:01,292 - crypto_analysis.vectorbt_optimizer.parallel_runner - INFO - CHZ/MINUS_DM: score=-0.9757, params={'timeperiod': 29}
2026-01-20 16:51:01,298 - crypto_analysis.vectorbt_optimizer.optimizer - INFO - Optimizing PLUS_DI: 14196 combinations
2026-01-20 16:51:01,299 - crypto_analysis.vectorbt_optimizer.optimizer - INFO - Using tpe sampler with 1000 trials
2026-01-20 16:51:06,660 - crypto_analysis.vectorbt_optimizer.parallel_runner - INFO - ICP/MINUS_DI: score=2.4771, params={'timeperiod': 21, 'entry_constant': 20.13056760502759, 'exit_constant': 12.160489595997298}
2026-01-20 16:51:06,662 - crypto_analysis.vectorbt_optimizer.optimizer - INFO - Optimizing MINUS_DM: 26 combinations
2026-01-20 16:51:06,663 - crypto_analysis.vectorbt_optimizer.optimizer - INFO - Using grid sampler with 26 trials
2026-01-20 16:51:07,344 - crypto_analysis.vectorbt_optimizer.parallel_runner - INFO - ICP/MINUS_DM: score=-0.9891, params={'timeperiod': 15}
2026-01-20 16:51:07,349 - crypto_analysis.vectorbt_optimizer.optimizer - INFO - Optimizing PLUS_DI: 14196 combinations
2026-01-20 16:51:07,350 - crypto_analysis.vectorbt_optimizer.optimizer - INFO - Using tpe sampler with 1000 trials
2026-01-20 16:51:07,376 - crypto_analysis.vectorbt_optimizer.parallel_runner - INFO - LDO/MINUS_DI: score=0.8982, params={'timeperiod': 26, 'entry_constant': 20.208673887794987, 'exit_constant': 14.67210164923499}
2026-01-20 16:51:07,379 - crypto_analysis.vectorbt_optimizer.optimizer - INFO - Optimizing MINUS_DM: 26 combinations
2026-01-20 16:51:07,380 - crypto_analysis.vectorbt_optimizer.optimizer - INFO - Using grid sampler with 26 trials
2026-01-20 16:51:07,460 - crypto_analysis.vectorbt_optimizer.parallel_runner - INFO - ONE/MINUS_DI: score=0.3131, params={'timeperiod': 29, 'entry_constant': 16.222661619229317, 'exit_constant': 10.868079225775602}
2026-01-20 16:51:07,463 - crypto_analysis.vectorbt_optimizer.optimizer - INFO - Optimizing MINUS_DM: 26 combinations
2026-01-20 16:51:07,463 - crypto_analysis.vectorbt_optimizer.optimizer - INFO - Using grid sampler with 26 trials
2026-01-20 16:51:08,008 - crypto_analysis.vectorbt_optimizer.parallel_runner - INFO - LDO/MINUS_DM: score=-0.9893, params={'timeperiod': 10}
2026-01-20 16:51:08,013 - crypto_analysis.vectorbt_optimizer.optimizer - INFO - Optimizing PLUS_DI: 14196 combinations
2026-01-20 16:51:08,015 - crypto_analysis.vectorbt_optimizer.optimizer - INFO - Using tpe sampler with 1000 trials
2026-01-20 16:51:08,209 - crypto_analysis.vectorbt_optimizer.parallel_runner - INFO - ZIL/MINUS_DI: score=0.1276, params={'timeperiod': 30, 'entry_constant': 25.95053956474581, 'exit_constant': 10.85204370506743}
2026-01-20 16:51:08,212 - crypto_analysis.vectorbt_optimizer.optimizer - INFO - Optimizing MINUS_DM: 26 combinations
2026-01-20 16:51:08,213 - crypto_analysis.vectorbt_optimizer.optimizer - INFO - Using grid sampler with 26 trials
2026-01-20 16:51:08,465 - crypto_analysis.vectorbt_optimizer.parallel_runner - INFO - ONE/MINUS_DM: score=-0.9915, params={'timeperiod': 24}
2026-01-20 16:51:08,470 - crypto_analysis.vectorbt_optimizer.optimizer - INFO - Optimizing PLUS_DI: 14196 combinations
2026-01-20 16:51:08,471 - crypto_analysis.vectorbt_optimizer.optimizer - INFO - Using tpe sampler with 1000 trials
2026-01-20 16:51:08,892 - crypto_analysis.vectorbt_optimizer.parallel_runner - INFO - ZIL/MINUS_DM: score=-0.9857, params={'timeperiod': 29}
2026-01-20 16:51:08,898 - crypto_analysis.vectorbt_optimizer.optimizer - INFO - Optimizing PLUS_DI: 14196 combinations
2026-01-20 16:51:08,899 - crypto_analysis.vectorbt_optimizer.optimizer - INFO - Using tpe sampler with 1000 trials
2026-01-20 16:51:30,448 - crypto_analysis.vectorbt_optimizer.parallel_runner - INFO - HBAR/PLUS_DI: score=0.6402, params={'timeperiod': 12, 'entry_constant': 38.834586342490816, 'exit_constant': 20.98588240426435}
2026-01-20 16:51:30,451 - crypto_analysis.vectorbt_optimizer.optimizer - INFO - Optimizing PLUS_DM: 26 combinations
2026-01-20 16:51:30,452 - crypto_analysis.vectorbt_optimizer.optimizer - INFO - Using grid sampler with 26 trials
2026-01-20 16:51:31,135 - crypto_analysis.vectorbt_optimizer.parallel_runner - INFO - HBAR/PLUS_DM: score=-0.9845, params={'timeperiod': 14}
2026-01-20 16:51:31,141 - crypto_analysis.vectorbt_optimizer.optimizer - INFO - Optimizing ROCP: 26 combinations
2026-01-20 16:51:31,142 - crypto_analysis.vectorbt_optimizer.optimizer - INFO - Using grid sampler with 26 trials
2026-01-20 16:51:32,197 - crypto_analysis.vectorbt_optimizer.parallel_runner - INFO - HBAR/ROCP: score=-0.3916, params={'timeperiod': 28}
2026-01-20 16:51:32,212 - crypto_analysis.vectorbt_optimizer.optimizer - INFO - Optimizing ROCR: 26 combinations
2026-01-20 16:51:32,212 - crypto_analysis.vectorbt_optimizer.optimizer - INFO - Using grid sampler with 26 trials
2026-01-20 16:51:32,795 - crypto_analysis.vectorbt_optimizer.parallel_runner - INFO - HBAR/ROCR: score=-0.5822, params={'timeperiod': 8, 'entry_constant': 1.0, 'exit_constant': 0.95}
2026-01-20 16:51:32,800 - crypto_analysis.vectorbt_optimizer.optimizer - INFO - Optimizing ROCR100: 936 combinations
2026-01-20 16:51:32,801 - crypto_analysis.vectorbt_optimizer.optimizer - INFO - Using tpe sampler with 1000 trials
2026-01-20 16:51:35,824 - crypto_analysis.vectorbt_optimizer.parallel_runner - INFO - FIL/PLUS_DI: score=0.5641, params={'timeperiod': 17, 'entry_constant': 39.996638804810075, 'exit_constant': 29.309824723544796}
2026-01-20 16:51:35,827 - crypto_analysis.vectorbt_optimizer.optimizer - INFO - Optimizing PLUS_DM: 26 combinations
2026-01-20 16:51:35,827 - crypto_analysis.vectorbt_optimizer.optimizer - INFO - Using grid sampler with 26 trials
2026-01-20 16:51:36,524 - crypto_analysis.vectorbt_optimizer.parallel_runner - INFO - FIL/PLUS_DM: score=-0.9797, params={'timeperiod': 30}
2026-01-20 16:51:36,530 - crypto_analysis.vectorbt_optimizer.optimizer - INFO - Optimizing ROCP: 26 combinations
2026-01-20 16:51:36,530 - crypto_analysis.vectorbt_optimizer.optimizer - INFO - Using grid sampler with 26 trials
2026-01-20 16:51:37,532 - crypto_analysis.vectorbt_optimizer.parallel_runner - INFO - FIL/ROCP: score=-0.3906, params={'timeperiod': 17}
2026-01-20 16:51:37,548 - crypto_analysis.vectorbt_optimizer.optimizer - INFO - Optimizing ROCR: 26 combinations
2026-01-20 16:51:37,548 - crypto_analysis.vectorbt_optimizer.optimizer - INFO - Using grid sampler with 26 trials
2026-01-20 16:51:38,147 - crypto_analysis.vectorbt_optimizer.parallel_runner - INFO - FIL/ROCR: score=-0.5481, params={'timeperiod': 30, 'entry_constant': 1.0, 'exit_constant': 0.95}
2026-01-20 16:51:38,151 - crypto_analysis.vectorbt_optimizer.optimizer - INFO - Optimizing ROCR100: 936 combinations
2026-01-20 16:51:38,153 - crypto_analysis.vectorbt_optimizer.optimizer - INFO - Using tpe sampler with 1000 trials
2026-01-20 16:51:40,230 - crypto_analysis.vectorbt_optimizer.parallel_runner - INFO - IOTA/PLUS_DI: score=0.4387, params={'timeperiod': 11, 'entry_constant': 38.4836814233296, 'exit_constant': 10.013179256995457}
2026-01-20 16:51:40,233 - crypto_analysis.vectorbt_optimizer.optimizer - INFO - Optimizing PLUS_DM: 26 combinations
2026-01-20 16:51:40,234 - crypto_analysis.vectorbt_optimizer.optimizer - INFO - Using grid sampler with 26 trials
2026-01-20 16:51:40,927 - crypto_analysis.vectorbt_optimizer.parallel_runner - INFO - IOTA/PLUS_DM: score=-0.9798, params={'timeperiod': 17}
2026-01-20 16:51:40,932 - crypto_analysis.vectorbt_optimizer.optimizer - INFO - Optimizing ROCP: 26 combinations
2026-01-20 16:51:40,933 - crypto_analysis.vectorbt_optimizer.optimizer - INFO - Using grid sampler with 26 trials
2026-01-20 16:51:41,925 - crypto_analysis.vectorbt_optimizer.parallel_runner - INFO - IOTA/ROCP: score=-0.6293, params={'timeperiod': 18}
2026-01-20 16:51:41,939 - crypto_analysis.vectorbt_optimizer.optimizer - INFO - Optimizing ROCR: 26 combinations
2026-01-20 16:51:41,940 - crypto_analysis.vectorbt_optimizer.optimizer - INFO - Using grid sampler with 26 trials
2026-01-20 16:51:42,516 - crypto_analysis.vectorbt_optimizer.parallel_runner - INFO - IOTA/ROCR: score=-0.5148, params={'timeperiod': 30, 'entry_constant': 1.0, 'exit_constant': 0.95}
2026-01-20 16:51:42,520 - crypto_analysis.vectorbt_optimizer.optimizer - INFO - Optimizing ROCR100: 936 combinations
2026-01-20 16:51:42,522 - crypto_analysis.vectorbt_optimizer.optimizer - INFO - Using tpe sampler with 1000 trials
2026-01-20 16:51:49,664 - crypto_analysis.vectorbt_optimizer.parallel_runner - INFO - CHZ/PLUS_DI: score=0.8679, params={'timeperiod': 29, 'entry_constant': 34.54473546937467, 'exit_constant': 11.796772551226345}
2026-01-20 16:51:49,667 - crypto_analysis.vectorbt_optimizer.optimizer - INFO - Optimizing PLUS_DM: 26 combinations
2026-01-20 16:51:49,668 - crypto_analysis.vectorbt_optimizer.optimizer - INFO - Using grid sampler with 26 trials
2026-01-20 16:51:50,350 - crypto_analysis.vectorbt_optimizer.parallel_runner - INFO - CHZ/PLUS_DM: score=-0.9766, params={'timeperiod': 28}
2026-01-20 16:51:50,356 - crypto_analysis.vectorbt_optimizer.optimizer - INFO - Optimizing ROCP: 26 combinations
2026-01-20 16:51:50,357 - crypto_analysis.vectorbt_optimizer.optimizer - INFO - Using grid sampler with 26 trials
2026-01-20 16:51:51,415 - crypto_analysis.vectorbt_optimizer.parallel_runner - INFO - CHZ/ROCP: score=-0.4461, params={'timeperiod': 17}
2026-01-20 16:51:51,428 - crypto_analysis.vectorbt_optimizer.optimizer - INFO - Optimizing ROCR: 26 combinations
2026-01-20 16:51:51,428 - crypto_analysis.vectorbt_optimizer.optimizer - INFO - Using grid sampler with 26 trials
2026-01-20 16:51:52,041 - crypto_analysis.vectorbt_optimizer.parallel_runner - INFO - CHZ/ROCR: score=-0.3164, params={'timeperiod': 7, 'entry_constant': 1.0, 'exit_constant': 0.95}
2026-01-20 16:51:52,046 - crypto_analysis.vectorbt_optimizer.optimizer - INFO - Optimizing ROCR100: 936 combinations
2026-01-20 16:51:52,048 - crypto_analysis.vectorbt_optimizer.optimizer - INFO - Using tpe sampler with 1000 trials
2026-01-20 16:51:54,873 - crypto_analysis.vectorbt_optimizer.parallel_runner - INFO - ICP/PLUS_DI: score=1.5452, params={'timeperiod': 22, 'entry_constant': 36.28324164300044, 'exit_constant': 18.016357430838664}
2026-01-20 16:51:54,876 - crypto_analysis.vectorbt_optimizer.optimizer - INFO - Optimizing PLUS_DM: 26 combinations
2026-01-20 16:51:54,876 - crypto_analysis.vectorbt_optimizer.optimizer - INFO - Using grid sampler with 26 trials
2026-01-20 16:51:55,545 - crypto_analysis.vectorbt_optimizer.parallel_runner - INFO - LDO/PLUS_DI: score=0.8460, params={'timeperiod': 26, 'entry_constant': 37.758243782662966, 'exit_constant': 24.673260742445425}
2026-01-20 16:51:55,548 - crypto_analysis.vectorbt_optimizer.optimizer - INFO - Optimizing PLUS_DM: 26 combinations
2026-01-20 16:51:55,549 - crypto_analysis.vectorbt_optimizer.optimizer - INFO - Using grid sampler with 26 trials
2026-01-20 16:51:55,572 - crypto_analysis.vectorbt_optimizer.parallel_runner - INFO - ICP/PLUS_DM: score=-0.9938, params={'timeperiod': 27}
2026-01-20 16:51:55,578 - crypto_analysis.vectorbt_optimizer.optimizer - INFO - Optimizing ROCP: 26 combinations
2026-01-20 16:51:55,579 - crypto_analysis.vectorbt_optimizer.optimizer - INFO - Using grid sampler with 26 trials
2026-01-20 16:51:55,826 - crypto_analysis.vectorbt_optimizer.parallel_runner - INFO - ONE/PLUS_DI: score=0.1427, params={'timeperiod': 7, 'entry_constant': 39.50608952551904, 'exit_constant': 21.96884633226531}
2026-01-20 16:51:55,829 - crypto_analysis.vectorbt_optimizer.optimizer - INFO - Optimizing PLUS_DM: 26 combinations
2026-01-20 16:51:55,829 - crypto_analysis.vectorbt_optimizer.optimizer - INFO - Using grid sampler with 26 trials
2026-01-20 16:51:56,202 - crypto_analysis.vectorbt_optimizer.parallel_runner - INFO - LDO/PLUS_DM: score=-0.9817, params={'timeperiod': 27}
2026-01-20 16:51:56,208 - crypto_analysis.vectorbt_optimizer.optimizer - INFO - Optimizing ROCP: 26 combinations
2026-01-20 16:51:56,208 - crypto_analysis.vectorbt_optimizer.optimizer - INFO - Using grid sampler with 26 trials
2026-01-20 16:51:56,481 - crypto_analysis.vectorbt_optimizer.parallel_runner - INFO - ONE/PLUS_DM: score=-0.9779, params={'timeperiod': 20}
2026-01-20 16:51:56,486 - crypto_analysis.vectorbt_optimizer.optimizer - INFO - Optimizing ROCP: 26 combinations
2026-01-20 16:51:56,487 - crypto_analysis.vectorbt_optimizer.optimizer - INFO - Using grid sampler with 26 trials
2026-01-20 16:51:56,529 - crypto_analysis.vectorbt_optimizer.parallel_runner - INFO - ICP/ROCP: score=-0.4917, params={'timeperiod': 20}
2026-01-20 16:51:56,543 - crypto_analysis.vectorbt_optimizer.optimizer - INFO - Optimizing ROCR: 26 combinations
2026-01-20 16:51:56,544 - crypto_analysis.vectorbt_optimizer.optimizer - INFO - Using grid sampler with 26 trials
2026-01-20 16:51:57,121 - crypto_analysis.vectorbt_optimizer.parallel_runner - INFO - ICP/ROCR: score=-0.6272, params={'timeperiod': 19, 'entry_constant': 1.0, 'exit_constant': 0.95}
2026-01-20 16:51:57,125 - crypto_analysis.vectorbt_optimizer.optimizer - INFO - Optimizing ROCR100: 936 combinations
2026-01-20 16:51:57,126 - crypto_analysis.vectorbt_optimizer.optimizer - INFO - Using tpe sampler with 1000 trials
2026-01-20 16:51:57,183 - crypto_analysis.vectorbt_optimizer.parallel_runner - INFO - LDO/ROCP: score=-0.5895, params={'timeperiod': 27}
2026-01-20 16:51:57,197 - crypto_analysis.vectorbt_optimizer.optimizer - INFO - Optimizing ROCR: 26 combinations
2026-01-20 16:51:57,197 - crypto_analysis.vectorbt_optimizer.optimizer - INFO - Using grid sampler with 26 trials
2026-01-20 16:51:57,497 - crypto_analysis.vectorbt_optimizer.parallel_runner - INFO - ONE/ROCP: score=-0.6812, params={'timeperiod': 27}
2026-01-20 16:51:57,511 - crypto_analysis.vectorbt_optimizer.optimizer - INFO - Optimizing ROCR: 26 combinations
2026-01-20 16:51:57,512 - crypto_analysis.vectorbt_optimizer.optimizer - INFO - Using grid sampler with 26 trials
2026-01-20 16:51:57,664 - crypto_analysis.vectorbt_optimizer.parallel_runner - INFO - ZIL/PLUS_DI: score=0.2056, params={'timeperiod': 28, 'entry_constant': 36.696385484918956, 'exit_constant': 17.736506628338415}
2026-01-20 16:51:57,667 - crypto_analysis.vectorbt_optimizer.optimizer - INFO - Optimizing PLUS_DM: 26 combinations
2026-01-20 16:51:57,667 - crypto_analysis.vectorbt_optimizer.optimizer - INFO - Using grid sampler with 26 trials
2026-01-20 16:51:57,773 - crypto_analysis.vectorbt_optimizer.parallel_runner - INFO - LDO/ROCR: score=-0.3246, params={'timeperiod': 14, 'entry_constant': 1.0, 'exit_constant': 0.95}
2026-01-20 16:51:57,777 - crypto_analysis.vectorbt_optimizer.optimizer - INFO - Optimizing ROCR100: 936 combinations
2026-01-20 16:51:57,779 - crypto_analysis.vectorbt_optimizer.optimizer - INFO - Using tpe sampler with 1000 trials
2026-01-20 16:51:58,056 - crypto_analysis.vectorbt_optimizer.parallel_runner - INFO - ONE/ROCR: score=-0.6753, params={'timeperiod': 16, 'entry_constant': 1.0, 'exit_constant': 0.95}
2026-01-20 16:51:58,059 - crypto_analysis.vectorbt_optimizer.optimizer - INFO - Optimizing ROCR100: 936 combinations
2026-01-20 16:51:58,061 - crypto_analysis.vectorbt_optimizer.optimizer - INFO - Using tpe sampler with 1000 trials
2026-01-20 16:51:58,344 - crypto_analysis.vectorbt_optimizer.parallel_runner - INFO - ZIL/PLUS_DM: score=-0.9803, params={'timeperiod': 30}
2026-01-20 16:51:58,350 - crypto_analysis.vectorbt_optimizer.optimizer - INFO - Optimizing ROCP: 26 combinations
2026-01-20 16:51:58,350 - crypto_analysis.vectorbt_optimizer.optimizer - INFO - Using grid sampler with 26 trials
2026-01-20 16:51:59,326 - crypto_analysis.vectorbt_optimizer.parallel_runner - INFO - ZIL/ROCP: score=-0.7552, params={'timeperiod': 8}
2026-01-20 16:51:59,342 - crypto_analysis.vectorbt_optimizer.optimizer - INFO - Optimizing ROCR: 26 combinations
2026-01-20 16:51:59,343 - crypto_analysis.vectorbt_optimizer.optimizer - INFO - Using grid sampler with 26 trials
2026-01-20 16:51:59,927 - crypto_analysis.vectorbt_optimizer.parallel_runner - INFO - ZIL/ROCR: score=-0.6844, params={'timeperiod': 16, 'entry_constant': 1.0, 'exit_constant': 0.95}
2026-01-20 16:51:59,931 - crypto_analysis.vectorbt_optimizer.optimizer - INFO - Optimizing ROCR100: 936 combinations
2026-01-20 16:51:59,932 - crypto_analysis.vectorbt_optimizer.optimizer - INFO - Using tpe sampler with 1000 trials
2026-01-20 16:52:19,333 - crypto_analysis.vectorbt_optimizer.parallel_runner - INFO - HBAR/ROCR100: score=1.0866, params={'timeperiod': 5, 'entry_constant': 104.54712221343502, 'exit_constant': 95.53699822767285}
2026-01-20 16:52:19,335 - crypto_analysis.vectorbt_optimizer.optimizer - INFO - Optimizing STOCHF: 26460 combinations
2026-01-20 16:52:19,336 - crypto_analysis.vectorbt_optimizer.optimizer - INFO - Using tpe sampler with 1000 trials
2026-01-20 16:52:24,503 - crypto_analysis.vectorbt_optimizer.parallel_runner - INFO - FIL/ROCR100: score=0.7149, params={'timeperiod': 12, 'entry_constant': 101.95659838322639, 'exit_constant': 97.38465249223955}
2026-01-20 16:52:24,505 - crypto_analysis.vectorbt_optimizer.optimizer - INFO - Optimizing STOCHF: 26460 combinations
2026-01-20 16:52:24,506 - crypto_analysis.vectorbt_optimizer.optimizer - INFO - Using tpe sampler with 1000 trials
2026-01-20 16:52:29,604 - crypto_analysis.vectorbt_optimizer.parallel_runner - INFO - IOTA/ROCR100: score=0.9980, params={'timeperiod': 10, 'entry_constant': 104.27409714526614, 'exit_constant': 97.19314374254449}
2026-01-20 16:52:29,608 - crypto_analysis.vectorbt_optimizer.optimizer - INFO - Optimizing STOCHF: 26460 combinations
2026-01-20 16:52:29,608 - crypto_analysis.vectorbt_optimizer.optimizer - INFO - Using tpe sampler with 1000 trials
2026-01-20 16:52:39,285 - crypto_analysis.vectorbt_optimizer.parallel_runner - INFO - CHZ/ROCR100: score=0.3823, params={'timeperiod': 6, 'entry_constant': 104.46925344199417, 'exit_constant': 96.98413946390983}
2026-01-20 16:52:39,288 - crypto_analysis.vectorbt_optimizer.optimizer - INFO - Optimizing STOCHF: 26460 combinations
2026-01-20 16:52:39,289 - crypto_analysis.vectorbt_optimizer.optimizer - INFO - Using tpe sampler with 1000 trials
2026-01-20 16:52:44,379 - crypto_analysis.vectorbt_optimizer.parallel_runner - INFO - ICP/ROCR100: score=0.9766, params={'timeperiod': 5, 'entry_constant': 104.99996423057115, 'exit_constant': 97.41663940395222}
2026-01-20 16:52:44,381 - crypto_analysis.vectorbt_optimizer.optimizer - INFO - Optimizing STOCHF: 26460 combinations
2026-01-20 16:52:44,382 - crypto_analysis.vectorbt_optimizer.optimizer - INFO - Using tpe sampler with 1000 trials
2026-01-20 16:52:44,510 - crypto_analysis.vectorbt_optimizer.parallel_runner - INFO - ONE/ROCR100: score=-0.0264, params={'timeperiod': 12, 'entry_constant': 104.88231235246961, 'exit_constant': 99.73378548151979}
2026-01-20 16:52:44,513 - crypto_analysis.vectorbt_optimizer.optimizer - INFO - Optimizing STOCHF: 26460 combinations
2026-01-20 16:52:44,513 - crypto_analysis.vectorbt_optimizer.optimizer - INFO - Using tpe sampler with 1000 trials
2026-01-20 16:52:44,731 - crypto_analysis.vectorbt_optimizer.parallel_runner - INFO - LDO/ROCR100: score=0.9057, params={'timeperiod': 13, 'entry_constant': 103.83417708316234, 'exit_constant': 97.14669602443033}
2026-01-20 16:52:44,734 - crypto_analysis.vectorbt_optimizer.optimizer - INFO - Optimizing STOCHF: 26460 combinations
2026-01-20 16:52:44,736 - crypto_analysis.vectorbt_optimizer.optimizer - INFO - Using tpe sampler with 1000 trials
2026-01-20 16:52:48,068 - crypto_analysis.vectorbt_optimizer.parallel_runner - INFO - ZIL/ROCR100: score=-0.0586, params={'timeperiod': 13, 'entry_constant': 104.62564405804392, 'exit_constant': 99.99992037250236}
2026-01-20 16:52:48,071 - crypto_analysis.vectorbt_optimizer.optimizer - INFO - Optimizing STOCHF: 26460 combinations
2026-01-20 16:52:48,072 - crypto_analysis.vectorbt_optimizer.optimizer - INFO - Using tpe sampler with 1000 trials
2026-01-20 16:53:16,657 - crypto_analysis.vectorbt_optimizer.parallel_runner - INFO - HBAR/STOCHF: score=-0.2348, params={'fastk_period': 3, 'fastd_period': 5, 'entry_constant': 13.115203946102119, 'exit_constant': 87.55433637217817}
2026-01-20 16:53:16,662 - crypto_analysis.vectorbt_optimizer.optimizer - INFO - Optimizing SMA: 9168 combinations
2026-01-20 16:53:16,662 - crypto_analysis.vectorbt_optimizer.optimizer - INFO - Using tpe sampler with 1000 trials
2026-01-20 16:53:21,635 - crypto_analysis.vectorbt_optimizer.parallel_runner - INFO - FIL/STOCHF: score=-0.4606, params={'fastk_period': 9, 'fastd_period': 1, 'entry_constant': 10.012875538955656, 'exit_constant': 70.40257475304317}
2026-01-20 16:53:21,639 - crypto_analysis.vectorbt_optimizer.optimizer - INFO - Optimizing SMA: 9168 combinations
2026-01-20 16:53:21,640 - crypto_analysis.vectorbt_optimizer.optimizer - INFO - Using tpe sampler with 1000 trials
2026-01-20 16:53:26,743 - crypto_analysis.vectorbt_optimizer.parallel_runner - INFO - IOTA/STOCHF: score=0.7526, params={'fastk_period': 5, 'fastd_period': 3, 'entry_constant': 14.206020205520748, 'exit_constant': 88.36353652184263}
2026-01-20 16:53:26,747 - crypto_analysis.vectorbt_optimizer.optimizer - INFO - Optimizing SMA: 9168 combinations
2026-01-20 16:53:26,748 - crypto_analysis.vectorbt_optimizer.optimizer - INFO - Using tpe sampler with 1000 trials
2026-01-20 16:53:37,792 - crypto_analysis.vectorbt_optimizer.parallel_runner - INFO - CHZ/STOCHF: score=0.0041, params={'fastk_period': 10, 'fastd_period': 2, 'entry_constant': 25.68029894862836, 'exit_constant': 83.72625770770834}
2026-01-20 16:53:37,797 - crypto_analysis.vectorbt_optimizer.optimizer - INFO - Optimizing SMA: 9168 combinations
2026-01-20 16:53:37,798 - crypto_analysis.vectorbt_optimizer.optimizer - INFO - Using tpe sampler with 1000 trials
2026-01-20 16:53:42,352 - crypto_analysis.vectorbt_optimizer.parallel_runner - INFO - ICP/STOCHF: score=-0.1802, params={'fastk_period': 14, 'fastd_period': 4, 'entry_constant': 10.005278193375245, 'exit_constant': 87.09290284542631}
2026-01-20 16:53:42,356 - crypto_analysis.vectorbt_optimizer.optimizer - INFO - Optimizing SMA: 9168 combinations
2026-01-20 16:53:42,356 - crypto_analysis.vectorbt_optimizer.optimizer - INFO - Using tpe sampler with 1000 trials
2026-01-20 16:53:42,374 - crypto_analysis.vectorbt_optimizer.parallel_runner - INFO - LDO/STOCHF: score=-0.2789, params={'fastk_period': 12, 'fastd_period': 1, 'entry_constant': 10.291423388997778, 'exit_constant': 77.04356059722966}
2026-01-20 16:53:42,378 - crypto_analysis.vectorbt_optimizer.optimizer - INFO - Optimizing SMA: 9168 combinations
2026-01-20 16:53:42,379 - crypto_analysis.vectorbt_optimizer.optimizer - INFO - Using tpe sampler with 1000 trials
2026-01-20 16:53:42,941 - crypto_analysis.vectorbt_optimizer.parallel_runner - INFO - ONE/STOCHF: score=-0.6086, params={'fastk_period': 11, 'fastd_period': 5, 'entry_constant': 10.560010339917747, 'exit_constant': 73.80048324675504}
2026-01-20 16:53:42,946 - crypto_analysis.vectorbt_optimizer.optimizer - INFO - Optimizing SMA: 9168 combinations
2026-01-20 16:53:42,946 - crypto_analysis.vectorbt_optimizer.optimizer - INFO - Using tpe sampler with 1000 trials
2026-01-20 16:53:47,074 - crypto_analysis.vectorbt_optimizer.parallel_runner - INFO - ZIL/STOCHF: score=-0.3519, params={'fastk_period': 14, 'fastd_period': 1, 'entry_constant': 10.992826470577148, 'exit_constant': 75.96169277342766}
2026-01-20 16:53:47,079 - crypto_analysis.vectorbt_optimizer.optimizer - INFO - Optimizing SMA: 9168 combinations
2026-01-20 16:53:47,080 - crypto_analysis.vectorbt_optimizer.optimizer - INFO - Using tpe sampler with 1000 trials
2026-01-20 16:54:00,432 - crypto_analysis.vectorbt_optimizer.parallel_runner - INFO - HBAR/SMA: score=0.1455, params={'fast_period': 29, 'slow_period': 89}
2026-01-20 16:54:00,436 - crypto_analysis.vectorbt_optimizer.optimizer - INFO - Optimizing EMA: 9168 combinations
2026-01-20 16:54:00,437 - crypto_analysis.vectorbt_optimizer.optimizer - INFO - Using tpe sampler with 1000 trials
2026-01-20 16:54:06,162 - crypto_analysis.vectorbt_optimizer.parallel_runner - INFO - FIL/SMA: score=0.2238, params={'fast_period': 4, 'slow_period': 21}
2026-01-20 16:54:06,166 - crypto_analysis.vectorbt_optimizer.optimizer - INFO - Optimizing EMA: 9168 combinations
2026-01-20 16:54:06,167 - crypto_analysis.vectorbt_optimizer.optimizer - INFO - Using tpe sampler with 1000 trials
2026-01-20 16:54:11,306 - crypto_analysis.vectorbt_optimizer.parallel_runner - INFO - IOTA/SMA: score=-0.1265, params={'fast_period': 37, 'slow_period': 173}
2026-01-20 16:54:11,311 - crypto_analysis.vectorbt_optimizer.optimizer - INFO - Optimizing EMA: 9168 combinations
2026-01-20 16:54:11,311 - crypto_analysis.vectorbt_optimizer.optimizer - INFO - Using tpe sampler with 1000 trials
2026-01-20 16:54:21,956 - crypto_analysis.vectorbt_optimizer.parallel_runner - INFO - CHZ/SMA: score=0.0411, params={'fast_period': 6, 'slow_period': 93}
2026-01-20 16:54:21,961 - crypto_analysis.vectorbt_optimizer.optimizer - INFO - Optimizing EMA: 9168 combinations
2026-01-20 16:54:21,962 - crypto_analysis.vectorbt_optimizer.optimizer - INFO - Using tpe sampler with 1000 trials
2026-01-20 16:54:26,526 - crypto_analysis.vectorbt_optimizer.parallel_runner - INFO - ICP/SMA: score=0.6558, params={'fast_period': 43, 'slow_period': 54}
2026-01-20 16:54:26,531 - crypto_analysis.vectorbt_optimizer.optimizer - INFO - Optimizing EMA: 9168 combinations
2026-01-20 16:54:26,532 - crypto_analysis.vectorbt_optimizer.optimizer - INFO - Using tpe sampler with 1000 trials
2026-01-20 16:54:26,835 - crypto_analysis.vectorbt_optimizer.parallel_runner - INFO - LDO/SMA: score=0.1666, params={'fast_period': 10, 'slow_period': 72}
2026-01-20 16:54:26,839 - crypto_analysis.vectorbt_optimizer.optimizer - INFO - Optimizing EMA: 9168 combinations
2026-01-20 16:54:26,840 - crypto_analysis.vectorbt_optimizer.optimizer - INFO - Using tpe sampler with 1000 trials
2026-01-20 16:54:28,245 - crypto_analysis.vectorbt_optimizer.parallel_runner - INFO - ONE/SMA: score=0.0000, params={'fast_period': 23, 'slow_period': 23}
2026-01-20 16:54:28,250 - crypto_analysis.vectorbt_optimizer.optimizer - INFO - Optimizing EMA: 9168 combinations
2026-01-20 16:54:28,251 - crypto_analysis.vectorbt_optimizer.optimizer - INFO - Using tpe sampler with 1000 trials
2026-01-20 16:54:33,930 - crypto_analysis.vectorbt_optimizer.parallel_runner - INFO - ZIL/SMA: score=0.0065, params={'fast_period': 32, 'slow_period': 21}
2026-01-20 16:54:33,935 - crypto_analysis.vectorbt_optimizer.optimizer - INFO - Optimizing EMA: 9168 combinations
2026-01-20 16:54:33,936 - crypto_analysis.vectorbt_optimizer.optimizer - INFO - Using tpe sampler with 1000 trials
2026-01-20 16:54:43,756 - crypto_analysis.vectorbt_optimizer.parallel_runner - INFO - HBAR/EMA: score=0.0854, params={'fast_period': 31, 'slow_period': 119}
2026-01-20 16:54:43,761 - crypto_analysis.vectorbt_optimizer.optimizer - INFO - Optimizing DEMA: 96 combinations
2026-01-20 16:54:43,761 - crypto_analysis.vectorbt_optimizer.optimizer - INFO - Using grid sampler with 96 trials
2026-01-20 16:54:49,258 - crypto_analysis.vectorbt_optimizer.parallel_runner - INFO - HBAR/DEMA: score=-0.5753, params={'timeperiod': 88}
2026-01-20 16:54:49,263 - crypto_analysis.vectorbt_optimizer.optimizer - INFO - Optimizing TEMA: 96 combinations
2026-01-20 16:54:49,264 - crypto_analysis.vectorbt_optimizer.optimizer - INFO - Using grid sampler with 96 trials
2026-01-20 16:54:51,855 - crypto_analysis.vectorbt_optimizer.parallel_runner - INFO - FIL/EMA: score=0.0000, params={'fast_period': 18, 'slow_period': 18}
2026-01-20 16:54:51,861 - crypto_analysis.vectorbt_optimizer.optimizer - INFO - Optimizing DEMA: 96 combinations
2026-01-20 16:54:51,862 - crypto_analysis.vectorbt_optimizer.optimizer - INFO - Using grid sampler with 96 trials
2026-01-20 16:54:54,408 - crypto_analysis.vectorbt_optimizer.parallel_runner - INFO - HBAR/TEMA: score=-0.5985, params={'timeperiod': 100}
2026-01-20 16:54:54,414 - crypto_analysis.vectorbt_optimizer.optimizer - INFO - Optimizing KAMA: 26 combinations
2026-01-20 16:54:54,415 - crypto_analysis.vectorbt_optimizer.optimizer - INFO - Using grid sampler with 26 trials
2026-01-20 16:54:54,526 - crypto_analysis.vectorbt_optimizer.parallel_runner - INFO - IOTA/EMA: score=-0.2807, params={'fast_period': 25, 'slow_period': 107}
2026-01-20 16:54:54,531 - crypto_analysis.vectorbt_optimizer.optimizer - INFO - Optimizing DEMA: 96 combinations
2026-01-20 16:54:54,531 - crypto_analysis.vectorbt_optimizer.optimizer - INFO - Using grid sampler with 96 trials
2026-01-20 16:54:55,007 - crypto_analysis.vectorbt_optimizer.parallel_runner - INFO - HBAR/KAMA: score=-0.7074, params={'timeperiod': 15}
2026-01-20 16:54:55,013 - crypto_analysis.vectorbt_optimizer.optimizer - INFO - Optimizing WMA: 96 combinations
2026-01-20 16:54:55,014 - crypto_analysis.vectorbt_optimizer.optimizer - INFO - Using grid sampler with 96 trials
2026-01-20 16:54:56,855 - crypto_analysis.vectorbt_optimizer.parallel_runner - INFO - FIL/DEMA: score=-0.4403, params={'timeperiod': 47}
2026-01-20 16:54:56,860 - crypto_analysis.vectorbt_optimizer.optimizer - INFO - Optimizing TEMA: 96 combinations
2026-01-20 16:54:56,861 - crypto_analysis.vectorbt_optimizer.optimizer - INFO - Using grid sampler with 96 trials
2026-01-20 16:54:59,473 - crypto_analysis.vectorbt_optimizer.parallel_runner - INFO - IOTA/DEMA: score=-0.7277, params={'timeperiod': 84}
2026-01-20 16:54:59,479 - crypto_analysis.vectorbt_optimizer.optimizer - INFO - Optimizing TEMA: 96 combinations
2026-01-20 16:54:59,479 - crypto_analysis.vectorbt_optimizer.optimizer - INFO - Using grid sampler with 96 trials
2026-01-20 16:55:00,025 - crypto_analysis.vectorbt_optimizer.parallel_runner - INFO - HBAR/WMA: score=-0.4799, params={'timeperiod': 55}
2026-01-20 16:55:00,030 - crypto_analysis.vectorbt_optimizer.optimizer - INFO - Optimizing TRIMA: 96 combinations
2026-01-20 16:55:00,031 - crypto_analysis.vectorbt_optimizer.optimizer - INFO - Using grid sampler with 96 trials
2026-01-20 16:55:01,936 - crypto_analysis.vectorbt_optimizer.parallel_runner - INFO - FIL/TEMA: score=-0.1415, params={'timeperiod': 72}
2026-01-20 16:55:01,941 - crypto_analysis.vectorbt_optimizer.optimizer - INFO - Optimizing KAMA: 26 combinations
2026-01-20 16:55:01,941 - crypto_analysis.vectorbt_optimizer.optimizer - INFO - Using grid sampler with 26 trials
2026-01-20 16:55:02,548 - crypto_analysis.vectorbt_optimizer.parallel_runner - INFO - FIL/KAMA: score=-0.6357, params={'timeperiod': 24}
2026-01-20 16:55:02,554 - crypto_analysis.vectorbt_optimizer.optimizer - INFO - Optimizing WMA: 96 combinations
2026-01-20 16:55:02,554 - crypto_analysis.vectorbt_optimizer.optimizer - INFO - Using grid sampler with 96 trials
2026-01-20 16:55:04,415 - crypto_analysis.vectorbt_optimizer.parallel_runner - INFO - IOTA/TEMA: score=-0.8286, params={'timeperiod': 98}
2026-01-20 16:55:04,421 - crypto_analysis.vectorbt_optimizer.optimizer - INFO - Optimizing KAMA: 26 combinations
2026-01-20 16:55:04,422 - crypto_analysis.vectorbt_optimizer.optimizer - INFO - Using grid sampler with 26 trials
2026-01-20 16:55:04,845 - crypto_analysis.vectorbt_optimizer.parallel_runner - INFO - HBAR/TRIMA: score=-0.3478, params={'timeperiod': 42}
2026-01-20 16:55:04,850 - crypto_analysis.vectorbt_optimizer.optimizer - INFO - Optimizing T3: 46 combinations
2026-01-20 16:55:04,851 - crypto_analysis.vectorbt_optimizer.optimizer - INFO - Using grid sampler with 46 trials
2026-01-20 16:55:05,082 - crypto_analysis.vectorbt_optimizer.parallel_runner - INFO - IOTA/KAMA: score=-0.7904, params={'timeperiod': 25}
2026-01-20 16:55:05,088 - crypto_analysis.vectorbt_optimizer.optimizer - INFO - Optimizing WMA: 96 combinations
2026-01-20 16:55:05,089 - crypto_analysis.vectorbt_optimizer.optimizer - INFO - Using grid sampler with 96 trials
2026-01-20 16:55:06,049 - crypto_analysis.vectorbt_optimizer.parallel_runner - INFO - HBAR/T3: score=-0.3994, params={'timeperiod': 24, 'vfactor': 1.0}
2026-01-20 16:55:06,054 - crypto_analysis.vectorbt_optimizer.optimizer - INFO - Optimizing SAR: 1 combinations
2026-01-20 16:55:06,055 - crypto_analysis.vectorbt_optimizer.optimizer - INFO - Using grid sampler with 1 trials
2026-01-20 16:55:06,105 - crypto_analysis.vectorbt_optimizer.parallel_runner - INFO - HBAR/SAR: score=-0.1933, params={'acceleration': 0.01, 'maximum': 0.1}
2026-01-20 16:55:06,109 - crypto_analysis.vectorbt_optimizer.optimizer - INFO - Optimizing BBANDS: 369 combinations
2026-01-20 16:55:06,110 - crypto_analysis.vectorbt_optimizer.optimizer - INFO - Using grid sampler with 369 trials
2026-01-20 16:55:06,142 - crypto_analysis.vectorbt_optimizer.parallel_runner - INFO - CHZ/EMA: score=0.0745, params={'fast_period': 10, 'slow_period': 90}
2026-01-20 16:55:06,147 - crypto_analysis.vectorbt_optimizer.optimizer - INFO - Optimizing DEMA: 96 combinations
2026-01-20 16:55:06,148 - crypto_analysis.vectorbt_optimizer.optimizer - INFO - Using grid sampler with 96 trials
2026-01-20 16:55:07,457 - crypto_analysis.vectorbt_optimizer.parallel_runner - INFO - FIL/WMA: score=-0.4646, params={'timeperiod': 95}
2026-01-20 16:55:07,462 - crypto_analysis.vectorbt_optimizer.optimizer - INFO - Optimizing TRIMA: 96 combinations
2026-01-20 16:55:07,463 - crypto_analysis.vectorbt_optimizer.optimizer - INFO - Using grid sampler with 96 trials
2026-01-20 16:55:10,253 - crypto_analysis.vectorbt_optimizer.parallel_runner - INFO - IOTA/WMA: score=-0.6693, params={'timeperiod': 91}
2026-01-20 16:55:10,259 - crypto_analysis.vectorbt_optimizer.optimizer - INFO - Optimizing TRIMA: 96 combinations
2026-01-20 16:55:10,259 - crypto_analysis.vectorbt_optimizer.optimizer - INFO - Using grid sampler with 96 trials
2026-01-20 16:55:10,667 - crypto_analysis.vectorbt_optimizer.parallel_runner - INFO - ICP/EMA: score=0.2512, params={'fast_period': 20, 'slow_period': 121}
2026-01-20 16:55:10,672 - crypto_analysis.vectorbt_optimizer.optimizer - INFO - Optimizing DEMA: 96 combinations
2026-01-20 16:55:10,673 - crypto_analysis.vectorbt_optimizer.optimizer - INFO - Using grid sampler with 96 trials
2026-01-20 16:55:11,350 - crypto_analysis.vectorbt_optimizer.parallel_runner - INFO - CHZ/DEMA: score=-0.5471, params={'timeperiod': 73}
2026-01-20 16:55:11,355 - crypto_analysis.vectorbt_optimizer.optimizer - INFO - Optimizing TEMA: 96 combinations
2026-01-20 16:55:11,356 - crypto_analysis.vectorbt_optimizer.optimizer - INFO - Using grid sampler with 96 trials
2026-01-20 16:55:11,730 - crypto_analysis.vectorbt_optimizer.parallel_runner - INFO - LDO/EMA: score=0.0000, params={'fast_period': 40, 'slow_period': 40}
2026-01-20 16:55:11,735 - crypto_analysis.vectorbt_optimizer.optimizer - INFO - Optimizing DEMA: 96 combinations
2026-01-20 16:55:11,735 - crypto_analysis.vectorbt_optimizer.optimizer - INFO - Using grid sampler with 96 trials
2026-01-20 16:55:12,669 - crypto_analysis.vectorbt_optimizer.parallel_runner - INFO - FIL/TRIMA: score=-0.3828, params={'timeperiod': 26}
2026-01-20 16:55:12,675 - crypto_analysis.vectorbt_optimizer.optimizer - INFO - Optimizing T3: 46 combinations
2026-01-20 16:55:12,675 - crypto_analysis.vectorbt_optimizer.optimizer - INFO - Using grid sampler with 46 trials
2026-01-20 16:55:12,871 - crypto_analysis.vectorbt_optimizer.parallel_runner - INFO - ONE/EMA: score=-0.3958, params={'fast_period': 6, 'slow_period': 139}
2026-01-20 16:55:12,876 - crypto_analysis.vectorbt_optimizer.optimizer - INFO - Optimizing DEMA: 96 combinations
2026-01-20 16:55:12,876 - crypto_analysis.vectorbt_optimizer.optimizer - INFO - Using grid sampler with 96 trials
2026-01-20 16:55:13,853 - crypto_analysis.vectorbt_optimizer.parallel_runner - INFO - FIL/T3: score=-0.1989, params={'timeperiod': 18, 'vfactor': 1.0}
2026-01-20 16:55:13,858 - crypto_analysis.vectorbt_optimizer.optimizer - INFO - Optimizing SAR: 1 combinations
2026-01-20 16:55:13,859 - crypto_analysis.vectorbt_optimizer.optimizer - INFO - Using grid sampler with 1 trials
2026-01-20 16:55:13,904 - crypto_analysis.vectorbt_optimizer.parallel_runner - INFO - FIL/SAR: score=-0.2746, params={'acceleration': 0.01, 'maximum': 0.1}
2026-01-20 16:55:13,909 - crypto_analysis.vectorbt_optimizer.optimizer - INFO - Optimizing BBANDS: 369 combinations
2026-01-20 16:55:13,909 - crypto_analysis.vectorbt_optimizer.optimizer - INFO - Using grid sampler with 369 trials
2026-01-20 16:55:15,338 - crypto_analysis.vectorbt_optimizer.parallel_runner - INFO - IOTA/TRIMA: score=-0.6641, params={'timeperiod': 98}
2026-01-20 16:55:15,344 - crypto_analysis.vectorbt_optimizer.optimizer - INFO - Optimizing T3: 46 combinations
2026-01-20 16:55:15,344 - crypto_analysis.vectorbt_optimizer.optimizer - INFO - Using grid sampler with 46 trials
2026-01-20 16:55:15,618 - crypto_analysis.vectorbt_optimizer.parallel_runner - INFO - ICP/DEMA: score=-0.4809, params={'timeperiod': 95}
2026-01-20 16:55:15,623 - crypto_analysis.vectorbt_optimizer.optimizer - INFO - Optimizing TEMA: 96 combinations
2026-01-20 16:55:15,624 - crypto_analysis.vectorbt_optimizer.optimizer - INFO - Using grid sampler with 96 trials
2026-01-20 16:55:16,368 - crypto_analysis.vectorbt_optimizer.parallel_runner - INFO - CHZ/TEMA: score=-0.4494, params={'timeperiod': 98}
2026-01-20 16:55:16,373 - crypto_analysis.vectorbt_optimizer.optimizer - INFO - Optimizing KAMA: 26 combinations
2026-01-20 16:55:16,373 - crypto_analysis.vectorbt_optimizer.optimizer - INFO - Using grid sampler with 26 trials
2026-01-20 16:55:16,522 - crypto_analysis.vectorbt_optimizer.parallel_runner - INFO - IOTA/T3: score=-0.6816, params={'timeperiod': 22, 'vfactor': 0.0}
2026-01-20 16:55:16,527 - crypto_analysis.vectorbt_optimizer.optimizer - INFO - Optimizing SAR: 1 combinations
2026-01-20 16:55:16,528 - crypto_analysis.vectorbt_optimizer.optimizer - INFO - Using grid sampler with 1 trials
2026-01-20 16:55:16,578 - crypto_analysis.vectorbt_optimizer.parallel_runner - INFO - IOTA/SAR: score=-0.5398, params={'acceleration': 0.01, 'maximum': 0.1}
2026-01-20 16:55:16,584 - crypto_analysis.vectorbt_optimizer.optimizer - INFO - Optimizing BBANDS: 369 combinations
2026-01-20 16:55:16,585 - crypto_analysis.vectorbt_optimizer.optimizer - INFO - Using grid sampler with 369 trials
2026-01-20 16:55:16,689 - crypto_analysis.vectorbt_optimizer.parallel_runner - INFO - LDO/DEMA: score=-0.5825, params={'timeperiod': 99}
2026-01-20 16:55:16,694 - crypto_analysis.vectorbt_optimizer.optimizer - INFO - Optimizing TEMA: 96 combinations
2026-01-20 16:55:16,695 - crypto_analysis.vectorbt_optimizer.optimizer - INFO - Using grid sampler with 96 trials
2026-01-20 16:55:16,985 - crypto_analysis.vectorbt_optimizer.parallel_runner - INFO - CHZ/KAMA: score=-0.6332, params={'timeperiod': 30}
2026-01-20 16:55:16,991 - crypto_analysis.vectorbt_optimizer.optimizer - INFO - Optimizing WMA: 96 combinations
2026-01-20 16:55:16,992 - crypto_analysis.vectorbt_optimizer.optimizer - INFO - Using grid sampler with 96 trials
2026-01-20 16:55:17,963 - crypto_analysis.vectorbt_optimizer.parallel_runner - INFO - ONE/DEMA: score=-0.8044, params={'timeperiod': 52}
2026-01-20 16:55:17,969 - crypto_analysis.vectorbt_optimizer.optimizer - INFO - Optimizing TEMA: 96 combinations
2026-01-20 16:55:17,970 - crypto_analysis.vectorbt_optimizer.optimizer - INFO - Using grid sampler with 96 trials
2026-01-20 16:55:18,312 - crypto_analysis.vectorbt_optimizer.parallel_runner - INFO - ZIL/EMA: score=0.0000, params={'fast_period': 26, 'slow_period': 26}
2026-01-20 16:55:18,317 - crypto_analysis.vectorbt_optimizer.optimizer - INFO - Optimizing DEMA: 96 combinations
2026-01-20 16:55:18,317 - crypto_analysis.vectorbt_optimizer.optimizer - INFO - Using grid sampler with 96 trials
2026-01-20 16:55:20,511 - crypto_analysis.vectorbt_optimizer.parallel_runner - INFO - ICP/TEMA: score=-0.6044, params={'timeperiod': 88}
2026-01-20 16:55:20,517 - crypto_analysis.vectorbt_optimizer.optimizer - INFO - Optimizing KAMA: 26 combinations
2026-01-20 16:55:20,517 - crypto_analysis.vectorbt_optimizer.optimizer - INFO - Using grid sampler with 26 trials
2026-01-20 16:55:21,150 - crypto_analysis.vectorbt_optimizer.parallel_runner - INFO - ICP/KAMA: score=-0.6433, params={'timeperiod': 23}
2026-01-20 16:55:21,156 - crypto_analysis.vectorbt_optimizer.optimizer - INFO - Optimizing WMA: 96 combinations
2026-01-20 16:55:21,157 - crypto_analysis.vectorbt_optimizer.optimizer - INFO - Using grid sampler with 96 trials
2026-01-20 16:55:21,542 - crypto_analysis.vectorbt_optimizer.parallel_runner - INFO - LDO/TEMA: score=-0.3146, params={'timeperiod': 61}
2026-01-20 16:55:21,548 - crypto_analysis.vectorbt_optimizer.optimizer - INFO - Optimizing KAMA: 26 combinations
2026-01-20 16:55:21,549 - crypto_analysis.vectorbt_optimizer.optimizer - INFO - Using grid sampler with 26 trials
2026-01-20 16:55:22,079 - crypto_analysis.vectorbt_optimizer.parallel_runner - INFO - CHZ/WMA: score=-0.3677, params={'timeperiod': 79}
2026-01-20 16:55:22,084 - crypto_analysis.vectorbt_optimizer.optimizer - INFO - Optimizing TRIMA: 96 combinations
2026-01-20 16:55:22,085 - crypto_analysis.vectorbt_optimizer.optimizer - INFO - Using grid sampler with 96 trials
2026-01-20 16:55:22,185 - crypto_analysis.vectorbt_optimizer.parallel_runner - INFO - LDO/KAMA: score=-0.7316, params={'timeperiod': 22}
2026-01-20 16:55:22,191 - crypto_analysis.vectorbt_optimizer.optimizer - INFO - Optimizing WMA: 96 combinations
2026-01-20 16:55:22,193 - crypto_analysis.vectorbt_optimizer.optimizer - INFO - Using grid sampler with 96 trials
2026-01-20 16:55:23,105 - crypto_analysis.vectorbt_optimizer.parallel_runner - INFO - ONE/TEMA: score=-0.5933, params={'timeperiod': 76}
2026-01-20 16:55:23,110 - crypto_analysis.vectorbt_optimizer.optimizer - INFO - Optimizing KAMA: 26 combinations
2026-01-20 16:55:23,110 - crypto_analysis.vectorbt_optimizer.optimizer - INFO - Using grid sampler with 26 trials
2026-01-20 16:55:23,441 - crypto_analysis.vectorbt_optimizer.parallel_runner - INFO - ZIL/DEMA: score=-0.7695, params={'timeperiod': 48}
2026-01-20 16:55:23,447 - crypto_analysis.vectorbt_optimizer.optimizer - INFO - Optimizing TEMA: 96 combinations
2026-01-20 16:55:23,448 - crypto_analysis.vectorbt_optimizer.optimizer - INFO - Using grid sampler with 96 trials
2026-01-20 16:55:23,736 - crypto_analysis.vectorbt_optimizer.parallel_runner - INFO - ONE/KAMA: score=-0.8744, params={'timeperiod': 16}
2026-01-20 16:55:23,742 - crypto_analysis.vectorbt_optimizer.optimizer - INFO - Optimizing WMA: 96 combinations
2026-01-20 16:55:23,742 - crypto_analysis.vectorbt_optimizer.optimizer - INFO - Using grid sampler with 96 trials
2026-01-20 16:55:26,026 - crypto_analysis.vectorbt_optimizer.parallel_runner - INFO - ICP/WMA: score=-0.4920, params={'timeperiod': 82}
2026-01-20 16:55:26,031 - crypto_analysis.vectorbt_optimizer.optimizer - INFO - Optimizing TRIMA: 96 combinations
2026-01-20 16:55:26,032 - crypto_analysis.vectorbt_optimizer.optimizer - INFO - Using grid sampler with 96 trials
2026-01-20 16:55:27,075 - crypto_analysis.vectorbt_optimizer.parallel_runner - INFO - CHZ/TRIMA: score=-0.2250, params={'timeperiod': 100}
2026-01-20 16:55:27,080 - crypto_analysis.vectorbt_optimizer.optimizer - INFO - Optimizing T3: 46 combinations
2026-01-20 16:55:27,081 - crypto_analysis.vectorbt_optimizer.optimizer - INFO - Using grid sampler with 46 trials
2026-01-20 16:55:27,165 - crypto_analysis.vectorbt_optimizer.parallel_runner - INFO - LDO/WMA: score=-0.3963, params={'timeperiod': 100}
2026-01-20 16:55:27,170 - crypto_analysis.vectorbt_optimizer.optimizer - INFO - Optimizing TRIMA: 96 combinations
2026-01-20 16:55:27,170 - crypto_analysis.vectorbt_optimizer.optimizer - INFO - Using grid sampler with 96 trials
2026-01-20 16:55:28,305 - crypto_analysis.vectorbt_optimizer.parallel_runner - INFO - CHZ/T3: score=-0.3495, params={'timeperiod': 24, 'vfactor': 0.0}
2026-01-20 16:55:28,310 - crypto_analysis.vectorbt_optimizer.optimizer - INFO - Optimizing SAR: 1 combinations
2026-01-20 16:55:28,311 - crypto_analysis.vectorbt_optimizer.optimizer - INFO - Using grid sampler with 1 trials
2026-01-20 16:55:28,326 - crypto_analysis.vectorbt_optimizer.parallel_runner - INFO - ZIL/TEMA: score=-0.6563, params={'timeperiod': 91}
2026-01-20 16:55:28,333 - crypto_analysis.vectorbt_optimizer.optimizer - INFO - Optimizing KAMA: 26 combinations
2026-01-20 16:55:28,333 - crypto_analysis.vectorbt_optimizer.optimizer - INFO - Using grid sampler with 26 trials
2026-01-20 16:55:28,359 - crypto_analysis.vectorbt_optimizer.parallel_runner - INFO - CHZ/SAR: score=-0.1072, params={'acceleration': 0.01, 'maximum': 0.1}
2026-01-20 16:55:28,364 - crypto_analysis.vectorbt_optimizer.optimizer - INFO - Optimizing BBANDS: 369 combinations
2026-01-20 16:55:28,364 - crypto_analysis.vectorbt_optimizer.optimizer - INFO - Using grid sampler with 369 trials
2026-01-20 16:55:28,895 - crypto_analysis.vectorbt_optimizer.parallel_runner - INFO - ONE/WMA: score=-0.7566, params={'timeperiod': 99}
2026-01-20 16:55:28,901 - crypto_analysis.vectorbt_optimizer.optimizer - INFO - Optimizing TRIMA: 96 combinations
2026-01-20 16:55:28,901 - crypto_analysis.vectorbt_optimizer.optimizer - INFO - Using grid sampler with 96 trials
2026-01-20 16:55:28,932 - crypto_analysis.vectorbt_optimizer.parallel_runner - INFO - ZIL/KAMA: score=-0.8596, params={'timeperiod': 28}
2026-01-20 16:55:28,938 - crypto_analysis.vectorbt_optimizer.optimizer - INFO - Optimizing WMA: 96 combinations
2026-01-20 16:55:28,938 - crypto_analysis.vectorbt_optimizer.optimizer - INFO - Using grid sampler with 96 trials
2026-01-20 16:55:30,835 - crypto_analysis.vectorbt_optimizer.parallel_runner - INFO - ICP/TRIMA: score=-0.2132, params={'timeperiod': 100}
2026-01-20 16:55:30,840 - crypto_analysis.vectorbt_optimizer.optimizer - INFO - Optimizing T3: 46 combinations
2026-01-20 16:55:30,841 - crypto_analysis.vectorbt_optimizer.optimizer - INFO - Using grid sampler with 46 trials
2026-01-20 16:55:32,007 - crypto_analysis.vectorbt_optimizer.parallel_runner - INFO - LDO/TRIMA: score=-0.2616, params={'timeperiod': 100}
2026-01-20 16:55:32,013 - crypto_analysis.vectorbt_optimizer.optimizer - INFO - Optimizing T3: 46 combinations
2026-01-20 16:55:32,014 - crypto_analysis.vectorbt_optimizer.optimizer - INFO - Using grid sampler with 46 trials
2026-01-20 16:55:32,030 - crypto_analysis.vectorbt_optimizer.parallel_runner - INFO - ICP/T3: score=-0.4482, params={'timeperiod': 25, 'vfactor': 0.0}
2026-01-20 16:55:32,036 - crypto_analysis.vectorbt_optimizer.optimizer - INFO - Optimizing SAR: 1 combinations
2026-01-20 16:55:32,036 - crypto_analysis.vectorbt_optimizer.optimizer - INFO - Using grid sampler with 1 trials
2026-01-20 16:55:32,086 - crypto_analysis.vectorbt_optimizer.parallel_runner - INFO - ICP/SAR: score=-0.3592, params={'acceleration': 0.01, 'maximum': 0.1}
2026-01-20 16:55:32,090 - crypto_analysis.vectorbt_optimizer.optimizer - INFO - Optimizing BBANDS: 369 combinations
2026-01-20 16:55:32,091 - crypto_analysis.vectorbt_optimizer.optimizer - INFO - Using grid sampler with 369 trials
2026-01-20 16:55:33,221 - crypto_analysis.vectorbt_optimizer.parallel_runner - INFO - LDO/T3: score=-0.3916, params={'timeperiod': 25, 'vfactor': 1.0}
2026-01-20 16:55:33,226 - crypto_analysis.vectorbt_optimizer.optimizer - INFO - Optimizing SAR: 1 combinations
2026-01-20 16:55:33,227 - crypto_analysis.vectorbt_optimizer.optimizer - INFO - Using grid sampler with 1 trials
2026-01-20 16:55:33,284 - crypto_analysis.vectorbt_optimizer.parallel_runner - INFO - LDO/SAR: score=-0.5831, params={'acceleration': 0.01, 'maximum': 0.1}
2026-01-20 16:55:33,289 - crypto_analysis.vectorbt_optimizer.optimizer - INFO - Optimizing BBANDS: 369 combinations
2026-01-20 16:55:33,289 - crypto_analysis.vectorbt_optimizer.optimizer - INFO - Using grid sampler with 369 trials
2026-01-20 16:55:34,008 - crypto_analysis.vectorbt_optimizer.parallel_runner - INFO - ZIL/WMA: score=-0.7687, params={'timeperiod': 79}
2026-01-20 16:55:34,014 - crypto_analysis.vectorbt_optimizer.optimizer - INFO - Optimizing TRIMA: 96 combinations
2026-01-20 16:55:34,015 - crypto_analysis.vectorbt_optimizer.optimizer - INFO - Using grid sampler with 96 trials
2026-01-20 16:55:34,044 - crypto_analysis.vectorbt_optimizer.parallel_runner - INFO - ONE/TRIMA: score=-0.7184, params={'timeperiod': 99}
2026-01-20 16:55:34,049 - crypto_analysis.vectorbt_optimizer.optimizer - INFO - Optimizing T3: 46 combinations
2026-01-20 16:55:34,050 - crypto_analysis.vectorbt_optimizer.optimizer - INFO - Using grid sampler with 46 trials
2026-01-20 16:55:35,263 - crypto_analysis.vectorbt_optimizer.parallel_runner - INFO - ONE/T3: score=-0.6856, params={'timeperiod': 14, 'vfactor': 1.0}
2026-01-20 16:55:35,269 - crypto_analysis.vectorbt_optimizer.optimizer - INFO - Optimizing SAR: 1 combinations
2026-01-20 16:55:35,269 - crypto_analysis.vectorbt_optimizer.optimizer - INFO - Using grid sampler with 1 trials
2026-01-20 16:55:35,313 - crypto_analysis.vectorbt_optimizer.parallel_runner - INFO - ONE/SAR: score=-0.6760, params={'acceleration': 0.01, 'maximum': 0.1}
2026-01-20 16:55:35,317 - crypto_analysis.vectorbt_optimizer.optimizer - INFO - Optimizing BBANDS: 369 combinations
2026-01-20 16:55:35,318 - crypto_analysis.vectorbt_optimizer.optimizer - INFO - Using grid sampler with 369 trials
2026-01-20 16:55:37,387 - crypto_analysis.vectorbt_optimizer.parallel_runner - INFO - HBAR/BBANDS: score=0.8482, params={'timeperiod': 49, 'nbdevup': 3.0, 'nbdevdn': 3.0, 'entry_factor': 1.0, 'exit_factor': 0.95}
2026-01-20 16:55:37,393 - crypto_analysis.vectorbt_optimizer.optimizer - INFO - Optimizing HT_TRENDLINE: 1 combinations
2026-01-20 16:55:37,393 - crypto_analysis.vectorbt_optimizer.optimizer - INFO - Using grid sampler with 1 trials
2026-01-20 16:55:37,431 - crypto_analysis.vectorbt_optimizer.parallel_runner - INFO - HBAR/HT_TRENDLINE: score=-0.7033, params={}
2026-01-20 16:55:37,436 - crypto_analysis.vectorbt_optimizer.optimizer - INFO - Optimizing MA: 864 combinations
2026-01-20 16:55:37,438 - crypto_analysis.vectorbt_optimizer.optimizer - INFO - Using tpe sampler with 1000 trials
2026-01-20 16:55:39,024 - crypto_analysis.vectorbt_optimizer.parallel_runner - INFO - ZIL/TRIMA: score=-0.7183, params={'timeperiod': 61}
2026-01-20 16:55:39,030 - crypto_analysis.vectorbt_optimizer.optimizer - INFO - Optimizing T3: 46 combinations
2026-01-20 16:55:39,031 - crypto_analysis.vectorbt_optimizer.optimizer - INFO - Using grid sampler with 46 trials
2026-01-20 16:55:40,207 - crypto_analysis.vectorbt_optimizer.parallel_runner - INFO - ZIL/T3: score=-0.6267, params={'timeperiod': 20, 'vfactor': 1.0}
2026-01-20 16:55:40,212 - crypto_analysis.vectorbt_optimizer.optimizer - INFO - Optimizing SAR: 1 combinations
2026-01-20 16:55:40,213 - crypto_analysis.vectorbt_optimizer.optimizer - INFO - Using grid sampler with 1 trials
2026-01-20 16:55:40,265 - crypto_analysis.vectorbt_optimizer.parallel_runner - INFO - ZIL/SAR: score=-0.6709, params={'acceleration': 0.01, 'maximum': 0.1}
2026-01-20 16:55:40,271 - crypto_analysis.vectorbt_optimizer.optimizer - INFO - Optimizing BBANDS: 369 combinations
2026-01-20 16:55:40,272 - crypto_analysis.vectorbt_optimizer.optimizer - INFO - Using grid sampler with 369 trials
2026-01-20 16:55:45,066 - crypto_analysis.vectorbt_optimizer.parallel_runner - INFO - FIL/BBANDS: score=0.2577, params={'timeperiod': 18, 'nbdevup': 1.0, 'nbdevdn': 3.0, 'entry_factor': 1.0, 'exit_factor': 0.95}
2026-01-20 16:55:45,071 - crypto_analysis.vectorbt_optimizer.optimizer - INFO - Optimizing HT_TRENDLINE: 1 combinations
2026-01-20 16:55:45,072 - crypto_analysis.vectorbt_optimizer.optimizer - INFO - Using grid sampler with 1 trials
2026-01-20 16:55:45,108 - crypto_analysis.vectorbt_optimizer.parallel_runner - INFO - FIL/HT_TRENDLINE: score=-0.6028, params={}
2026-01-20 16:55:45,113 - crypto_analysis.vectorbt_optimizer.optimizer - INFO - Optimizing MA: 864 combinations
2026-01-20 16:55:45,113 - crypto_analysis.vectorbt_optimizer.optimizer - INFO - Using tpe sampler with 1000 trials
2026-01-20 16:55:48,498 - crypto_analysis.vectorbt_optimizer.parallel_runner - INFO - IOTA/BBANDS: score=0.6216, params={'timeperiod': 49, 'nbdevup': 1.0, 'nbdevdn': 3.0, 'entry_factor': 1.0, 'exit_factor': 0.95}
2026-01-20 16:55:48,504 - crypto_analysis.vectorbt_optimizer.optimizer - INFO - Optimizing HT_TRENDLINE: 1 combinations
2026-01-20 16:55:48,504 - crypto_analysis.vectorbt_optimizer.optimizer - INFO - Using grid sampler with 1 trials
2026-01-20 16:55:48,542 - crypto_analysis.vectorbt_optimizer.parallel_runner - INFO - IOTA/HT_TRENDLINE: score=-0.8069, params={}
2026-01-20 16:55:48,547 - crypto_analysis.vectorbt_optimizer.optimizer - INFO - Optimizing MA: 864 combinations
2026-01-20 16:55:48,547 - crypto_analysis.vectorbt_optimizer.optimizer - INFO - Using tpe sampler with 1000 trials
2026-01-20 16:56:00,003 - crypto_analysis.vectorbt_optimizer.parallel_runner - INFO - CHZ/BBANDS: score=0.2839, params={'timeperiod': 41, 'nbdevup': 3.0, 'nbdevdn': 3.0, 'entry_factor': 1.0, 'exit_factor': 0.95}
2026-01-20 16:56:00,008 - crypto_analysis.vectorbt_optimizer.optimizer - INFO - Optimizing HT_TRENDLINE: 1 combinations
2026-01-20 16:56:00,009 - crypto_analysis.vectorbt_optimizer.optimizer - INFO - Using grid sampler with 1 trials
2026-01-20 16:56:00,049 - crypto_analysis.vectorbt_optimizer.parallel_runner - INFO - CHZ/HT_TRENDLINE: score=-0.7391, params={}
2026-01-20 16:56:00,055 - crypto_analysis.vectorbt_optimizer.optimizer - INFO - Optimizing MA: 864 combinations
2026-01-20 16:56:00,055 - crypto_analysis.vectorbt_optimizer.optimizer - INFO - Using tpe sampler with 1000 trials
2026-01-20 16:56:03,463 - crypto_analysis.vectorbt_optimizer.parallel_runner - INFO - ICP/BBANDS: score=0.6822, params={'timeperiod': 26, 'nbdevup': 3.0, 'nbdevdn': 3.0, 'entry_factor': 1.0, 'exit_factor': 0.95}
2026-01-20 16:56:03,468 - crypto_analysis.vectorbt_optimizer.optimizer - INFO - Optimizing HT_TRENDLINE: 1 combinations
2026-01-20 16:56:03,469 - crypto_analysis.vectorbt_optimizer.optimizer - INFO - Using grid sampler with 1 trials
2026-01-20 16:56:03,509 - crypto_analysis.vectorbt_optimizer.parallel_runner - INFO - ICP/HT_TRENDLINE: score=-0.8252, params={}
2026-01-20 16:56:03,513 - crypto_analysis.vectorbt_optimizer.optimizer - INFO - Optimizing MA: 864 combinations
2026-01-20 16:56:03,514 - crypto_analysis.vectorbt_optimizer.optimizer - INFO - Using tpe sampler with 1000 trials
2026-01-20 16:56:04,950 - crypto_analysis.vectorbt_optimizer.parallel_runner - INFO - LDO/BBANDS: score=0.0037, params={'timeperiod': 11, 'nbdevup': 3.0, 'nbdevdn': 3.0, 'entry_factor': 1.0, 'exit_factor': 0.95}
2026-01-20 16:56:04,955 - crypto_analysis.vectorbt_optimizer.optimizer - INFO - Optimizing HT_TRENDLINE: 1 combinations
2026-01-20 16:56:04,956 - crypto_analysis.vectorbt_optimizer.optimizer - INFO - Using grid sampler with 1 trials
2026-01-20 16:56:04,993 - crypto_analysis.vectorbt_optimizer.parallel_runner - INFO - LDO/HT_TRENDLINE: score=-0.7728, params={}
2026-01-20 16:56:04,998 - crypto_analysis.vectorbt_optimizer.optimizer - INFO - Optimizing MA: 864 combinations
2026-01-20 16:56:04,998 - crypto_analysis.vectorbt_optimizer.optimizer - INFO - Using tpe sampler with 1000 trials
2026-01-20 16:56:06,965 - crypto_analysis.vectorbt_optimizer.parallel_runner - INFO - ONE/BBANDS: score=0.6408, params={'timeperiod': 49, 'nbdevup': 2.0, 'nbdevdn': 3.0, 'entry_factor': 1.0, 'exit_factor': 0.95}
2026-01-20 16:56:06,971 - crypto_analysis.vectorbt_optimizer.optimizer - INFO - Optimizing HT_TRENDLINE: 1 combinations
2026-01-20 16:56:06,971 - crypto_analysis.vectorbt_optimizer.optimizer - INFO - Using grid sampler with 1 trials
2026-01-20 16:56:07,013 - crypto_analysis.vectorbt_optimizer.parallel_runner - INFO - ONE/HT_TRENDLINE: score=-0.8574, params={}
2026-01-20 16:56:07,018 - crypto_analysis.vectorbt_optimizer.optimizer - INFO - Optimizing MA: 864 combinations
2026-01-20 16:56:07,019 - crypto_analysis.vectorbt_optimizer.optimizer - INFO - Using tpe sampler with 1000 trials
2026-01-20 16:56:11,429 - crypto_analysis.vectorbt_optimizer.parallel_runner - INFO - ZIL/BBANDS: score=0.4742, params={'timeperiod': 45, 'nbdevup': 3.0, 'nbdevdn': 3.0, 'entry_factor': 1.0, 'exit_factor': 0.95}
2026-01-20 16:56:11,434 - crypto_analysis.vectorbt_optimizer.optimizer - INFO - Optimizing HT_TRENDLINE: 1 combinations
2026-01-20 16:56:11,435 - crypto_analysis.vectorbt_optimizer.optimizer - INFO - Using grid sampler with 1 trials
2026-01-20 16:56:11,472 - crypto_analysis.vectorbt_optimizer.parallel_runner - INFO - ZIL/HT_TRENDLINE: score=-0.8753, params={}
2026-01-20 16:56:11,476 - crypto_analysis.vectorbt_optimizer.optimizer - INFO - Optimizing MA: 864 combinations
2026-01-20 16:56:11,477 - crypto_analysis.vectorbt_optimizer.optimizer - INFO - Using tpe sampler with 1000 trials
2026-01-20 16:56:17,869 - crypto_analysis.vectorbt_optimizer.parallel_runner - INFO - HBAR/MA: score=-0.3478, params={'timeperiod': 42, 'matype': 5}
2026-01-20 16:56:17,873 - crypto_analysis.vectorbt_optimizer.optimizer - INFO - Optimizing MAMA: 1 combinations
2026-01-20 16:56:17,873 - crypto_analysis.vectorbt_optimizer.optimizer - INFO - Using grid sampler with 1 trials
2026-01-20 16:56:17,914 - crypto_analysis.vectorbt_optimizer.parallel_runner - INFO - HBAR/MAMA: score=-0.2076, params={'fastlimit': 0.1, 'slowlimit': 0.01}
2026-01-20 16:56:17,920 - crypto_analysis.vectorbt_optimizer.optimizer - INFO - Optimizing MIDPOINT: 46 combinations
2026-01-20 16:56:17,921 - crypto_analysis.vectorbt_optimizer.optimizer - INFO - Using grid sampler with 46 trials
2026-01-20 16:56:19,330 - crypto_analysis.vectorbt_optimizer.parallel_runner - INFO - HBAR/MIDPOINT: score=-0.3554, params={'timeperiod': 36}
2026-01-20 16:56:19,338 - crypto_analysis.vectorbt_optimizer.optimizer - INFO - Optimizing MIDPRICE: 46 combinations
2026-01-20 16:56:19,339 - crypto_analysis.vectorbt_optimizer.optimizer - INFO - Using grid sampler with 46 trials
2026-01-20 16:56:20,757 - crypto_analysis.vectorbt_optimizer.parallel_runner - INFO - HBAR/MIDPRICE: score=-0.3976, params={'timeperiod': 37}
2026-01-20 16:56:20,763 - crypto_analysis.vectorbt_optimizer.optimizer - INFO - Optimizing SAREXT: 1 combinations
2026-01-20 16:56:20,764 - crypto_analysis.vectorbt_optimizer.optimizer - INFO - Using grid sampler with 1 trials
2026-01-20 16:56:20,818 - crypto_analysis.vectorbt_optimizer.parallel_runner - INFO - HBAR/SAREXT: score=0.0000, params={'startvalue': 0.0, 'offsetonreverse': 0.0, 'accelerationinitlong': 0.01, 'accelerationlong': 0.01, 'accelerationmaxlong': 0.1, 'accelerationinitshort': 0.01, 'accelerationshort': 0.01, 'accelerationmaxshort': 0.1}
2026-01-20 16:56:20,823 - crypto_analysis.vectorbt_optimizer.optimizer - INFO - Optimizing OBV: 46 combinations
2026-01-20 16:56:20,823 - crypto_analysis.vectorbt_optimizer.optimizer - INFO - Using grid sampler with 46 trials
2026-01-20 16:56:22,334 - crypto_analysis.vectorbt_optimizer.parallel_runner - INFO - HBAR/OBV: score=-0.6372, params={'sma_period': 26}
2026-01-20 16:56:22,342 - crypto_analysis.vectorbt_optimizer.optimizer - INFO - Optimizing AD: 46 combinations
2026-01-20 16:56:22,342 - crypto_analysis.vectorbt_optimizer.optimizer - INFO - Using grid sampler with 46 trials
2026-01-20 16:56:23,761 - crypto_analysis.vectorbt_optimizer.parallel_runner - INFO - HBAR/AD: score=-0.7071, params={'sma_period': 36}
2026-01-20 16:56:23,770 - crypto_analysis.vectorbt_optimizer.optimizer - INFO - Optimizing ADOSC: 144 combinations
2026-01-20 16:56:23,771 - crypto_analysis.vectorbt_optimizer.optimizer - INFO - Using grid sampler with 144 trials
2026-01-20 16:56:25,426 - crypto_analysis.vectorbt_optimizer.parallel_runner - INFO - FIL/MA: score=-0.1415, params={'timeperiod': 72, 'matype': 4}
2026-01-20 16:56:25,430 - crypto_analysis.vectorbt_optimizer.optimizer - INFO - Optimizing MAMA: 1 combinations
2026-01-20 16:56:25,431 - crypto_analysis.vectorbt_optimizer.optimizer - INFO - Using grid sampler with 1 trials
2026-01-20 16:56:25,469 - crypto_analysis.vectorbt_optimizer.parallel_runner - INFO - FIL/MAMA: score=-0.6084, params={'fastlimit': 0.1, 'slowlimit': 0.01}
2026-01-20 16:56:25,474 - crypto_analysis.vectorbt_optimizer.optimizer - INFO - Optimizing MIDPOINT: 46 combinations
2026-01-20 16:56:25,475 - crypto_analysis.vectorbt_optimizer.optimizer - INFO - Using grid sampler with 46 trials
2026-01-20 16:56:26,876 - crypto_analysis.vectorbt_optimizer.parallel_runner - INFO - FIL/MIDPOINT: score=-0.4435, params={'timeperiod': 21}
2026-01-20 16:56:26,882 - crypto_analysis.vectorbt_optimizer.optimizer - INFO - Optimizing MIDPRICE: 46 combinations
2026-01-20 16:56:26,883 - crypto_analysis.vectorbt_optimizer.optimizer - INFO - Using grid sampler with 46 trials
2026-01-20 16:56:28,262 - crypto_analysis.vectorbt_optimizer.parallel_runner - INFO - FIL/MIDPRICE: score=-0.4506, params={'timeperiod': 48}
2026-01-20 16:56:28,269 - crypto_analysis.vectorbt_optimizer.optimizer - INFO - Optimizing SAREXT: 1 combinations
2026-01-20 16:56:28,270 - crypto_analysis.vectorbt_optimizer.optimizer - INFO - Using grid sampler with 1 trials
2026-01-20 16:56:28,324 - crypto_analysis.vectorbt_optimizer.parallel_runner - INFO - FIL/SAREXT: score=0.0000, params={'startvalue': 0.0, 'offsetonreverse': 0.0, 'accelerationinitlong': 0.01, 'accelerationlong': 0.01, 'accelerationmaxlong': 0.1, 'accelerationinitshort': 0.01, 'accelerationshort': 0.01, 'accelerationmaxshort': 0.1}
2026-01-20 16:56:28,328 - crypto_analysis.vectorbt_optimizer.optimizer - INFO - Optimizing OBV: 46 combinations
2026-01-20 16:56:28,329 - crypto_analysis.vectorbt_optimizer.optimizer - INFO - Using grid sampler with 46 trials
2026-01-20 16:56:28,834 - crypto_analysis.vectorbt_optimizer.parallel_runner - INFO - IOTA/MA: score=-0.4445, params={'timeperiod': 95, 'matype': 8}
2026-01-20 16:56:28,838 - crypto_analysis.vectorbt_optimizer.optimizer - INFO - Optimizing MAMA: 1 combinations
2026-01-20 16:56:28,839 - crypto_analysis.vectorbt_optimizer.optimizer - INFO - Using grid sampler with 1 trials
2026-01-20 16:56:28,880 - crypto_analysis.vectorbt_optimizer.parallel_runner - INFO - IOTA/MAMA: score=-0.4614, params={'fastlimit': 0.1, 'slowlimit': 0.01}
2026-01-20 16:56:28,885 - crypto_analysis.vectorbt_optimizer.optimizer - INFO - Optimizing MIDPOINT: 46 combinations
2026-01-20 16:56:28,886 - crypto_analysis.vectorbt_optimizer.optimizer - INFO - Using grid sampler with 46 trials
2026-01-20 16:56:29,708 - crypto_analysis.vectorbt_optimizer.parallel_runner - INFO - FIL/OBV: score=-0.5196, params={'sma_period': 28}
2026-01-20 16:56:29,714 - crypto_analysis.vectorbt_optimizer.optimizer - INFO - Optimizing AD: 46 combinations
2026-01-20 16:56:29,715 - crypto_analysis.vectorbt_optimizer.optimizer - INFO - Using grid sampler with 46 trials
2026-01-20 16:56:30,748 - crypto_analysis.vectorbt_optimizer.parallel_runner - INFO - IOTA/MIDPOINT: score=-0.7351, params={'timeperiod': 31}
2026-01-20 16:56:30,756 - crypto_analysis.vectorbt_optimizer.optimizer - INFO - Optimizing MIDPRICE: 46 combinations
2026-01-20 16:56:30,756 - crypto_analysis.vectorbt_optimizer.optimizer - INFO - Using grid sampler with 46 trials
2026-01-20 16:56:31,051 - crypto_analysis.vectorbt_optimizer.parallel_runner - INFO - HBAR/ADOSC: score=0.0000, params={'fastperiod': 9, 'slowperiod': 9}
2026-01-20 16:56:31,063 - crypto_analysis.vectorbt_optimizer.optimizer - INFO - Optimizing ATR: 66 combinations
2026-01-20 16:56:31,063 - crypto_analysis.vectorbt_optimizer.optimizer - INFO - Using grid sampler with 66 trials
2026-01-20 16:56:31,173 - crypto_analysis.vectorbt_optimizer.parallel_runner - INFO - FIL/AD: score=-0.7132, params={'sma_period': 48}
2026-01-20 16:56:31,179 - crypto_analysis.vectorbt_optimizer.optimizer - INFO - Optimizing ADOSC: 144 combinations
2026-01-20 16:56:31,180 - crypto_analysis.vectorbt_optimizer.optimizer - INFO - Using grid sampler with 144 trials
2026-01-20 16:56:32,202 - crypto_analysis.vectorbt_optimizer.parallel_runner - INFO - IOTA/MIDPRICE: score=-0.6955, params={'timeperiod': 31}
2026-01-20 16:56:32,208 - crypto_analysis.vectorbt_optimizer.optimizer - INFO - Optimizing SAREXT: 1 combinations
2026-01-20 16:56:32,209 - crypto_analysis.vectorbt_optimizer.optimizer - INFO - Using grid sampler with 1 trials
2026-01-20 16:56:32,262 - crypto_analysis.vectorbt_optimizer.parallel_runner - INFO - IOTA/SAREXT: score=0.0000, params={'startvalue': 0.0, 'offsetonreverse': 0.0, 'accelerationinitlong': 0.01, 'accelerationlong': 0.01, 'accelerationmaxlong': 0.1, 'accelerationinitshort': 0.01, 'accelerationshort': 0.01, 'accelerationmaxshort': 0.1}
2026-01-20 16:56:32,267 - crypto_analysis.vectorbt_optimizer.optimizer - INFO - Optimizing OBV: 46 combinations
2026-01-20 16:56:32,267 - crypto_analysis.vectorbt_optimizer.optimizer - INFO - Using grid sampler with 46 trials
2026-01-20 16:56:32,820 - crypto_analysis.vectorbt_optimizer.parallel_runner - INFO - HBAR/ATR: score=-0.2704, params={'timeperiod': 8, 'stop_loss_multiplier': 3.5}
2026-01-20 16:56:32,826 - crypto_analysis.vectorbt_optimizer.optimizer - INFO - Optimizing NATR: 110 combinations
2026-01-20 16:56:32,827 - crypto_analysis.vectorbt_optimizer.optimizer - INFO - Using grid sampler with 110 trials
2026-01-20 16:56:33,743 - crypto_analysis.vectorbt_optimizer.parallel_runner - INFO - IOTA/OBV: score=-0.3802, params={'sma_period': 49}
2026-01-20 16:56:33,750 - crypto_analysis.vectorbt_optimizer.optimizer - INFO - Optimizing AD: 46 combinations
2026-01-20 16:56:33,751 - crypto_analysis.vectorbt_optimizer.optimizer - INFO - Using grid sampler with 46 trials
2026-01-20 16:56:35,189 - crypto_analysis.vectorbt_optimizer.parallel_runner - INFO - IOTA/AD: score=-0.7504, params={'sma_period': 27}
2026-01-20 16:56:35,196 - crypto_analysis.vectorbt_optimizer.optimizer - INFO - Optimizing ADOSC: 144 combinations
2026-01-20 16:56:35,197 - crypto_analysis.vectorbt_optimizer.optimizer - INFO - Using grid sampler with 144 trials
2026-01-20 16:56:36,098 - crypto_analysis.vectorbt_optimizer.parallel_runner - INFO - HBAR/NATR: score=0.8124, params={'timeperiod': 12, 'entry_constant': 3.0}
2026-01-20 16:56:36,102 - crypto_analysis.vectorbt_optimizer.optimizer - INFO - Optimizing TRANGE: 3 combinations
2026-01-20 16:56:36,103 - crypto_analysis.vectorbt_optimizer.optimizer - INFO - Using grid sampler with 3 trials
2026-01-20 16:56:36,193 - crypto_analysis.vectorbt_optimizer.parallel_runner - INFO - HBAR/TRANGE: score=-0.5730, params={'entry_multiplier': 2.0, 'exit_multiplier': 0.3}
2026-01-20 16:56:36,199 - crypto_analysis.vectorbt_optimizer.optimizer - INFO - Optimizing HT_DCPERIOD: 961 combinations
2026-01-20 16:56:36,200 - crypto_analysis.vectorbt_optimizer.optimizer - INFO - Using tpe sampler with 1000 trials
2026-01-20 16:56:38,268 - crypto_analysis.vectorbt_optimizer.parallel_runner - INFO - FIL/ADOSC: score=0.0000, params={'fastperiod': 9, 'slowperiod': 9}
2026-01-20 16:56:38,280 - crypto_analysis.vectorbt_optimizer.optimizer - INFO - Optimizing ATR: 66 combinations
2026-01-20 16:56:38,280 - crypto_analysis.vectorbt_optimizer.optimizer - INFO - Using grid sampler with 66 trials
2026-01-20 16:56:40,161 - crypto_analysis.vectorbt_optimizer.parallel_runner - INFO - FIL/ATR: score=0.7198, params={'timeperiod': 18, 'stop_loss_multiplier': 2.5}
2026-01-20 16:56:40,166 - crypto_analysis.vectorbt_optimizer.optimizer - INFO - Optimizing NATR: 110 combinations
2026-01-20 16:56:40,167 - crypto_analysis.vectorbt_optimizer.optimizer - INFO - Using grid sampler with 110 trials
2026-01-20 16:56:41,449 - crypto_analysis.vectorbt_optimizer.parallel_runner - INFO - CHZ/MA: score=-0.0670, params={'timeperiod': 96, 'matype': 8}
2026-01-20 16:56:41,453 - crypto_analysis.vectorbt_optimizer.optimizer - INFO - Optimizing MAMA: 1 combinations
2026-01-20 16:56:41,454 - crypto_analysis.vectorbt_optimizer.optimizer - INFO - Using grid sampler with 1 trials
2026-01-20 16:56:41,493 - crypto_analysis.vectorbt_optimizer.parallel_runner - INFO - CHZ/MAMA: score=-0.1337, params={'fastlimit': 0.1, 'slowlimit': 0.01}
2026-01-20 16:56:41,498 - crypto_analysis.vectorbt_optimizer.optimizer - INFO - Optimizing MIDPOINT: 46 combinations
2026-01-20 16:56:41,499 - crypto_analysis.vectorbt_optimizer.optimizer - INFO - Using grid sampler with 46 trials
2026-01-20 16:56:42,408 - crypto_analysis.vectorbt_optimizer.parallel_runner - INFO - IOTA/ADOSC: score=0.0000, params={'fastperiod': 9, 'slowperiod': 9}
2026-01-20 16:56:42,421 - crypto_analysis.vectorbt_optimizer.optimizer - INFO - Optimizing ATR: 66 combinations
2026-01-20 16:56:42,421 - crypto_analysis.vectorbt_optimizer.optimizer - INFO - Using grid sampler with 66 trials
2026-01-20 16:56:42,879 - crypto_analysis.vectorbt_optimizer.parallel_runner - INFO - CHZ/MIDPOINT: score=-0.5739, params={'timeperiod': 27}
2026-01-20 16:56:42,885 - crypto_analysis.vectorbt_optimizer.optimizer - INFO - Optimizing MIDPRICE: 46 combinations
2026-01-20 16:56:42,886 - crypto_analysis.vectorbt_optimizer.optimizer - INFO - Using grid sampler with 46 trials
2026-01-20 16:56:43,763 - crypto_analysis.vectorbt_optimizer.parallel_runner - INFO - FIL/NATR: score=0.5327, params={'timeperiod': 7, 'entry_constant': 3.0}
2026-01-20 16:56:43,768 - crypto_analysis.vectorbt_optimizer.optimizer - INFO - Optimizing TRANGE: 3 combinations
2026-01-20 16:56:43,768 - crypto_analysis.vectorbt_optimizer.optimizer - INFO - Using grid sampler with 3 trials
2026-01-20 16:56:43,809 - crypto_analysis.vectorbt_optimizer.parallel_runner - INFO - ICP/MA: score=-0.1621, params={'timeperiod': 96, 'matype': 0}
2026-01-20 16:56:43,813 - crypto_analysis.vectorbt_optimizer.optimizer - INFO - Optimizing MAMA: 1 combinations
2026-01-20 16:56:43,813 - crypto_analysis.vectorbt_optimizer.optimizer - INFO - Using grid sampler with 1 trials
2026-01-20 16:56:43,854 - crypto_analysis.vectorbt_optimizer.parallel_runner - INFO - ICP/MAMA: score=-0.1124, params={'fastlimit': 0.1, 'slowlimit': 0.01}
2026-01-20 16:56:43,854 - crypto_analysis.vectorbt_optimizer.parallel_runner - INFO - FIL/TRANGE: score=-0.7038, params={'entry_multiplier': 1.0, 'exit_multiplier': 0.3}
2026-01-20 16:56:43,859 - crypto_analysis.vectorbt_optimizer.optimizer - INFO - Optimizing MIDPOINT: 46 combinations
2026-01-20 16:56:43,859 - crypto_analysis.vectorbt_optimizer.optimizer - INFO - Using grid sampler with 46 trials
2026-01-20 16:56:43,860 - crypto_analysis.vectorbt_optimizer.optimizer - INFO - Optimizing HT_DCPERIOD: 961 combinations
2026-01-20 16:56:43,861 - crypto_analysis.vectorbt_optimizer.optimizer - INFO - Using tpe sampler with 1000 trials
2026-01-20 16:56:44,235 - crypto_analysis.vectorbt_optimizer.parallel_runner - INFO - IOTA/ATR: score=-0.2869, params={'timeperiod': 25, 'stop_loss_multiplier': 3.5}
2026-01-20 16:56:44,242 - crypto_analysis.vectorbt_optimizer.optimizer - INFO - Optimizing NATR: 110 combinations
2026-01-20 16:56:44,242 - crypto_analysis.vectorbt_optimizer.optimizer - INFO - Using grid sampler with 110 trials
2026-01-20 16:56:44,298 - crypto_analysis.vectorbt_optimizer.parallel_runner - INFO - CHZ/MIDPRICE: score=-0.5172, params={'timeperiod': 44}
2026-01-20 16:56:44,304 - crypto_analysis.vectorbt_optimizer.optimizer - INFO - Optimizing SAREXT: 1 combinations
2026-01-20 16:56:44,305 - crypto_analysis.vectorbt_optimizer.optimizer - INFO - Using grid sampler with 1 trials
2026-01-20 16:56:44,356 - crypto_analysis.vectorbt_optimizer.parallel_runner - INFO - CHZ/SAREXT: score=0.0000, params={'startvalue': 0.0, 'offsetonreverse': 0.0, 'accelerationinitlong': 0.01, 'accelerationlong': 0.01, 'accelerationmaxlong': 0.1, 'accelerationinitshort': 0.01, 'accelerationshort': 0.01, 'accelerationmaxshort': 0.1}
2026-01-20 16:56:44,360 - crypto_analysis.vectorbt_optimizer.optimizer - INFO - Optimizing OBV: 46 combinations
2026-01-20 16:56:44,361 - crypto_analysis.vectorbt_optimizer.optimizer - INFO - Using grid sampler with 46 trials
2026-01-20 16:56:45,172 - crypto_analysis.vectorbt_optimizer.parallel_runner - INFO - ICP/MIDPOINT: score=-0.6531, params={'timeperiod': 32}
2026-01-20 16:56:45,179 - crypto_analysis.vectorbt_optimizer.optimizer - INFO - Optimizing MIDPRICE: 46 combinations
2026-01-20 16:56:45,179 - crypto_analysis.vectorbt_optimizer.optimizer - INFO - Using grid sampler with 46 trials
2026-01-20 16:56:45,742 - crypto_analysis.vectorbt_optimizer.parallel_runner - INFO - CHZ/OBV: score=-0.5563, params={'sma_period': 49}
2026-01-20 16:56:45,748 - crypto_analysis.vectorbt_optimizer.optimizer - INFO - Optimizing AD: 46 combinations
2026-01-20 16:56:45,749 - crypto_analysis.vectorbt_optimizer.optimizer - INFO - Using grid sampler with 46 trials
2026-01-20 16:56:45,754 - crypto_analysis.vectorbt_optimizer.parallel_runner - INFO - LDO/MA: score=-0.0682, params={'timeperiod': 90, 'matype': 8}
2026-01-20 16:56:45,757 - crypto_analysis.vectorbt_optimizer.optimizer - INFO - Optimizing MAMA: 1 combinations
2026-01-20 16:56:45,758 - crypto_analysis.vectorbt_optimizer.optimizer - INFO - Using grid sampler with 1 trials
2026-01-20 16:56:45,796 - crypto_analysis.vectorbt_optimizer.parallel_runner - INFO - LDO/MAMA: score=-0.6160, params={'fastlimit': 0.1, 'slowlimit': 0.01}
2026-01-20 16:56:45,801 - crypto_analysis.vectorbt_optimizer.optimizer - INFO - Optimizing MIDPOINT: 46 combinations
2026-01-20 16:56:45,802 - crypto_analysis.vectorbt_optimizer.optimizer - INFO - Using grid sampler with 46 trials
2026-01-20 16:56:46,635 - crypto_analysis.vectorbt_optimizer.parallel_runner - INFO - ICP/MIDPRICE: score=-0.3691, params={'timeperiod': 50}
2026-01-20 16:56:46,642 - crypto_analysis.vectorbt_optimizer.optimizer - INFO - Optimizing SAREXT: 1 combinations
2026-01-20 16:56:46,642 - crypto_analysis.vectorbt_optimizer.optimizer - INFO - Using grid sampler with 1 trials
2026-01-20 16:56:46,699 - crypto_analysis.vectorbt_optimizer.parallel_runner - INFO - ICP/SAREXT: score=0.0000, params={'startvalue': 0.0, 'offsetonreverse': 0.0, 'accelerationinitlong': 0.01, 'accelerationlong': 0.01, 'accelerationmaxlong': 0.1, 'accelerationinitshort': 0.01, 'accelerationshort': 0.01, 'accelerationmaxshort': 0.1}
2026-01-20 16:56:46,703 - crypto_analysis.vectorbt_optimizer.optimizer - INFO - Optimizing OBV: 46 combinations
2026-01-20 16:56:46,704 - crypto_analysis.vectorbt_optimizer.optimizer - INFO - Using grid sampler with 46 trials
2026-01-20 16:56:47,179 - crypto_analysis.vectorbt_optimizer.parallel_runner - INFO - LDO/MIDPOINT: score=-0.4556, params={'timeperiod': 41}
2026-01-20 16:56:47,187 - crypto_analysis.vectorbt_optimizer.optimizer - INFO - Optimizing MIDPRICE: 46 combinations
2026-01-20 16:56:47,188 - crypto_analysis.vectorbt_optimizer.parallel_runner - INFO - CHZ/AD: score=-0.3124, params={'sma_period': 48}
2026-01-20 16:56:47,188 - crypto_analysis.vectorbt_optimizer.optimizer - INFO - Using grid sampler with 46 trials
2026-01-20 16:56:47,195 - crypto_analysis.vectorbt_optimizer.optimizer - INFO - Optimizing ADOSC: 144 combinations
2026-01-20 16:56:47,196 - crypto_analysis.vectorbt_optimizer.optimizer - INFO - Using grid sampler with 144 trials
2026-01-20 16:56:47,395 - crypto_analysis.vectorbt_optimizer.parallel_runner - INFO - ONE/MA: score=-0.6321, params={'timeperiod': 89, 'matype': 4}
2026-01-20 16:56:47,399 - crypto_analysis.vectorbt_optimizer.optimizer - INFO - Optimizing MAMA: 1 combinations
2026-01-20 16:56:47,400 - crypto_analysis.vectorbt_optimizer.optimizer - INFO - Using grid sampler with 1 trials
2026-01-20 16:56:47,437 - crypto_analysis.vectorbt_optimizer.parallel_runner - INFO - ONE/MAMA: score=-0.7744, params={'fastlimit': 0.1, 'slowlimit': 0.01}
2026-01-20 16:56:47,442 - crypto_analysis.vectorbt_optimizer.optimizer - INFO - Optimizing MIDPOINT: 46 combinations
2026-01-20 16:56:47,443 - crypto_analysis.vectorbt_optimizer.optimizer - INFO - Using grid sampler with 46 trials
2026-01-20 16:56:47,623 - crypto_analysis.vectorbt_optimizer.parallel_runner - INFO - IOTA/NATR: score=0.3849, params={'timeperiod': 20, 'entry_constant': 5.0}
2026-01-20 16:56:47,628 - crypto_analysis.vectorbt_optimizer.optimizer - INFO - Optimizing TRANGE: 3 combinations
2026-01-20 16:56:47,628 - crypto_analysis.vectorbt_optimizer.optimizer - INFO - Using grid sampler with 3 trials
2026-01-20 16:56:47,706 - crypto_analysis.vectorbt_optimizer.parallel_runner - INFO - IOTA/TRANGE: score=-0.6499, params={'entry_multiplier': 2.0, 'exit_multiplier': 0.3}
2026-01-20 16:56:47,714 - crypto_analysis.vectorbt_optimizer.optimizer - INFO - Optimizing HT_DCPERIOD: 961 combinations
2026-01-20 16:56:47,715 - crypto_analysis.vectorbt_optimizer.optimizer - INFO - Using tpe sampler with 1000 trials
2026-01-20 16:56:48,099 - crypto_analysis.vectorbt_optimizer.parallel_runner - INFO - ICP/OBV: score=-0.5371, params={'sma_period': 47}
2026-01-20 16:56:48,108 - crypto_analysis.vectorbt_optimizer.optimizer - INFO - Optimizing AD: 46 combinations
2026-01-20 16:56:48,109 - crypto_analysis.vectorbt_optimizer.optimizer - INFO - Using grid sampler with 46 trials
2026-01-20 16:56:48,509 - crypto_analysis.vectorbt_optimizer.parallel_runner - INFO - LDO/MIDPRICE: score=-0.1962, params={'timeperiod': 46}
2026-01-20 16:56:48,516 - crypto_analysis.vectorbt_optimizer.optimizer - INFO - Optimizing SAREXT: 1 combinations
2026-01-20 16:56:48,516 - crypto_analysis.vectorbt_optimizer.optimizer - INFO - Using grid sampler with 1 trials
2026-01-20 16:56:48,569 - crypto_analysis.vectorbt_optimizer.parallel_runner - INFO - LDO/SAREXT: score=0.0000, params={'startvalue': 0.0, 'offsetonreverse': 0.0, 'accelerationinitlong': 0.01, 'accelerationlong': 0.01, 'accelerationmaxlong': 0.1, 'accelerationinitshort': 0.01, 'accelerationshort': 0.01, 'accelerationmaxshort': 0.1}
2026-01-20 16:56:48,574 - crypto_analysis.vectorbt_optimizer.optimizer - INFO - Optimizing OBV: 46 combinations
2026-01-20 16:56:48,575 - crypto_analysis.vectorbt_optimizer.optimizer - INFO - Using grid sampler with 46 trials
2026-01-20 16:56:48,847 - crypto_analysis.vectorbt_optimizer.parallel_runner - INFO - ONE/MIDPOINT: score=-0.8316, params={'timeperiod': 40}
2026-01-20 16:56:48,853 - crypto_analysis.vectorbt_optimizer.optimizer - INFO - Optimizing MIDPRICE: 46 combinations
2026-01-20 16:56:48,854 - crypto_analysis.vectorbt_optimizer.optimizer - INFO - Using grid sampler with 46 trials
2026-01-20 16:56:49,527 - crypto_analysis.vectorbt_optimizer.parallel_runner - INFO - ICP/AD: score=-0.5960, params={'sma_period': 49}
2026-01-20 16:56:49,534 - crypto_analysis.vectorbt_optimizer.optimizer - INFO - Optimizing ADOSC: 144 combinations
2026-01-20 16:56:49,535 - crypto_analysis.vectorbt_optimizer.optimizer - INFO - Using grid sampler with 144 trials
2026-01-20 16:56:49,989 - crypto_analysis.vectorbt_optimizer.parallel_runner - INFO - LDO/OBV: score=-0.4502, params={'sma_period': 47}
2026-01-20 16:56:49,996 - crypto_analysis.vectorbt_optimizer.optimizer - INFO - Optimizing AD: 46 combinations
2026-01-20 16:56:49,997 - crypto_analysis.vectorbt_optimizer.optimizer - INFO - Using grid sampler with 46 trials
2026-01-20 16:56:50,263 - crypto_analysis.vectorbt_optimizer.parallel_runner - INFO - ONE/MIDPRICE: score=-0.8229, params={'timeperiod': 50}
2026-01-20 16:56:50,270 - crypto_analysis.vectorbt_optimizer.optimizer - INFO - Optimizing SAREXT: 1 combinations
2026-01-20 16:56:50,270 - crypto_analysis.vectorbt_optimizer.optimizer - INFO - Using grid sampler with 1 trials
2026-01-20 16:56:50,324 - crypto_analysis.vectorbt_optimizer.parallel_runner - INFO - ONE/SAREXT: score=0.0000, params={'startvalue': 0.0, 'offsetonreverse': 0.0, 'accelerationinitlong': 0.01, 'accelerationlong': 0.01, 'accelerationmaxlong': 0.1, 'accelerationinitshort': 0.01, 'accelerationshort': 0.01, 'accelerationmaxshort': 0.1}
2026-01-20 16:56:50,329 - crypto_analysis.vectorbt_optimizer.optimizer - INFO - Optimizing OBV: 46 combinations
2026-01-20 16:56:50,329 - crypto_analysis.vectorbt_optimizer.optimizer - INFO - Using grid sampler with 46 trials
2026-01-20 16:56:51,448 - crypto_analysis.vectorbt_optimizer.parallel_runner - INFO - LDO/AD: score=-0.0686, params={'sma_period': 46}
2026-01-20 16:56:51,455 - crypto_analysis.vectorbt_optimizer.optimizer - INFO - Optimizing ADOSC: 144 combinations
2026-01-20 16:56:51,456 - crypto_analysis.vectorbt_optimizer.optimizer - INFO - Using grid sampler with 144 trials
2026-01-20 16:56:51,742 - crypto_analysis.vectorbt_optimizer.parallel_runner - INFO - ONE/OBV: score=-0.6309, params={'sma_period': 49}
2026-01-20 16:56:51,749 - crypto_analysis.vectorbt_optimizer.optimizer - INFO - Optimizing AD: 46 combinations
2026-01-20 16:56:51,750 - crypto_analysis.vectorbt_optimizer.optimizer - INFO - Using grid sampler with 46 trials
2026-01-20 16:56:52,213 - crypto_analysis.vectorbt_optimizer.parallel_runner - INFO - ZIL/MA: score=-0.6563, params={'timeperiod': 91, 'matype': 4}
2026-01-20 16:56:52,217 - crypto_analysis.vectorbt_optimizer.optimizer - INFO - Optimizing MAMA: 1 combinations
2026-01-20 16:56:52,218 - crypto_analysis.vectorbt_optimizer.optimizer - INFO - Using grid sampler with 1 trials
2026-01-20 16:56:52,262 - crypto_analysis.vectorbt_optimizer.parallel_runner - INFO - ZIL/MAMA: score=-0.5375, params={'fastlimit': 0.1, 'slowlimit': 0.01}
2026-01-20 16:56:52,268 - crypto_analysis.vectorbt_optimizer.optimizer - INFO - Optimizing MIDPOINT: 46 combinations
2026-01-20 16:56:52,269 - crypto_analysis.vectorbt_optimizer.optimizer - INFO - Using grid sampler with 46 trials
2026-01-20 16:56:53,183 - crypto_analysis.vectorbt_optimizer.parallel_runner - INFO - ONE/AD: score=-0.7361, params={'sma_period': 38}
2026-01-20 16:56:53,190 - crypto_analysis.vectorbt_optimizer.optimizer - INFO - Optimizing ADOSC: 144 combinations
2026-01-20 16:56:53,191 - crypto_analysis.vectorbt_optimizer.optimizer - INFO - Using grid sampler with 144 trials
2026-01-20 16:56:53,637 - crypto_analysis.vectorbt_optimizer.parallel_runner - INFO - ZIL/MIDPOINT: score=-0.8325, params={'timeperiod': 19}
2026-01-20 16:56:53,643 - crypto_analysis.vectorbt_optimizer.optimizer - INFO - Optimizing MIDPRICE: 46 combinations
2026-01-20 16:56:53,644 - crypto_analysis.vectorbt_optimizer.optimizer - INFO - Using grid sampler with 46 trials
2026-01-20 16:56:54,268 - crypto_analysis.vectorbt_optimizer.parallel_runner - INFO - CHZ/ADOSC: score=0.0000, params={'fastperiod': 9, 'slowperiod': 9}
2026-01-20 16:56:54,281 - crypto_analysis.vectorbt_optimizer.optimizer - INFO - Optimizing ATR: 66 combinations
2026-01-20 16:56:54,282 - crypto_analysis.vectorbt_optimizer.optimizer - INFO - Using grid sampler with 66 trials
2026-01-20 16:56:55,025 - crypto_analysis.vectorbt_optimizer.parallel_runner - INFO - ZIL/MIDPRICE: score=-0.7977, params={'timeperiod': 50}
2026-01-20 16:56:55,032 - crypto_analysis.vectorbt_optimizer.optimizer - INFO - Optimizing SAREXT: 1 combinations
2026-01-20 16:56:55,032 - crypto_analysis.vectorbt_optimizer.optimizer - INFO - Using grid sampler with 1 trials
2026-01-20 16:56:55,080 - crypto_analysis.vectorbt_optimizer.parallel_runner - INFO - ZIL/SAREXT: score=0.0000, params={'startvalue': 0.0, 'offsetonreverse': 0.0, 'accelerationinitlong': 0.01, 'accelerationlong': 0.01, 'accelerationmaxlong': 0.1, 'accelerationinitshort': 0.01, 'accelerationshort': 0.01, 'accelerationmaxshort': 0.1}
2026-01-20 16:56:55,084 - crypto_analysis.vectorbt_optimizer.optimizer - INFO - Optimizing OBV: 46 combinations
2026-01-20 16:56:55,085 - crypto_analysis.vectorbt_optimizer.optimizer - INFO - Using grid sampler with 46 trials
2026-01-20 16:56:56,104 - crypto_analysis.vectorbt_optimizer.parallel_runner - INFO - CHZ/ATR: score=0.2679, params={'timeperiod': 7, 'stop_loss_multiplier': 3.5}
2026-01-20 16:56:56,110 - crypto_analysis.vectorbt_optimizer.optimizer - INFO - Optimizing NATR: 110 combinations
2026-01-20 16:56:56,111 - crypto_analysis.vectorbt_optimizer.optimizer - INFO - Using grid sampler with 110 trials
2026-01-20 16:56:56,533 - crypto_analysis.vectorbt_optimizer.parallel_runner - INFO - ZIL/OBV: score=-0.6714, params={'sma_period': 19}
2026-01-20 16:56:56,540 - crypto_analysis.vectorbt_optimizer.optimizer - INFO - Optimizing AD: 46 combinations
2026-01-20 16:56:56,541 - crypto_analysis.vectorbt_optimizer.optimizer - INFO - Using grid sampler with 46 trials
2026-01-20 16:56:56,851 - crypto_analysis.vectorbt_optimizer.parallel_runner - INFO - ICP/ADOSC: score=0.0000, params={'fastperiod': 9, 'slowperiod': 9}
2026-01-20 16:56:56,862 - crypto_analysis.vectorbt_optimizer.optimizer - INFO - Optimizing ATR: 66 combinations
2026-01-20 16:56:56,863 - crypto_analysis.vectorbt_optimizer.optimizer - INFO - Using grid sampler with 66 trials
2026-01-20 16:56:57,965 - crypto_analysis.vectorbt_optimizer.parallel_runner - INFO - ZIL/AD: score=-0.6014, params={'sma_period': 45}
2026-01-20 16:56:57,971 - crypto_analysis.vectorbt_optimizer.optimizer - INFO - Optimizing ADOSC: 144 combinations
2026-01-20 16:56:57,972 - crypto_analysis.vectorbt_optimizer.optimizer - INFO - Using grid sampler with 144 trials
2026-01-20 16:56:58,441 - crypto_analysis.vectorbt_optimizer.parallel_runner - INFO - LDO/ADOSC: score=0.0000, params={'fastperiod': 9, 'slowperiod': 9}
2026-01-20 16:56:58,453 - crypto_analysis.vectorbt_optimizer.optimizer - INFO - Optimizing ATR: 66 combinations
2026-01-20 16:56:58,454 - crypto_analysis.vectorbt_optimizer.optimizer - INFO - Using grid sampler with 66 trials
2026-01-20 16:56:58,688 - crypto_analysis.vectorbt_optimizer.parallel_runner - INFO - ICP/ATR: score=0.6153, params={'timeperiod': 28, 'stop_loss_multiplier': 3.5}
2026-01-20 16:56:58,693 - crypto_analysis.vectorbt_optimizer.optimizer - INFO - Optimizing NATR: 110 combinations
2026-01-20 16:56:58,693 - crypto_analysis.vectorbt_optimizer.optimizer - INFO - Using grid sampler with 110 trials
2026-01-20 16:56:59,522 - crypto_analysis.vectorbt_optimizer.parallel_runner - INFO - CHZ/NATR: score=0.5377, params={'timeperiod': 9, 'entry_constant': 3.0}
2026-01-20 16:56:59,527 - crypto_analysis.vectorbt_optimizer.optimizer - INFO - Optimizing TRANGE: 3 combinations
2026-01-20 16:56:59,527 - crypto_analysis.vectorbt_optimizer.optimizer - INFO - Using grid sampler with 3 trials
2026-01-20 16:56:59,619 - crypto_analysis.vectorbt_optimizer.parallel_runner - INFO - CHZ/TRANGE: score=-0.1117, params={'entry_multiplier': 3.0, 'exit_multiplier': 0.3}
2026-01-20 16:56:59,625 - crypto_analysis.vectorbt_optimizer.optimizer - INFO - Optimizing HT_DCPERIOD: 961 combinations
2026-01-20 16:56:59,626 - crypto_analysis.vectorbt_optimizer.optimizer - INFO - Using tpe sampler with 1000 trials
2026-01-20 16:57:00,194 - crypto_analysis.vectorbt_optimizer.parallel_runner - INFO - ONE/ADOSC: score=0.0000, params={'fastperiod': 9, 'slowperiod': 9}
2026-01-20 16:57:00,205 - crypto_analysis.vectorbt_optimizer.optimizer - INFO - Optimizing ATR: 66 combinations
2026-01-20 16:57:00,205 - crypto_analysis.vectorbt_optimizer.optimizer - INFO - Using grid sampler with 66 trials
2026-01-20 16:57:00,269 - crypto_analysis.vectorbt_optimizer.parallel_runner - INFO - LDO/ATR: score=0.3731, params={'timeperiod': 28, 'stop_loss_multiplier': 3.5}
2026-01-20 16:57:00,274 - crypto_analysis.vectorbt_optimizer.optimizer - INFO - Optimizing NATR: 110 combinations
2026-01-20 16:57:00,275 - crypto_analysis.vectorbt_optimizer.optimizer - INFO - Using grid sampler with 110 trials
2026-01-20 16:57:02,028 - crypto_analysis.vectorbt_optimizer.parallel_runner - INFO - ONE/ATR: score=-0.5442, params={'timeperiod': 14, 'stop_loss_multiplier': 2.5}
2026-01-20 16:57:02,034 - crypto_analysis.vectorbt_optimizer.optimizer - INFO - Optimizing NATR: 110 combinations
2026-01-20 16:57:02,035 - crypto_analysis.vectorbt_optimizer.optimizer - INFO - Using grid sampler with 110 trials
2026-01-20 16:57:02,055 - crypto_analysis.vectorbt_optimizer.parallel_runner - INFO - ICP/NATR: score=0.7818, params={'timeperiod': 14, 'entry_constant': 5.0}
2026-01-20 16:57:02,060 - crypto_analysis.vectorbt_optimizer.optimizer - INFO - Optimizing TRANGE: 3 combinations
2026-01-20 16:57:02,060 - crypto_analysis.vectorbt_optimizer.optimizer - INFO - Using grid sampler with 3 trials
2026-01-20 16:57:02,143 - crypto_analysis.vectorbt_optimizer.parallel_runner - INFO - ICP/TRANGE: score=-0.6146, params={'entry_multiplier': 1.0, 'exit_multiplier': 0.3}
2026-01-20 16:57:02,149 - crypto_analysis.vectorbt_optimizer.optimizer - INFO - Optimizing HT_DCPERIOD: 961 combinations
2026-01-20 16:57:02,150 - crypto_analysis.vectorbt_optimizer.optimizer - INFO - Using tpe sampler with 1000 trials
2026-01-20 16:57:03,567 - crypto_analysis.vectorbt_optimizer.parallel_runner - INFO - LDO/NATR: score=0.4137, params={'timeperiod': 18, 'entry_constant': 3.0}
2026-01-20 16:57:03,572 - crypto_analysis.vectorbt_optimizer.optimizer - INFO - Optimizing TRANGE: 3 combinations
2026-01-20 16:57:03,573 - crypto_analysis.vectorbt_optimizer.optimizer - INFO - Using grid sampler with 3 trials
2026-01-20 16:57:03,656 - crypto_analysis.vectorbt_optimizer.parallel_runner - INFO - LDO/TRANGE: score=-0.6953, params={'entry_multiplier': 1.0, 'exit_multiplier': 0.3}
2026-01-20 16:57:03,662 - crypto_analysis.vectorbt_optimizer.optimizer - INFO - Optimizing HT_DCPERIOD: 961 combinations
2026-01-20 16:57:03,663 - crypto_analysis.vectorbt_optimizer.optimizer - INFO - Using tpe sampler with 1000 trials
2026-01-20 16:57:05,319 - crypto_analysis.vectorbt_optimizer.parallel_runner - INFO - ONE/NATR: score=0.4504, params={'timeperiod': 26, 'entry_constant': 5.0}
2026-01-20 16:57:05,324 - crypto_analysis.vectorbt_optimizer.optimizer - INFO - Optimizing TRANGE: 3 combinations
2026-01-20 16:57:05,325 - crypto_analysis.vectorbt_optimizer.optimizer - INFO - Using grid sampler with 3 trials
2026-01-20 16:57:05,352 - crypto_analysis.vectorbt_optimizer.parallel_runner - INFO - ZIL/ADOSC: score=0.0000, params={'fastperiod': 9, 'slowperiod': 9}
2026-01-20 16:57:05,364 - crypto_analysis.vectorbt_optimizer.optimizer - INFO - Optimizing ATR: 66 combinations
2026-01-20 16:57:05,365 - crypto_analysis.vectorbt_optimizer.optimizer - INFO - Using grid sampler with 66 trials
2026-01-20 16:57:05,400 - crypto_analysis.vectorbt_optimizer.parallel_runner - INFO - ONE/TRANGE: score=-0.8644, params={'entry_multiplier': 3.0, 'exit_multiplier': 0.3}
2026-01-20 16:57:05,405 - crypto_analysis.vectorbt_optimizer.optimizer - INFO - Optimizing HT_DCPERIOD: 961 combinations
2026-01-20 16:57:05,406 - crypto_analysis.vectorbt_optimizer.optimizer - INFO - Using tpe sampler with 1000 trials
2026-01-20 16:57:07,152 - crypto_analysis.vectorbt_optimizer.parallel_runner - INFO - ZIL/ATR: score=-0.0477, params={'timeperiod': 7, 'stop_loss_multiplier': 3.5}
2026-01-20 16:57:07,158 - crypto_analysis.vectorbt_optimizer.optimizer - INFO - Optimizing NATR: 110 combinations
2026-01-20 16:57:07,159 - crypto_analysis.vectorbt_optimizer.optimizer - INFO - Using grid sampler with 110 trials
2026-01-20 16:57:10,449 - crypto_analysis.vectorbt_optimizer.parallel_runner - INFO - ZIL/NATR: score=0.3267, params={'timeperiod': 27, 'entry_constant': 4.0}
2026-01-20 16:57:10,453 - crypto_analysis.vectorbt_optimizer.optimizer - INFO - Optimizing TRANGE: 3 combinations
2026-01-20 16:57:10,454 - crypto_analysis.vectorbt_optimizer.optimizer - INFO - Using grid sampler with 3 trials
2026-01-20 16:57:10,543 - crypto_analysis.vectorbt_optimizer.parallel_runner - INFO - ZIL/TRANGE: score=-0.6764, params={'entry_multiplier': 3.0, 'exit_multiplier': 0.3}
2026-01-20 16:57:10,550 - crypto_analysis.vectorbt_optimizer.optimizer - INFO - Optimizing HT_DCPERIOD: 961 combinations
2026-01-20 16:57:10,551 - crypto_analysis.vectorbt_optimizer.optimizer - INFO - Using tpe sampler with 1000 trials
2026-01-20 16:57:14,223 - crypto_analysis.vectorbt_optimizer.parallel_runner - INFO - HBAR/HT_DCPERIOD: score=0.0732, params={'entry_constant': 11.955626356789843, 'exit_constant': 20.860678469763453}
2026-01-20 16:57:14,226 - crypto_analysis.vectorbt_optimizer.optimizer - INFO - Optimizing HT_DCPHASE: 8281 combinations
2026-01-20 16:57:14,227 - crypto_analysis.vectorbt_optimizer.optimizer - INFO - Using tpe sampler with 1000 trials
2026-01-20 16:57:21,620 - crypto_analysis.vectorbt_optimizer.parallel_runner - INFO - FIL/HT_DCPERIOD: score=0.4621, params={'entry_constant': 15.428666164709615, 'exit_constant': 30.285985449988186}
2026-01-20 16:57:21,624 - crypto_analysis.vectorbt_optimizer.optimizer - INFO - Optimizing HT_DCPHASE: 8281 combinations
2026-01-20 16:57:21,625 - crypto_analysis.vectorbt_optimizer.optimizer - INFO - Using tpe sampler with 1000 trials
2026-01-20 16:57:26,457 - crypto_analysis.vectorbt_optimizer.parallel_runner - INFO - IOTA/HT_DCPERIOD: score=0.0129, params={'entry_constant': 13.537847249628461, 'exit_constant': 21.45147055753461}
2026-01-20 16:57:26,461 - crypto_analysis.vectorbt_optimizer.optimizer - INFO - Optimizing HT_DCPHASE: 8281 combinations
2026-01-20 16:57:26,462 - crypto_analysis.vectorbt_optimizer.optimizer - INFO - Using tpe sampler with 1000 trials
2026-01-20 16:57:37,869 - crypto_analysis.vectorbt_optimizer.parallel_runner - INFO - CHZ/HT_DCPERIOD: score=1.0482, params={'entry_constant': 12.633014549548175, 'exit_constant': 37.989906307307436}
2026-01-20 16:57:37,872 - crypto_analysis.vectorbt_optimizer.optimizer - INFO - Optimizing HT_DCPHASE: 8281 combinations
2026-01-20 16:57:37,873 - crypto_analysis.vectorbt_optimizer.optimizer - INFO - Using tpe sampler with 1000 trials
2026-01-20 16:57:40,605 - crypto_analysis.vectorbt_optimizer.parallel_runner - INFO - ICP/HT_DCPERIOD: score=0.8991, params={'entry_constant': 13.935525291560145, 'exit_constant': 33.4548523003301}
2026-01-20 16:57:40,609 - crypto_analysis.vectorbt_optimizer.optimizer - INFO - Optimizing HT_DCPHASE: 8281 combinations
2026-01-20 16:57:40,610 - crypto_analysis.vectorbt_optimizer.optimizer - INFO - Using tpe sampler with 1000 trials
2026-01-20 16:57:42,281 - crypto_analysis.vectorbt_optimizer.parallel_runner - INFO - LDO/HT_DCPERIOD: score=0.4398, params={'entry_constant': 19.060814710427163, 'exit_constant': 21.08529856358918}
2026-01-20 16:57:42,285 - crypto_analysis.vectorbt_optimizer.optimizer - INFO - Optimizing HT_DCPHASE: 8281 combinations
2026-01-20 16:57:42,285 - crypto_analysis.vectorbt_optimizer.optimizer - INFO - Using tpe sampler with 1000 trials
2026-01-20 16:57:44,368 - crypto_analysis.vectorbt_optimizer.parallel_runner - INFO - ONE/HT_DCPERIOD: score=0.5978, params={'entry_constant': 12.147138272024229, 'exit_constant': 37.22077089851536}
2026-01-20 16:57:44,372 - crypto_analysis.vectorbt_optimizer.optimizer - INFO - Optimizing HT_DCPHASE: 8281 combinations
2026-01-20 16:57:44,372 - crypto_analysis.vectorbt_optimizer.optimizer - INFO - Using tpe sampler with 1000 trials
2026-01-20 16:57:49,916 - crypto_analysis.vectorbt_optimizer.parallel_runner - INFO - ZIL/HT_DCPERIOD: score=0.0662, params={'entry_constant': 11.575938426535211, 'exit_constant': 37.81440929803638}
2026-01-20 16:57:49,920 - crypto_analysis.vectorbt_optimizer.optimizer - INFO - Optimizing HT_DCPHASE: 8281 combinations
2026-01-20 16:57:49,921 - crypto_analysis.vectorbt_optimizer.optimizer - INFO - Using tpe sampler with 1000 trials
2026-01-20 16:58:07,160 - crypto_analysis.vectorbt_optimizer.parallel_runner - INFO - HBAR/HT_DCPHASE: score=0.2473, params={'entry_constant': -41.38545085979086, 'exit_constant': 39.30405919695758}
2026-01-20 16:58:07,171 - crypto_analysis.vectorbt_optimizer.optimizer - INFO - Optimizing HT_PHASOR: 1 combinations
2026-01-20 16:58:07,172 - crypto_analysis.vectorbt_optimizer.optimizer - INFO - Using grid sampler with 1 trials
2026-01-20 16:58:07,210 - crypto_analysis.vectorbt_optimizer.parallel_runner - INFO - HBAR/HT_PHASOR: score=-0.8883, params={}
2026-01-20 16:58:07,215 - crypto_analysis.vectorbt_optimizer.optimizer - INFO - Optimizing HT_SINE: 1 combinations
2026-01-20 16:58:07,215 - crypto_analysis.vectorbt_optimizer.optimizer - INFO - Using grid sampler with 1 trials
2026-01-20 16:58:07,269 - crypto_analysis.vectorbt_optimizer.parallel_runner - INFO - HBAR/HT_SINE: score=-0.6175, params={}
2026-01-20 16:58:07,282 - crypto_analysis.vectorbt_optimizer.optimizer - INFO - Optimizing HT_TRENDMODE: 1 combinations
2026-01-20 16:58:07,282 - crypto_analysis.vectorbt_optimizer.optimizer - INFO - Using grid sampler with 1 trials
2026-01-20 16:58:07,334 - crypto_analysis.vectorbt_optimizer.parallel_runner - INFO - HBAR/HT_TRENDMODE: score=-0.6637, params={}
2026-01-20 16:58:12,492 - crypto_analysis.vectorbt_optimizer.output_builder - INFO - Exported notebooks/csvs/HBAR_optimized.csv
2026-01-20 16:58:12,492 - crypto_analysis.vectorbt_optimizer.parallel_runner - INFO - Completed HBAR
2026-01-20 16:58:13,088 - crypto_analysis.vectorbt_optimizer.parallel_runner - INFO - FIL/HT_DCPHASE: score=0.0000, params={'entry_constant': -75.6893162654392, 'exit_constant': 36.777185175015966}
2026-01-20 16:58:13,098 - crypto_analysis.vectorbt_optimizer.optimizer - INFO - Optimizing HT_PHASOR: 1 combinations
2026-01-20 16:58:13,099 - crypto_analysis.vectorbt_optimizer.optimizer - INFO - Using grid sampler with 1 trials
2026-01-20 16:58:13,140 - crypto_analysis.vectorbt_optimizer.parallel_runner - INFO - FIL/HT_PHASOR: score=-0.9565, params={}
2026-01-20 16:58:13,145 - crypto_analysis.vectorbt_optimizer.optimizer - INFO - Optimizing HT_SINE: 1 combinations
2026-01-20 16:58:13,145 - crypto_analysis.vectorbt_optimizer.optimizer - INFO - Using grid sampler with 1 trials
2026-01-20 16:58:13,197 - crypto_analysis.vectorbt_optimizer.parallel_runner - INFO - FIL/HT_SINE: score=-0.7388, params={}
2026-01-20 16:58:13,210 - crypto_analysis.vectorbt_optimizer.optimizer - INFO - Optimizing HT_TRENDMODE: 1 combinations
2026-01-20 16:58:13,211 - crypto_analysis.vectorbt_optimizer.optimizer - INFO - Using grid sampler with 1 trials
2026-01-20 16:58:13,265 - crypto_analysis.vectorbt_optimizer.parallel_runner - INFO - FIL/HT_TRENDMODE: score=-0.8525, params={}
2026-01-20 16:58:18,482 - crypto_analysis.vectorbt_optimizer.output_builder - INFO - Exported notebooks/csvs/FIL_optimized.csv
2026-01-20 16:58:18,482 - crypto_analysis.vectorbt_optimizer.parallel_runner - INFO - Completed FIL
2026-01-20 16:58:18,720 - crypto_analysis.vectorbt_optimizer.parallel_runner - INFO - IOTA/HT_DCPHASE: score=0.1928, params={'entry_constant': -43.33755753985533, 'exit_constant': 36.91158166945228}
2026-01-20 16:58:18,731 - crypto_analysis.vectorbt_optimizer.optimizer - INFO - Optimizing HT_PHASOR: 1 combinations
2026-01-20 16:58:18,731 - crypto_analysis.vectorbt_optimizer.optimizer - INFO - Using grid sampler with 1 trials
2026-01-20 16:58:18,773 - crypto_analysis.vectorbt_optimizer.parallel_runner - INFO - IOTA/HT_PHASOR: score=-0.9245, params={}
2026-01-20 16:58:18,779 - crypto_analysis.vectorbt_optimizer.optimizer - INFO - Optimizing HT_SINE: 1 combinations
2026-01-20 16:58:18,780 - crypto_analysis.vectorbt_optimizer.optimizer - INFO - Using grid sampler with 1 trials
2026-01-20 16:58:18,841 - crypto_analysis.vectorbt_optimizer.parallel_runner - INFO - IOTA/HT_SINE: score=-0.4710, params={}
2026-01-20 16:58:18,854 - crypto_analysis.vectorbt_optimizer.optimizer - INFO - Optimizing HT_TRENDMODE: 1 combinations
2026-01-20 16:58:18,854 - crypto_analysis.vectorbt_optimizer.optimizer - INFO - Using grid sampler with 1 trials
2026-01-20 16:58:18,906 - crypto_analysis.vectorbt_optimizer.parallel_runner - INFO - IOTA/HT_TRENDMODE: score=-0.8664, params={}
2026-01-20 16:58:24,272 - crypto_analysis.vectorbt_optimizer.output_builder - INFO - Exported notebooks/csvs/IOTA_optimized.csv
2026-01-20 16:58:24,273 - crypto_analysis.vectorbt_optimizer.parallel_runner - INFO - Completed IOTA
2026-01-20 16:58:30,021 - crypto_analysis.vectorbt_optimizer.parallel_runner - INFO - CHZ/HT_DCPHASE: score=0.0000, params={'entry_constant': -47.74821160245236, 'exit_constant': 45.697940614719904}
2026-01-20 16:58:30,032 - crypto_analysis.vectorbt_optimizer.optimizer - INFO - Optimizing HT_PHASOR: 1 combinations
2026-01-20 16:58:30,033 - crypto_analysis.vectorbt_optimizer.optimizer - INFO - Using grid sampler with 1 trials
2026-01-20 16:58:30,071 - crypto_analysis.vectorbt_optimizer.parallel_runner - INFO - CHZ/HT_PHASOR: score=-0.9270, params={}
2026-01-20 16:58:30,076 - crypto_analysis.vectorbt_optimizer.optimizer - INFO - Optimizing HT_SINE: 1 combinations
2026-01-20 16:58:30,077 - crypto_analysis.vectorbt_optimizer.optimizer - INFO - Using grid sampler with 1 trials
2026-01-20 16:58:30,131 - crypto_analysis.vectorbt_optimizer.parallel_runner - INFO - CHZ/HT_SINE: score=-0.5571, params={}
2026-01-20 16:58:30,147 - crypto_analysis.vectorbt_optimizer.optimizer - INFO - Optimizing HT_TRENDMODE: 1 combinations
2026-01-20 16:58:30,148 - crypto_analysis.vectorbt_optimizer.optimizer - INFO - Using grid sampler with 1 trials
2026-01-20 16:58:30,202 - crypto_analysis.vectorbt_optimizer.parallel_runner - INFO - CHZ/HT_TRENDMODE: score=-0.7210, params={}
2026-01-20 16:58:31,758 - crypto_analysis.vectorbt_optimizer.parallel_runner - INFO - ICP/HT_DCPHASE: score=0.2199, params={'entry_constant': -44.24870344040245, 'exit_constant': 36.21662082549066}
2026-01-20 16:58:31,768 - crypto_analysis.vectorbt_optimizer.optimizer - INFO - Optimizing HT_PHASOR: 1 combinations
2026-01-20 16:58:31,769 - crypto_analysis.vectorbt_optimizer.optimizer - INFO - Using grid sampler with 1 trials
2026-01-20 16:58:31,806 - crypto_analysis.vectorbt_optimizer.parallel_runner - INFO - ICP/HT_PHASOR: score=-0.9217, params={}
2026-01-20 16:58:31,810 - crypto_analysis.vectorbt_optimizer.optimizer - INFO - Optimizing HT_SINE: 1 combinations
2026-01-20 16:58:31,811 - crypto_analysis.vectorbt_optimizer.optimizer - INFO - Using grid sampler with 1 trials
2026-01-20 16:58:31,861 - crypto_analysis.vectorbt_optimizer.parallel_runner - INFO - ICP/HT_SINE: score=-0.7541, params={}
2026-01-20 16:58:31,873 - crypto_analysis.vectorbt_optimizer.optimizer - INFO - Optimizing HT_TRENDMODE: 1 combinations
2026-01-20 16:58:31,873 - crypto_analysis.vectorbt_optimizer.optimizer - INFO - Using grid sampler with 1 trials
2026-01-20 16:58:31,925 - crypto_analysis.vectorbt_optimizer.parallel_runner - INFO - ICP/HT_TRENDMODE: score=-0.6094, params={}
2026-01-20 16:58:33,079 - crypto_analysis.vectorbt_optimizer.parallel_runner - INFO - LDO/HT_DCPHASE: score=0.1532, params={'entry_constant': -41.36074694717118, 'exit_constant': 1.1353250233453718}
2026-01-20 16:58:33,089 - crypto_analysis.vectorbt_optimizer.optimizer - INFO - Optimizing HT_PHASOR: 1 combinations
2026-01-20 16:58:33,089 - crypto_analysis.vectorbt_optimizer.optimizer - INFO - Using grid sampler with 1 trials
2026-01-20 16:58:33,126 - crypto_analysis.vectorbt_optimizer.parallel_runner - INFO - LDO/HT_PHASOR: score=-0.9444, params={}
2026-01-20 16:58:33,131 - crypto_analysis.vectorbt_optimizer.optimizer - INFO - Optimizing HT_SINE: 1 combinations
2026-01-20 16:58:33,131 - crypto_analysis.vectorbt_optimizer.optimizer - INFO - Using grid sampler with 1 trials
2026-01-20 16:58:33,182 - crypto_analysis.vectorbt_optimizer.parallel_runner - INFO - LDO/HT_SINE: score=-0.7602, params={}
2026-01-20 16:58:33,195 - crypto_analysis.vectorbt_optimizer.optimizer - INFO - Optimizing HT_TRENDMODE: 1 combinations
2026-01-20 16:58:33,195 - crypto_analysis.vectorbt_optimizer.optimizer - INFO - Using grid sampler with 1 trials
2026-01-20 16:58:33,245 - crypto_analysis.vectorbt_optimizer.parallel_runner - INFO - LDO/HT_TRENDMODE: score=-0.8468, params={}
2026-01-20 16:58:34,992 - crypto_analysis.vectorbt_optimizer.parallel_runner - INFO - ONE/HT_DCPHASE: score=0.0000, params={'entry_constant': -62.957105322707704, 'exit_constant': 2.0534413352716085}
2026-01-20 16:58:35,002 - crypto_analysis.vectorbt_optimizer.optimizer - INFO - Optimizing HT_PHASOR: 1 combinations
2026-01-20 16:58:35,003 - crypto_analysis.vectorbt_optimizer.optimizer - INFO - Using grid sampler with 1 trials
2026-01-20 16:58:35,040 - crypto_analysis.vectorbt_optimizer.parallel_runner - INFO - ONE/HT_PHASOR: score=-0.9658, params={}
2026-01-20 16:58:35,045 - crypto_analysis.vectorbt_optimizer.optimizer - INFO - Optimizing HT_SINE: 1 combinations
2026-01-20 16:58:35,045 - crypto_analysis.vectorbt_optimizer.optimizer - INFO - Using grid sampler with 1 trials
2026-01-20 16:58:35,096 - crypto_analysis.vectorbt_optimizer.parallel_runner - INFO - ONE/HT_SINE: score=-0.6907, params={}
2026-01-20 16:58:35,109 - crypto_analysis.vectorbt_optimizer.optimizer - INFO - Optimizing HT_TRENDMODE: 1 combinations
2026-01-20 16:58:35,109 - crypto_analysis.vectorbt_optimizer.optimizer - INFO - Using grid sampler with 1 trials
2026-01-20 16:58:35,159 - crypto_analysis.vectorbt_optimizer.parallel_runner - INFO - ONE/HT_TRENDMODE: score=-0.8738, params={}
2026-01-20 16:58:35,252 - crypto_analysis.vectorbt_optimizer.output_builder - INFO - Exported notebooks/csvs/CHZ_optimized.csv
2026-01-20 16:58:35,252 - crypto_analysis.vectorbt_optimizer.parallel_runner - INFO - Completed CHZ
2026-01-20 16:58:36,766 - crypto_analysis.vectorbt_optimizer.output_builder - INFO - Exported notebooks/csvs/ICP_optimized.csv
2026-01-20 16:58:36,766 - crypto_analysis.vectorbt_optimizer.parallel_runner - INFO - Completed ICP
2026-01-20 16:58:38,259 - crypto_analysis.vectorbt_optimizer.output_builder - INFO - Exported notebooks/csvs/LDO_optimized.csv
2026-01-20 16:58:38,259 - crypto_analysis.vectorbt_optimizer.parallel_runner - INFO - Completed LDO
2026-01-20 16:58:40,066 - crypto_analysis.vectorbt_optimizer.parallel_runner - INFO - ZIL/HT_DCPHASE: score=0.4216, params={'entry_constant': -41.96985883094233, 'exit_constant': 7.790832297650472}
2026-01-20 16:58:40,076 - crypto_analysis.vectorbt_optimizer.optimizer - INFO - Optimizing HT_PHASOR: 1 combinations
2026-01-20 16:58:40,077 - crypto_analysis.vectorbt_optimizer.optimizer - INFO - Using grid sampler with 1 trials
2026-01-20 16:58:40,113 - crypto_analysis.vectorbt_optimizer.parallel_runner - INFO - ZIL/HT_PHASOR: score=-0.9403, params={}
2026-01-20 16:58:40,118 - crypto_analysis.vectorbt_optimizer.optimizer - INFO - Optimizing HT_SINE: 1 combinations
2026-01-20 16:58:40,118 - crypto_analysis.vectorbt_optimizer.optimizer - INFO - Using grid sampler with 1 trials
2026-01-20 16:58:40,144 - crypto_analysis.vectorbt_optimizer.output_builder - INFO - Exported notebooks/csvs/ONE_optimized.csv
2026-01-20 16:58:40,145 - crypto_analysis.vectorbt_optimizer.parallel_runner - INFO - Completed ONE
2026-01-20 16:58:40,169 - crypto_analysis.vectorbt_optimizer.parallel_runner - INFO - ZIL/HT_SINE: score=-0.8455, params={}
2026-01-20 16:58:40,182 - crypto_analysis.vectorbt_optimizer.optimizer - INFO - Optimizing HT_TRENDMODE: 1 combinations
2026-01-20 16:58:40,182 - crypto_analysis.vectorbt_optimizer.optimizer - INFO - Using grid sampler with 1 trials
2026-01-20 16:58:40,232 - crypto_analysis.vectorbt_optimizer.parallel_runner - INFO - ZIL/HT_TRENDMODE: score=-0.8853, params={}
2026-01-20 16:58:45,101 - crypto_analysis.vectorbt_optimizer.output_builder - INFO - Exported notebooks/csvs/ZIL_optimized.csv
2026-01-20 16:58:45,101 - crypto_analysis.vectorbt_optimizer.parallel_runner - INFO - Completed ZIL
2026-01-20 16:58:45,251 - crypto_analysis.vectorbt_optimizer - INFO - Optimization complete. Processed 28 symbols.
2026-01-20 16:58:45,251 - __main__ - INFO - ============================================================
2026-01-20 16:58:45,251 - __main__ - INFO - Optimization Complete
2026-01-20 16:58:45,251 - __main__ - INFO - ============================================================
2026-01-20 16:58:45,251 - __main__ - INFO - Processed 28 symbols
2026-01-20 16:58:45,251 - __main__ - INFO -   ETH: 9202 rows, 198 columns
2026-01-20 16:58:45,251 - __main__ - INFO -   AVAX: 9202 rows, 198 columns
2026-01-20 16:58:45,251 - __main__ - INFO -   ATOM: 9202 rows, 198 columns
2026-01-20 16:58:45,251 - __main__ - INFO -   SOL: 9202 rows, 198 columns
2026-01-20 16:58:45,251 - __main__ - INFO -   BNB: 9202 rows, 198 columns
2026-01-20 16:58:45,251 - __main__ - INFO -   BTC: 9202 rows, 198 columns
2026-01-20 16:58:45,252 - __main__ - INFO -   DOT: 9202 rows, 198 columns
2026-01-20 16:58:45,252 - __main__ - INFO -   ADA: 9202 rows, 198 columns
2026-01-20 16:58:45,252 - __main__ - INFO -   XRP: 9202 rows, 198 columns
2026-01-20 16:58:45,252 - __main__ - INFO -   LINK: 9202 rows, 198 columns
2026-01-20 16:58:45,252 - __main__ - INFO -   OP: 9202 rows, 198 columns
2026-01-20 16:58:45,252 - __main__ - INFO -   ARB: 9202 rows, 198 columns
2026-01-20 16:58:45,252 - __main__ - INFO -   TRX: 9202 rows, 198 columns
2026-01-20 16:58:45,252 - __main__ - INFO -   LTC: 9202 rows, 198 columns
2026-01-20 16:58:45,252 - __main__ - INFO -   NEAR: 9202 rows, 198 columns
2026-01-20 16:58:45,252 - __main__ - INFO -   DOGE: 9202 rows, 198 columns
2026-01-20 16:58:45,252 - __main__ - INFO -   LRC: 9202 rows, 198 columns
2026-01-20 16:58:45,252 - __main__ - INFO -   XLM: 9202 rows, 198 columns
2026-01-20 16:58:45,252 - __main__ - INFO -   VET: 9202 rows, 198 columns
2026-01-20 16:58:45,252 - __main__ - INFO -   ALGO: 9202 rows, 198 columns
2026-01-20 16:58:45,252 - __main__ - INFO -   HBAR: 9202 rows, 198 columns
2026-01-20 16:58:45,252 - __main__ - INFO -   FIL: 9202 rows, 198 columns
2026-01-20 16:58:45,252 - __main__ - INFO -   IOTA: 9202 rows, 198 columns
2026-01-20 16:58:45,252 - __main__ - INFO -   CHZ: 9202 rows, 198 columns
2026-01-20 16:58:45,252 - __main__ - INFO -   ICP: 9202 rows, 198 columns
2026-01-20 16:58:45,253 - __main__ - INFO -   LDO: 9202 rows, 198 columns
2026-01-20 16:58:45,253 - __main__ - INFO -   ONE: 9202 rows, 198 columns
2026-01-20 16:58:45,253 - __main__ - INFO -   ZIL: 9202 rows, 198 columns
2026-01-20 16:58:45,253 - __main__ - INFO - 
Generated 28 CSV files in notebooks/csvs
